sub,name,lat,lon
1,ODESSA 2,31.8414,-102.315
2,PRESIDIO 2,29.888046,-104.519139
3,O DONNELL 1,32.926389,-101.647778
4,BIG SPRING 5,32.240278,-101.473611
5,VAN HORN,31.09348,-104.624514
6,IRAAN 2,30.976638,-102.257753
7,PRESIDIO 1,29.6,-104.3
8,SANDERSON,30.028067,-101.970461
9,MONAHANS 2,31.484586,-103.161046
10,GRANDFALLS,31.165245,-103.125868
11,MARFA,30.285296,-104.005761
12,GARDEN CITY,31.74325,-101.493407
13,ODESSA 4,31.725171,-102.413607
14,NOTREES,31.799171,-102.632933
15,MIDLAND 4,31.979427,-102.132366
16,BIG SPRING 1,31.9925,-101.1167
17,O DONNELL 2,32.929014,-101.578617
18,ODESSA 6,32.0015,-102.6337
19,BIG SPRINGS,32.039,-101.22
20,MIDLAND 2,32.321673,-102.042298
21,COAHOMA,32.875073,-101.208955
22,MIDLAND 3,31.992384,-102.081464
23,ALPINE,29.802094,-103.22236
24,FORT DAVIS,31.004969,-103.759065
25,MCCAMEY 1,31.219444,-102.19222
26,BIG SPRING 4,31.991442,-101.302637
27,CRANE,31.10409,-102.60625
28,ODESSA 5,31.799158,-102.47409
29,FORT STOCKTON 1,30.772575,-102.505808
30,ANDREWS,32.335729,-102.697303
31,FORSAN,32.1408,-101.3986
32,BIG LAKE,31.207988,-101.110787
33,MIDLAND 5,32.053604,-102.20166
34,OZONA,30.575618,-101.331239
35,MONAHANS 1,31.5839,-102.9633
36,STANTON,32.489818,-101.754488
37,ODONNELL,32.92701,-101.764414
38,LENORAH,32.2353,-101.8367
39,IRAAN 3,30.8847,-101.9208
40,BIG SPRING 6,32.273178,-101.422386
41,ODESSA 3,32.001129,-102.312423
42,BIG SPRING 3,32.100823,-101.451385
43,BIG SPRING 7,32.1217,-101.3853
44,MIDLAND 1,31.517628,-101.918007
45,IRAAN 1,30.9178,-102.0867
46,ODESSA 1,31.8403,-102.3264
47,FORT STOCKTON 2,30.807272,-102.355628
48,FORT STOCKTON 3,30.747459,-102.790792
49,BIG SPRING 2,31.9361,-101.2983
50,KERMIT,31.696251,-103.138992
51,PECOS,31.803547,-103.599914
52,SHEFFIELD,30.596998,-101.78453
53,MCCAMEY 2,31.2092,-102.2417
54,LAMESA,32.929648,-102.133506
55,GOLDSMITH,31.995,-102.828333
56,RALLS 2,33.658671,-101.531037
57,PARIS 3,33.63291,-95.39071
58,SAVOY,33.628143,-96.367605
59,HONEY GROVE,33.615167,-95.900109
60,MEMPHIS,34.857258,-100.512868
61,IOWA PARK,33.973297,-98.721096
62,VERNON 2,33.915315,-99.740278
63,PANHANDLE 2,35.238333,-101.310833
64,CHILDRESS,34.447226,-100.809848
65,FORESTBURG,33.471617,-97.445189
66,SHERMAN 3,33.627623,-96.767394
67,PANHANDLE 4,35.4275,-101.253056
68,WICHITA FALLS 6,33.943784,-98.523064
69,PARIS 2,33.6968,-95.5577
70,WICHITA FALLS 4,33.864515,-98.491046
71,WHEELER,35.830763,-100.765905
72,DEPORT,33.481551,-95.269247
73,WICHITA FALLS 3,34.004783,-98.388757
74,SILVERTON,34.432267,-101.237233
75,BONHAM,33.708311,-96.240654
76,MATADOR,33.710684,-100.384217
77,ARTHUR CITY,33.857868,-95.649137
78,LEONARD,33.500378,-96.146489
79,GORDONVILLE,33.830932,-96.839764
80,KNOX CITY,33.431837,-99.853667
81,WICHITA FALLS 7,33.894941,-98.54367
82,LINDSAY,33.54915,-97.32958
83,ECTOR,33.55352,-96.282897
84,SUNSET,33.455991,-97.751818
85,CLARKSVILLE,33.663063,-94.997258
86,PANHANDLE 3,35.386038,-101.578572
87,SADLER,33.737974,-96.839543
88,WHITESBORO,33.743893,-96.936121
89,SHEPPARD AFB,33.969523,-98.509016
90,POTTSBORO,33.800717,-96.725989
91,BELLS,33.623645,-96.427874
92,CROSBYTON,33.752201,-100.967402
93,ELECTRA,34.102943,-99.118746
94,PATTONVILLE,33.39167,-95.42519
95,HENRIETTA,33.75849,-98.202251
96,PANHANDLE 6,34.90076,-100.994549
97,BOWIE,33.520572,-97.95612
98,WICHITA FALLS 1,33.9133,-98.4931
99,WHITE DEER,35.4789,-101.2439
100,ROXTON,33.576823,-95.809701
101,VERNON 1,34.292913,-99.367734
102,DENISON 2,33.8181,-96.5692
103,SUMNER,33.745236,-95.744327
104,GAINESVILLE,33.661583,-97.17635
105,ASPERMONT,33.183064,-100.245133
106,WICHITA FALLS 5,33.799085,-98.50984
107,WINDTHORST,33.509722,-98.360833
108,HOWE,33.450768,-96.742245
109,ARCHER 2,33.493056,-98.581944
110,COLLINSVILLE,33.537706,-96.906575
111,JAYTON,32.96736,-100.56428
112,MUENSTER 1,33.733006,-97.428406
113,PADUCAH,33.994322,-100.287247
114,NOCONA,33.793074,-97.963802
115,DODD CITY,33.615539,-96.072156
116,WICHITA FALLS 2,33.8625,-98.5894
117,MONTAGUE,33.626904,-97.687873
118,SPUR,33.341053,-100.714732
119,ARCHER 1,33.495278,-98.5
120,ANNONA,33.498221,-94.890845
121,SEYMOUR,33.57824,-99.1921
122,DENISON 1,33.727126,-96.470794
123,PANHANDLE 5,35.3503,-101.54
124,RALLS 1,33.713671,-101.433811
125,SHERMAN 1,33.582573,-96.617893
126,WHITEWRIGHT,33.498186,-96.378894
127,SHERMAN 2,33.604131,-96.550405
128,ROCHESTER,33.345366,-99.624257
129,BURKBURNETT,34.103273,-98.622467
130,MUENSTER 2,33.703851,-97.372009
131,ARCHER CITY,33.527396,-98.884782
132,PETROLIA,34.008308,-98.25932
133,PARIS 1,33.6308,-95.59
134,BAGWELL,33.801868,-95.151966
135,TELEPHONE,33.778716,-95.996823
136,PANHANDLE 1,35.442778,-101.372778
137,VAN ALSTYNE,33.43566,-96.549913
138,TIOGA,33.464643,-96.892724
139,VALLEY VIEW,33.458028,-97.128552
140,MIAMI,35.653889,-100.538611
141,TRENTON,33.439125,-96.311485
142,HASKELL,33.186882,-99.595332
143,SAINT JO,33.741367,-97.535329
144,KERRVILLE,30.036701,-99.163039
145,SWEETWATER 4,32.3606,-100.3389
146,LEAKEY,29.64447,-99.682471
147,HAMLIN,32.857004,-100.124032
148,MERKEL 3,32.473621,-100.032723
149,COLEMAN,31.736902,-99.567791
150,SONORA,30.441414,-100.56062
151,CAMP WOOD,29.6747,-100.078588
152,LLANO,30.653746,-98.918266
153,WILLOW CITY,30.437069,-98.708714
154,ABILENE 4,32.335677,-99.667488
155,KINGSLAND,30.731599,-98.385422
156,ROSCOE 6,32.415212,-100.573539
157,BLACKWELL,32.255978,-100.320309
158,CHRISTOVAL,31.048557,-100.623114
159,LUEDERS,32.783669,-99.720186
160,COLORADO CITY,32.3358,-100.9156
161,STAMFORD,32.940911,-99.850964
162,ELDORADO,30.883539,-100.595464
163,SAN SABA,31.157093,-98.763991
164,ABILENE 2,32.6256,-99.4928
165,LOMETA,31.257224,-98.376742
166,SAN ANGELO 1,31.50972,-100.322075
167,TUSCOLA,32.274081,-99.826041
168,ABILENE 7,32.333551,-99.927724
169,SNYDER 1,32.631073,-101.008494
170,CHEROKEE,30.93982,-99.079893
171,RICHLAND SPRINGS,31.5481,-99.1872
172,ROSCOE 2,32.4694,-100.6664
173,BALLINGER,31.738576,-99.934162
174,SILVER,32.05,-100.6917
175,ROSCOE 5,32.3122,-100.5303
176,ANSON,32.796921,-99.880885
177,DEL RIO,29.83722,-101.212436
178,HUNT,30.095115,-99.628211
179,WINGATE,32.214024,-100.05712
180,STERLING CITY 1,31.951958,-101.018936
181,ROSCOE 4,32.199366,-100.491908
182,BRADY,31.176951,-99.616412
183,TRENT 1,32.4301,-100.235652
184,OVALO,32.120249,-99.753027
185,NOLAN,32.2878,-100.1
186,MILES,31.534768,-100.113803
187,BRACKETTVILLE 2,29.234722,-100.209167
188,MASON,30.843122,-99.570053
189,BRACKETTVILLE 3,29.395621,-100.439985
190,ABILENE 6,32.362783,-99.817314
191,HERMLEIGH,32.5886,-100.6728
192,MERKEL 1,32.318221,-100.176986
193,LORAINE 1,32.4375,-100.7444
194,ABILENE 1,32.5144,-99.6564
195,ROCKSPRINGS,29.988092,-100.286076
196,MERKEL 2,32.311556,-100.061589
197,FLUVANNA 2,32.94793,-101.147784
198,DYESS AFB,32.415823,-99.90623
199,HAWLEY,32.630473,-99.830642
200,BUCHANAN DAM 2,30.936768,-98.467066
201,ABILENE 3,32.576489,-99.665323
202,SWEETWATER 5,32.291861,-100.210748
203,BUCHANAN DAM 1,30.7507,-98.4176
204,INGRAM,30.159136,-99.345011
205,KEMPNER,31.088158,-98.01069
206,FLUVANNA 1,32.931944,-101.143611
207,STERLING CITY 2,31.951944,-100.791389
208,SAN ANGELO 2,31.268843,-100.563525
209,ROTAN,32.969722,-100.524167
210,SYNDER,32.718056,-100.793333
211,BRACKETTVILLE 1,29.325033,-100.391847
212,ROSCOE 1,32.4969,-100.5797
213,UVALDE,29.151012,-100.01587
214,FREDERICKSBURG,30.280938,-98.876683
215,ABILENE 5,32.462235,-99.715894
216,SABINAL,29.291845,-99.612368
217,SWEETWATER 2,32.290833,-100.4219
218,LORAINE 2,32.404869,-100.711396
219,ROSCOE 3,32.3983,-100.6481
220,SAN ANGELO 3,31.802748,-101.055625
221,TUSOCOLA,32.303889,-100.021667
222,EDEN,31.262546,-99.843961
223,SNYDER 2,32.7204,-100.9952
224,SWEETWATER 1,32.4081,-100.1286
225,MENARD,30.897544,-100.107479
226,WINTERS,31.858516,-100.165338
227,GOLDSBORO,32.052075,-99.69465
228,SWEETWATER 3,32.3472,-100.3703
229,GOODFELLOW AFB,31.289523,-100.15267
230,SANTA ANNA,31.515316,-99.380601
231,ROWENA,31.411505,-99.682323
232,TRENT 2,32.664859,-100.212875
233,JUNCTION,30.45867,-100.06915
234,LAMPASAS,31.102377,-98.25934
235,LAUGHLIN A F B,29.358523,-100.777486
236,EDINBURG 3,26.461461,-98.285881
237,LAREDO 7,27.833509,-99.685482
238,BRUNI 2,27.32,-99.0
239,MCALLEN 2,26.189433,-98.322929
240,POTEET,29.079849,-98.642309
241,SARITA 3,27.022112,-97.498478
242,HEBBRONVILLE,27.100448,-98.789966
243,PROGRESO,26.083177,-97.96214
244,EDINBURG 2,26.3403,-98.19
245,EAGLE PASS,28.476396,-100.276888
246,CHARLOTTE,28.790915,-98.717634
247,CORPUS CHRISTI 4,27.627121,-97.269242
248,WOODSBORO,28.197778,-97.444953
249,MERCEDES,26.090103,-97.798453
250,CORPUS CHRISTI 16,27.5925,-97.500833
251,EDCOUCH,26.376651,-97.993045
252,ENCINAL,28.041684,-99.399193
253,MOORE,28.941736,-98.851298
254,CHRISTINE,28.7044,-98.4775
255,MCALLEN 3,26.166944,-98.325
256,FANNIN,28.7128,-97.214167
257,SAN YGNACIO,27.128233,-99.33083
258,KINGSVILLE,27.444204,-97.865597
259,LAREDO 6,27.513811,-99.502143
260,HIDALGO,26.111189,-98.241746
261,CORPUS CHRISTI 18,27.811083,-97.595813
262,CRYSTAL CITY,28.888748,-99.562652
263,SINTON,28.2078,-97.522673
264,BEEVILLE,28.407712,-97.71062
265,MISSION 4,26.169846,-98.329793
266,SAN JUAN,26.230677,-98.114039
267,FALCON HEIGHTS 2,26.649,-99.0387
268,FALCON HEIGHTS 1,26.5575,-99.1642
269,LA JOYA,26.242813,-98.494493
270,SEBASTIAN 2,26.364843,-97.545341
271,BISHOP,27.5697,-97.8228
272,ARMSTRONG 2,26.911014,-97.773774
273,SKIDMORE,28.246189,-97.650894
274,CORPUS CHRISTI 9,27.819419,-97.392456
275,GREGORY,27.882778,-97.242778
276,CORPUS CHRISTI 2,27.81922,-97.535461
277,WESLACO,26.158622,-97.989155
278,HARLINGEN 1,26.179999,-97.725607
279,ELSA,26.296101,-98.0096
280,CORPUS CHRISTI 17,27.8175,-97.4814
281,BROWNSVILLE 2,25.943923,-97.317944
282,CORPUS CHRISTI 10,27.768021,-97.399135
283,MISSION 1,26.208,-98.3992
284,CORPUS CHRISTI 8,27.729894,-97.385247
285,MISSION 3,26.318913,-98.370054
286,CORPUS CHRISTI 3,27.6064,-97.3117
287,RIO HONDO,26.249888,-97.511842
288,CORPUS CHRISTI 5,27.695151,-97.269443
289,PHARR,26.149684,-98.189714
290,SANTA ROSA 1,26.269683,-97.867012
291,ODEM,27.992706,-97.743983
292,CORPUS CHRISTI 13,27.833756,-97.496523
293,LAREDO 3,27.634677,-99.258329
294,OLMITO,26.074676,-97.52318
295,EDINBURG 1,26.451111,-98.1775
296,TAFT 2,27.9386,-97.4586
297,PORT ISABEL,26.125979,-97.377599
298,DONNA,26.1619,-98.058657
299,INGLESIDE,27.88929,-97.258417
300,CORPUS CHRISTI 11,27.683277,-97.406289
301,LOS FRESNOS,26.235,-97.271778
302,HARLINGEN 2,26.232466,-97.823173
303,RIVIERA,27.139147,-97.90137
304,LAREDO 1,27.5667,-99.5089
305,JOURDANTON,28.764536,-98.48596
306,GEORGE WEST,28.257475,-98.143051
307,ROMA,26.523359,-99.017108
308,CORPUS CHRISTI 12,27.752006,-97.436501
309,SANTA MARIA,26.100103,-97.798453
310,MCALLEN 1,26.34172,-98.175759
311,CORPUS CHRISTI 7,27.662514,-97.371365
312,FALFURRIAS,26.880517,-98.216213
313,PETTUS,28.621959,-97.937625
314,BROWNSVILLE 3,25.988942,-97.443582
315,ALICE,27.65992,-98.07572
316,RIO GRANDE CITY,26.582929,-98.521632
317,PREMONT,27.634419,-98.496692
318,FREER,27.835918,-98.62897
319,PEARSALL,28.9377,-99.10765
320,SANDIA,28.093161,-97.962915
321,SARITA 1,27.223056,-97.789167
322,DILLEY,28.703396,-99.191188
323,ORANGE GROVE,27.986244,-98.060187
324,PORTLAND,27.892132,-97.384238
325,LAREDO 4,27.373543,-99.350596
326,THREE RIVERS,28.310347,-98.573186
327,ROCKPORT,28.120701,-97.19689
328,CORPUS CHRISTI 15,27.73963,-97.46682
329,ARMSTRONG 1,27.0011,-97.5994
330,PENITAS,26.321607,-98.476164
331,SULLIVAN CITY,26.253727,-98.567191
332,CORPUS CHRISTI 6,27.703573,-97.345045
333,MISSION 2,26.296434,-98.299977
334,CORPUS CHRISTI 1,27.819412,-97.419203
335,GRULLA,26.274827,-98.654824
336,SARITA 2,27.122529,-97.557372
337,HARGILL,26.477435,-97.921496
338,CORPUS CHRISTI 14,27.8139,-97.4283
339,MATHIS,28.170179,-97.817507
340,ARANSAS PASS,27.873028,-97.092196
341,SAN BENITO,26.106086,-97.629292
342,PLEASANTON,28.935779,-98.428996
343,REFUGIO,28.291147,-96.899059
344,LYTLE,29.203679,-98.776694
345,LAREDO 2,27.751747,-99.126085
346,BRUNI 1,27.576111,-98.905278
347,GOLIAD,28.568278,-97.579237
348,SAN DIEGO,27.849558,-98.385775
349,PORT ARANSAS,27.777437,-97.114983
350,TAFT 1,27.9958,-97.2967
351,SAN PERLITA,26.500883,-97.599064
352,ZAPATA,26.930929,-99.162765
353,SANTA ROSA 2,26.364153,-97.780439
354,COTULLA,28.293173,-99.214344
355,QUEMADO,28.951173,-100.593386
356,CARRIZO SPRINGS,28.524903,-99.50848
357,LAREDO 5,27.456115,-99.417339
358,RAYMONDVILLE,26.569308,-97.442331
359,BROWNSVILLE 1,25.94113,-97.53276
360,LEMING,29.070547,-98.48181
361,SEBASTIAN 1,26.34892,-97.6668
362,GARLAND 5,32.911702,-96.674838
363,KERENS,32.158265,-96.329632
364,LIPAN,32.527015,-98.008849
365,DALLAS 24,32.969699,-96.797334
366,DENTON 4,33.231569,-97.109882
367,ALBANY 2,32.790131,-99.24184
368,DALLAS 21,32.864887,-96.790359
369,PLANO 2,33.031561,-96.673164
370,THORNTON,31.299588,-96.608952
371,DENTON 5,33.214869,-97.209692
372,EARLY,31.842565,-98.805134
373,DECATUR,33.276319,-97.514178
374,KELLER 2,32.928037,-97.283914
375,PONDER,33.198704,-97.311628
376,JACKSBORO 1,33.052226,-98.328415
377,ALEDO 1,32.7206,-97.5142
378,GATESVILLE 4,31.417256,-97.755604
379,CLEBURNE 2,32.276663,-97.508356
380,FORT WORTH 14,32.639029,-97.335106
381,FORT WORTH 23,32.667305,-97.416615
382,FORT WORTH 1,32.823978,-97.048681
383,TROY,31.291151,-97.260738
384,SPRINGTOWN,32.853068,-97.6966
385,PRINCETON,33.151747,-96.483157
386,DALLAS 27,32.746823,-96.802681
387,DALLAS 1,32.648611,-96.644444
388,ROYSE CITY,32.945503,-96.375325
389,BOYD,33.041942,-97.597083
390,STEPHENVILLE,32.282235,-98.196717
391,MANSFIELD,32.503973,-97.188374
392,GREENVILLE 1,33.1707,-96.1264
393,PLANO 4,33.090085,-96.740008
394,GROESBECK,31.503056,-96.520013
395,GRAHAM,33.1344,-98.6117
396,MABANK 2,32.277759,-96.105332
397,ARLINGTON 1,32.775093,-97.14209
398,DALLAS 41,32.781246,-96.878831
399,WACO 3,31.576824,-97.127249
400,DALLAS 19,32.997373,-96.788213
401,BANGS,31.706204,-99.151374
402,PROSPER,33.241902,-96.807989
403,EVANT,31.553908,-98.049081
404,TERRELL 1,32.819566,-96.184835
405,AUBREY,33.273449,-96.990119
406,WACO 4,31.513756,-97.152983
407,LORENA,31.34904,-97.21786
408,FORT HOOD,31.114983,-97.845111
409,ARLINGTON 5,32.692105,-97.086517
410,MCKINNEY 3,33.172033,-96.69627
411,DALLAS 38,32.665618,-96.873056
412,ARLINGTON 9,32.719328,-97.155028
413,MILFORD,32.139,-97.06
414,CLIFTON 1,31.8594,-97.3586
415,DALLAS 15,32.831279,-96.771191
416,FROST,32.038687,-96.807932
417,GRANDVIEW,32.280923,-97.16076
418,HASLET,32.986624,-97.377255
419,BARDWELL,32.23256,-96.706121
420,LAKE DALLAS,33.110351,-97.005469
421,PLANO 1,33.021793,-96.615482
422,EULESS 2,32.814107,-97.091323
423,FORT WORTH 24,32.581858,-97.420575
424,FLOWER MOUND 2,33.03489,-97.124906
425,DALLAS 11,32.770635,-96.746362
426,COMANCHE,31.891101,-98.614553
427,RICHARDSON 2,32.976063,-96.74208
428,FORT WORTH 8,32.620058,-97.274934
429,IRVING 1,32.9192,-96.9894
430,DALLAS 44,32.636077,-96.964622
431,LANCASTER 1,32.562744,-96.752161
432,PALO PINTO 2,32.764096,-98.276879
433,ADDISON,32.960047,-96.838522
434,HICO,32.001481,-97.8826
435,KRUM,33.310446,-97.369773
436,KAUFMAN,32.568801,-96.255103
437,CADDO MILLS,33.16114,-96.239739
438,PLANO 7,33.034225,-96.811607
439,FORT WORTH 5,32.691147,-97.262625
440,BAIRD,32.428686,-99.159114
441,PERRIN,33.014983,-98.053654
442,BROWNWOOD,31.748303,-99.032891
443,DALLAS 6,32.841987,-96.702574
444,MARLIN,31.202394,-96.814239
445,ARLINGTON 6,32.784952,-97.100052
446,DALLAS 8,32.912633,-96.736637
447,JONESBORO,31.769003,-97.804426
448,DALLAS 33,32.753141,-96.839613
449,GOLDTHWAITE 2,31.5481,-98.49491
450,PLANO 5,33.021268,-96.741558
451,BELTON,31.051688,-97.499909
452,TOLAR,32.362649,-97.924354
453,BRECKENRIDGE,32.804272,-98.892466
454,EASTLAND,32.495875,-98.66402
455,COOPER,33.457143,-95.667897
456,WACO 1,31.475671,-97.083854
457,DALLAS 42,32.923189,-96.891721
458,GATESVILLE 1,31.486416,-97.706884
459,ANNA,33.321734,-96.378479
460,MOODY,31.285086,-97.390061
461,FORT WORTH 2,32.775915,-97.180963
462,WACO 6,31.627123,-97.215893
463,GRAND PRAIRIE 1,32.72944,-96.996462
464,ROWLETT 2,32.938077,-96.556367
465,PLANO 6,33.075422,-96.802686
466,IRVING 5,32.874833,-96.996735
467,DALLAS 7,32.878497,-96.707819
468,BRYSON 2,33.276426,-98.382374
469,MORGAN,31.988989,-97.52976
470,SACHSE,32.969008,-96.580883
471,PARADISE,33.098727,-97.723422
472,RIO VISTA,32.116002,-97.343521
473,STRAWN,32.759373,-98.666449
474,MAY,31.931233,-98.927404
475,DESOTO,32.599427,-96.864075
476,MESQUITE 2,32.771707,-96.616717
477,ROSEBUD,31.029028,-96.934783
478,DENTON 2,33.208811,-97.055133
479,DALLAS 4,32.824924,-96.679438
480,AXTELL,31.661047,-96.955129
481,NOLANVILLE,31.075955,-97.604369
482,DENTON 1,33.1975,-97.1061
483,DALLAS 39,32.868529,-96.876118
484,DUBLIN 1,32.338659,-98.476051
485,MERTENS,32.043976,-96.91458
486,WEATHERFORD 1,32.682733,-97.782298
487,PLANO 3,33.056756,-96.730831
488,MALONE,31.8932,-96.8751
489,DENTON 3,33.149467,-97.096016
490,GRAFORD,32.904994,-98.324274
491,ARLINGTON 8,32.635563,-97.148829
492,ROCKWALL 1,32.851681,-96.43617
493,CORSICANA 2,32.067483,-96.585136
494,GARLAND 2,32.928902,-96.619782
495,GATESVILLE 2,31.476579,-97.728745
496,CARROLLTON 3,32.962473,-96.89817
497,FORT WORTH 26,32.775409,-97.435599
498,RHOME,33.093365,-97.462793
499,VENUS,32.452281,-97.072628
500,OLNEY 2,33.250203,-98.925556
501,CARROLLTON 1,33.050164,-96.87454
502,DALLAS 20,32.802132,-96.788852
503,GORDON,32.587603,-98.333604
504,MERIDIAN,31.916215,-97.710123
505,KILLEEN 4,30.936006,-97.934579
506,DUNCANVILLE 1,32.66066,-96.911882
507,ARGYLE,33.114675,-97.173782
508,BRYSON 1,33.205801,-98.365069
509,FORT WORTH 12,32.759104,-97.329756
510,MINERAL WELLS,32.799602,-98.126806
511,COOLIDGE,31.710422,-96.818676
512,RICE,32.229113,-96.475509
513,DALLAS 35,32.999309,-96.841688
514,POOLVILLE,33.101,-97.9574
515,WALNUT SPRINGS,32.083522,-97.736712
516,BEDFORD 2,32.830658,-97.145157
517,HUBBARD,31.848506,-96.807276
518,FERRIS,32.439873,-96.678049
519,GARLAND 4,32.880196,-96.651555
520,DALLAS 32,32.711405,-96.838591
521,PILOT POINT,33.371246,-96.933242
522,FORT WORTH 6,32.724047,-97.269432
523,NORTH RICHLAND HILLS 2,32.840011,-97.225295
524,JUSTIN,33.099993,-97.340499
525,SCURRY,32.533273,-96.428985
526,SANGER,33.373051,-97.213359
527,KILLEEN 1,31.149208,-97.633196
528,MABANK 1,32.436676,-96.079558
529,MEXIA,31.654919,-96.468137
530,CARROLLTON 2,33.005262,-96.896742
531,NEVADA,33.030354,-96.357203
532,ZEPHYR,31.686677,-98.776277
533,TERRELL 2,32.758408,-96.301323
534,DALLAS 14,32.665447,-96.759451
535,DALLAS 13,32.750602,-96.756846
536,DALLAS 28,32.811847,-96.812903
537,HAMILTON,31.738177,-98.213739
538,ARLINGTON 7,32.692186,-97.133304
539,EULESS 1,32.860285,-97.086028
540,FRISCO 1,33.163129,-96.790192
541,SALADO,30.925736,-97.59865
542,OLNEY 1,33.383611,-98.711944
543,GOLDTHWAITE 1,31.383333,-98.466667
544,FORT WORTH 22,32.70065,-97.386965
545,GRAPEVINE,32.925765,-97.071545
546,GLEN ROSE 2,32.208483,-97.795247
547,KOPPERL,32.117538,-97.575601
548,BEDFORD 1,32.852971,-97.130443
549,FORT WORTH 29,32.787009,-97.523856
550,DALLAS 5,32.767119,-96.689321
551,GRAND PRAIRIE 2,32.776671,-97.009389
552,DALLAS 22,32.902679,-96.793393
553,FLOWER MOUND 1,33.03271,-97.06007
554,ROANOKE,33.009335,-97.22672
555,MILLSAP,32.704456,-97.993148
556,FORRESTON,32.237512,-96.842324
557,ITALY,32.177712,-96.85118
558,FORNEY,32.7563,-96.4916
559,LAVON,33.068055,-96.452481
560,GLEN ROSE 1,32.298365,-97.785515
561,DE LEON,32.298594,-98.552257
562,KELLER 1,32.924009,-97.225148
563,CEDAR HILL,32.580181,-96.964675
564,MC GREGOR,31.409518,-97.531134
565,COMMERCE,33.316269,-95.788968
566,MIDLOTHIAN 2,32.467194,-97.054333
567,WEST,31.816191,-97.243292
568,BARTLETT,30.789254,-97.291628
569,DALLAS 16,32.792496,-96.772763
570,COPPELL,32.963417,-96.984664
571,WILMER,32.605192,-96.674333
572,DAWSON,31.85346,-96.624458
573,MART,31.468564,-96.794168
574,LITTLE ELM,33.176495,-96.950551
575,TEMPLE 2,31.075303,-97.252433
576,TEMPLE 1,31.055833,-97.317222
577,QUINLAN,32.986,-96.085998
578,CHICO,33.315883,-97.857678
579,DUBLIN 2,32.075301,-98.34862
580,ARLINGTON 2,32.59121,-97.039429
581,WOLFE CITY,33.420872,-95.945707
582,DALLAS 26,32.944622,-96.801792
583,WHITNEY,31.8694,-97.3667
584,FORT WORTH 25,32.913522,-97.433835
585,FORT WORTH 27,32.847326,-97.482178
586,JOSHUA,32.425936,-97.539874
587,DALLAS 12,32.873485,-96.747539
588,MCKINNEY 1,33.166944,-96.601666
589,ALLEN 1,33.089587,-96.607767
590,ALEDO 2,32.695708,-97.631482
591,THE COLONY,33.070292,-96.912391
592,SUNNYVALE,32.8358,-96.5458
593,DALLAS 10,32.828651,-96.745951
594,FORT WORTH 4,32.868421,-97.252132
595,DALLAS 30,32.84831,-96.825474
596,AZLE,32.900196,-97.561179
597,HUTCHINS,32.63852,-96.695516
598,VALLEY MILLS,31.662159,-97.506079
599,DENTON 6,33.261505,-97.238057
600,MESQUITE 3,32.817309,-96.630277
601,GRANBURY 1,32.337679,-97.734612
602,DALLAS 2,32.7231,-96.9358
603,MOUNT CALM,31.77471,-96.828196
604,RIESEL 2,31.346717,-97.082774
605,DALLAS 17,32.711324,-96.781215
606,ARLINGTON 4,32.754272,-97.083196
607,CELINA,33.338899,-96.752977
608,FORT WORTH 16,32.904444,-97.386111
609,RED OAK,32.521773,-96.807315
610,CLYDE,32.2664,-99.518879
611,IRVING 2,32.885259,-96.942108
612,ROWLETT 1,32.897846,-96.550385
613,JACKSBORO 2,33.143056,-98.161111
614,GRANBURY 3,32.56207,-97.631011
615,SOUTHLAKE,32.959922,-97.148582
616,DALLAS 29,32.786796,-96.819971
617,LEWISVILLE 1,33.068473,-96.963806
618,DALLAS 36,32.893295,-96.864339
619,HILLSBORO,32.022461,-97.133361
620,FORT WORTH 15,32.707831,-97.338265
621,CISCO,32.556004,-99.164736
622,ITASCA,32.18398,-97.07141
623,LANCASTER 2,32.617663,-96.778058
624,GARLAND 1,32.857617,-96.576325
625,DALLAS 9,32.792244,-96.744003
626,DUNCANVILLE 2,32.643212,-96.916468
627,MESQUITE 1,32.725663,-96.558988
628,MAYPEARL,32.302367,-97.037219
629,GARLAND 3,32.964607,-96.649686
630,ALLEN 2,33.114327,-96.693964
631,RIESEL 1,31.474378,-96.957149
632,BRIDGEPORT,33.1964,-97.9208
633,LEWISVILLE 2,33.081367,-97.061017
634,SEAGOVILLE,32.552083,-96.539931
635,DALLAS 31,32.925283,-96.8368
636,HALTOM CITY,32.803436,-97.267376
637,BALCH SPRINGS,32.716601,-96.620085
638,FORT WORTH 13,32.6785,-97.330511
639,DALLAS 43,32.676238,-96.936565
640,KILLEEN 2,31.112884,-97.729602
641,WACO 5,31.539723,-97.195009
642,FORT WORTH 9,32.859685,-97.291523
643,ENNIS,32.32,-96.675
644,DALLAS 3,32.710306,-96.678549
645,RICHARDSON 1,32.991557,-96.663063
646,FORT WORTH 21,32.742058,-97.38173
647,WACO 2,31.620954,-97.09851
648,ROGERS,30.998647,-97.259017
649,CHINA SPRING,31.694792,-97.374883
650,ALBANY 1,32.7683,-99.4228
651,MCKINNEY 2,33.245879,-96.631295
652,GRANBURY 2,32.33422,-97.731686
653,CLIFTON 2,31.819958,-97.517494
654,FARMERSVILLE,33.174219,-96.356004
655,ARLINGTON 10,32.689222,-97.18913
656,KILLEEN 3,31.009641,-97.746417
657,WYLIE,33.012135,-96.534936
658,PALO PINTO 1,32.6581,-98.3103
659,FORT WORTH 10,32.975361,-97.310486
660,JOSEPHINE,33.066219,-96.309004
661,LEWSIVILLE,33.019646,-96.961986
662,DALLAS 40,32.813576,-96.878036
663,KEMP,32.366686,-96.245039
664,WAXAHACHIE 2,32.360829,-96.915523
665,HURST,32.8172,-97.180586
666,FORT WORTH 18,32.816503,-97.359532
667,WEATHERFORD 2,32.754964,-97.791085
668,ROCKWALL 2,32.943901,-96.452875
669,WEATHERFORD 3,32.848403,-97.903219
670,FORT WORTH 3,32.7283,-97.2192
671,NEWARK,33.00085,-97.444409
672,SANTO,32.600503,-98.17276
673,DALLAS 18,32.930338,-96.787496
674,ELM MOTT,31.696619,-97.073707
675,FORT WORTH 17,32.7811,-97.354585
676,WAXAHACHIE 1,32.372201,-96.784944
677,ARLINGTON 3,32.722844,-97.080239
678,FORT WORTH 20,32.652918,-97.379538
679,FORT WORTH 7,32.749099,-97.272957
680,FORT WORTH 11,32.728688,-97.317801
681,MIDLOTHIAN 1,32.4302,-97.0537
682,HEWITT,31.453501,-97.195339
683,ARLINGTON 11,32.639649,-97.217476
684,GRAND PRAIRIE 3,32.664953,-97.024692
685,MELISSA,33.285118,-96.566247
686,COPPERAS COVE,31.219045,-97.968224
687,CLEBURNE 1,32.3994,-97.4078
688,GREENVILLE 2,33.004305,-96.075913
689,ALVORD,33.372433,-97.669953
690,GORMAN,32.116953,-98.98514
691,COLLEYVILLE,32.891787,-97.149641
692,HOLLAND,30.884326,-97.378809
693,TEMPLE 3,31.137885,-97.373626
694,DALLAS 34,32.660862,-96.840948
695,IRVING 4,32.825907,-96.966915
696,FRISCO 2,33.146336,-96.856347
697,GATESVILLE 3,31.467983,-97.735272
698,DALLAS 25,32.787742,-96.79939
699,DALLAS 37,32.703913,-96.871889
700,FORT WORTH 19,32.708639,-97.363495
701,WOODWAY,31.529664,-97.260442
702,MINGUS,32.371306,-98.377389
703,THROCKMORTON,33.169139,-99.266006
704,NEMO,32.266222,-97.655141
705,ABBOTT,31.86976,-97.01498
706,ALVARADO,32.414944,-97.196367
707,CORSICANA 1,32.043193,-96.350943
708,HARKER HEIGHTS,31.050856,-97.644625
709,IRVING 3,32.796608,-96.954903
710,BURLESON,32.532666,-97.306547
711,FORT WORTH 28,32.63587,-97.503481
712,DALLAS 23,32.835893,-96.795514
713,NORTH RICHLAND HILLS 1,32.88659,-97.208384
714,CROSS PLAINS,32.006925,-99.290758
715,BLOOMING GROVE,32.122927,-96.723661
716,CONVERSE,29.47982,-98.29926
717,SAN ANTONIO 46,29.65235,-98.656213
718,BASTROP,30.1456,-97.2708
719,MARION 2,29.600453,-98.047576
720,PAIGE,30.303885,-97.218899
721,SAN ANTONIO 42,29.371436,-98.593411
722,WAELDER,29.700745,-97.301328
723,ATASCOSA,29.283035,-98.737267
724,SAN ANTONIO 40,29.460646,-98.571279
725,CIBOLO,29.575004,-98.220552
726,AUSTIN 6,30.228276,-97.618833
727,AUSTIN 25,30.293268,-97.76605
728,HORSESHOE BAY,30.558,-98.3721
729,LEANDER 1,30.562551,-97.907897
730,AUSTIN 10,30.304265,-97.685722
731,SAN ANTONIO 31,29.590028,-98.525262
732,SAN ANTONIO 49,29.341337,-98.705628
733,ELGIN,30.41432,-97.35518
734,AUSTIN 31,30.216168,-97.856006
735,RUNGE,28.952237,-97.887161
736,YOAKUM,29.202338,-97.076333
737,AUSTIN 37,30.319748,-97.958224
738,PFLUGERVILLE,30.41217,-97.57405
739,SAN ANTONIO 12,29.585862,-98.406811
740,AUSTIN 3,30.293424,-97.784408
741,SAN ANTONIO 48,29.462006,-98.676785
742,SAN ANTONIO 19,29.4151,-98.459123
743,SAN ANTONIO 2,29.5889,-98.6139
744,BERGHEIM,29.903262,-98.556446
745,NEW BRAUNFELS 2,29.696878,-98.070726
746,D HANIS,29.285285,-99.329182
747,SAN ANTONIO 24,29.697453,-98.486728
748,AUSTIN 7,30.382481,-97.673467
749,BRENHAM,30.215075,-96.410272
750,BERTRAM,30.773295,-98.04518
751,MARION 1,29.6244,-98.1419
752,LA GRANGE,29.9172,-96.7506
753,MARBLE FALLS 1,30.555288,-98.257593
754,ROUND ROCK 1,30.557044,-97.690286
755,WIMBERLEY,30.034449,-98.142776
756,GONZALES,29.476954,-97.448924
757,SAN ANTONIO 11,29.690514,-98.401812
758,SAN ANTONIO 14,29.627214,-98.427068
759,HUTTO,30.560042,-97.546124
760,LULING,29.69611,-97.470663
761,SAN ANTONIO 21,29.588638,-98.474585
762,AUSTIN 12,30.38798,-97.706853
763,SAN ANTONIO 15,29.460597,-98.438554
764,ADKINS,29.353553,-98.238308
765,WINCHESTER,30.02547,-96.9945
766,ROCKDALE 1,30.565871,-97.064032
767,NATALIA,29.1998,-98.842165
768,AUSTIN 20,30.270569,-97.742589
769,SAN ANTONIO 43,29.471464,-98.617755
770,SAN ANTONIO 5,29.556038,-98.360283
771,TAYLOR,30.41477,-97.35701
772,SMITHVILLE,30.013899,-97.182148
773,CEDAR PARK,30.503949,-97.8242
774,SAN ANTONIO 25,29.537264,-98.487882
775,HALLETTSVILLE,29.380036,-96.836189
776,AUSTIN 5,30.355657,-97.644682
777,NEW BRAUNFELS 3,29.758823,-98.190462
778,SUTHERLAND SPRINGS,29.293499,-98.057016
779,AUSTIN 34,30.178419,-97.888662
780,CAMERON,30.891129,-96.907601
781,SAN ANTONIO 35,29.305467,-98.531136
782,MEDINA,29.678291,-99.316592
783,MANCHACA,30.132806,-97.874687
784,SPRING BRANCH,29.89476,-98.390967
785,AUSTIN 19,30.32223,-97.740167
786,FLATONIA,29.727617,-97.15845
787,GRANGER,30.710857,-97.413885
788,FAYETTEVILLE,30.043016,-96.699188
789,GEORGETOWN 2,30.647924,-97.753177
790,AUSTIN 35,30.3899,-97.9073
791,PIPE CREEK,29.689692,-98.911216
792,RED ROCK,29.844013,-97.357996
793,JARRELL,30.818633,-97.502485
794,SAN ANTONIO 1,29.4289,-98.3433
795,SAN ANTONIO 36,29.545289,-98.556564
796,SCHULENBURG,29.686278,-96.933605
797,SAN ANTONIO 22,29.257046,-98.384045
798,DRIPPING SPRINGS,30.224134,-98.134815
799,SAN ANTONIO 26,29.271667,-98.444722
800,MARBLE FALLS 3,30.581216,-98.208732
801,BOERNE 1,29.747683,-98.65027
802,WASHINGTON,30.286936,-96.189365
803,SCHERTZ,29.547068,-98.262642
804,AUSTIN 8,30.269969,-97.683557
805,SEGUIN 1,29.593056,-97.973215
806,SAN ANTONIO 45,29.43445,-98.61765
807,SAN ANTONIO 52,29.357251,-98.886655
808,CUERO 2,29.097035,-97.282413
809,SAN ANTONIO 10,29.49163,-98.397127
810,AUSTIN 16,30.2867,-97.7356
811,AUSTIN 39,30.111915,-98.033573
812,SAN ANTONIO 51,29.537782,-98.734752
813,SAN ANTONIO 41,29.660485,-98.583454
814,LA VERNIA,29.350393,-98.10703
815,MANOR,30.339696,-97.523512
816,SAN ANTONIO 38,29.3525,-98.5761
817,GIDDINGS,30.167624,-96.923038
818,AUSTIN 32,30.268138,-97.86919
819,AUSTIN 38,30.261084,-97.959435
820,AUSTIN 30,30.430749,-97.840085
821,AUSTIN 28,30.418557,-97.802545
822,COLUMBUS,29.695979,-96.42546
823,SHINER,29.5649,-97.083825
824,SAN ANTONIO 3,29.620088,-98.334481
825,CALDWELL,30.541565,-96.676232
826,AUSTIN 18,30.126966,-97.739969
827,INDUSTRY,30.024253,-96.451051
828,DALE,29.940066,-97.568294
829,SAN ANTONIO 37,29.501708,-98.569451
830,SAN ANTONIO 18,29.43993,-98.458718
831,SAN ANTONIO 33,29.387986,-98.526019
832,MARTINDALE,29.659595,-97.785202
833,SAN ANTONIO 17,29.488906,-98.456235
834,SAN ANTONIO 23,29.44123,-98.480515
835,AUSTIN 29,30.16711,-97.823998
836,LEXINGTON,30.354823,-96.840158
837,LEANDER 2,30.449996,-97.971806
838,AUSTIN 15,30.429937,-97.717796
839,MICO,29.501055,-98.853494
840,MARBLE FALLS 2,30.556,-98.3384
841,AUSTIN 36,30.37835,-97.951209
842,LOCKHART,29.871471,-97.676772
843,AUSTIN 17,30.351538,-97.732571
844,SAN ANTONIO 13,29.538074,-98.415198
845,FALLS CITY,28.867033,-98.240425
846,AUSTIN 27,30.206844,-97.79742
847,AUSTIN 23,30.402654,-97.761064
848,SAN ANTONIO 27,29.464611,-98.493653
849,BLANCO,30.182914,-98.566548
850,AUSTIN 24,30.243032,-97.765081
851,SAN MARCOS,29.880162,-97.966164
852,BUDA,30.078514,-97.838012
853,DEL VALLE,30.150985,-97.607312
854,AUSTIN 4,30.3033,-97.6128
855,SAN ANTONIO 50,29.400889,-98.730674
856,BURLINGTON,30.960219,-97.12452
857,AUSTIN 13,30.230475,-97.714082
858,ELMENDORF,29.308056,-98.3242
859,SAN ANTONIO 6,29.518637,-98.362961
860,CANYON LAKE,29.971139,-98.228231
861,JOHNSON CITY,30.402261,-98.359569
862,YORKTOWN,28.857734,-97.428562
863,AUSTIN 2,30.2098,-97.6129
864,LACKLAND A F B,29.391283,-98.618734
865,LIBERTY HILL,30.748955,-97.875708
866,KENEDY,28.733411,-97.894958
867,CUERO 1,29.129714,-97.311236
868,SAN ANTONIO 20,29.395776,-98.464401
869,VON ORMY,29.243915,-98.622442
870,KYLE,29.875,-97.807
871,SEGUIN 2,29.54277,-97.937078
872,UNIVERSAL CITY,29.525969,-98.277499
873,SPICEWOOD,30.430044,-98.112655
874,SAINT HEDWIG,29.43659,-98.205116
875,SAN ANTONIO 16,29.271,-98.456
876,BOERNE 2,29.859217,-98.706275
877,SAN ANTONIO 32,29.422404,-98.525943
878,AUSTIN 26,30.348236,-97.768136
879,AUSTIN 21,30.492379,-97.748312
880,SAN ANTONIO 44,29.624725,-98.624048
881,CEDAR CREEK 1,30.1458,-97.55
882,NEW BRAUNFELS 1,29.7806,-97.9894
883,AUSTIN 11,30.331818,-97.704294
884,SAN ANTONIO 39,29.421133,-98.570938
885,HONDO,29.427375,-99.141134
886,SAN ANTONIO 4,29.474147,-98.348083
887,NEW ULM,29.806557,-96.686537
888,SAN ANTONIO 8,29.44665,-98.387361
889,AUSTIN 33,30.321025,-97.884751
890,BULVERDE,29.769466,-98.453225
891,GEORGETOWN 3,30.841795,-97.809699
892,SAN ANTONIO 9,29.418151,-98.394314
893,FLORESVILLE,29.073446,-98.080406
894,SAN ANTONIO 29,29.404404,-98.505028
895,SAN ANTONIO 7,29.309722,-98.3203
896,BUCKHOLTS,30.852653,-97.148898
897,SOMERVILLE,30.471301,-96.438114
898,WEIMAR,29.488624,-96.652467
899,COMFORT,29.972312,-98.904706
900,NORDHEIM,28.871642,-97.696944
901,AUSTIN 9,30.183798,-97.684275
902,AUSTIN 22,30.458396,-97.755344
903,HELOTES,29.609914,-98.746764
904,SAN ANTONIO 47,29.503453,-98.664636
905,BANDERA,29.707222,-99.095171
906,SAN ANTONIO 30,29.516401,-98.52303
907,ROCKDALE 2,30.700385,-96.83055
908,CEDAR CREEK 2,30.094098,-97.495104
909,NIXON,29.428917,-97.735834
910,CHAPPELL HILL,30.1223,-96.258442
911,ROUND ROCK 3,30.501747,-97.647206
912,AUSTIN 14,30.289963,-97.714696
913,OILTON,27.488056,-99.005278
914,AUSTIN 1,30.397351,-97.842586
915,SAN ANTONIO 28,29.634097,-98.497426
916,ROUND ROCK 2,30.543356,-97.64559
917,ROUND ROCK 4,30.534355,-97.725618
918,SAN ANTONIO 34,29.468413,-98.528889
919,DEVINE,29.135837,-99.168888
920,GEORGETOWN 1,30.659122,-97.618195
921,BURNET,30.800718,-98.283025
922,INEZ,28.83905,-96.889623
923,PASADENA 2,29.72475,-95.176479
924,PRAIRIE VIEW,30.086834,-95.990493
925,CONROE 1,30.28584,-95.312397
926,SIMONTON,29.687606,-95.95226
927,HOUSTON 80,29.97967,-95.572835
928,HOUSTON 1,29.8108,-95.2539
929,HOUSTON 9,29.8161,-95.10773
930,HOUSTON 73,29.815893,-95.522964
931,NURSERY,28.8947,-97.135
932,BACLIFF,29.49233,-94.98483
933,SPRING 1,30.100394,-95.356377
934,HOUSTON 72,29.652393,-95.521183
935,PORT LAVACA,28.5105,-96.7706
936,CONROE 5,30.307375,-95.438548
937,SUGAR LAND 3,29.670004,-95.708089
938,DAYTON,30.054436,-94.921994
939,VICTORIA 2,28.7883,-97.01
940,KATY 1,29.837561,-95.733756
941,MAGNOLIA 2,30.156257,-95.74926
942,HOUSTON 29,29.8634,-95.341409
943,MISSOURI CITY 1,29.600434,-95.515549
944,RICHMOND 1,29.4731,-95.6244
945,HOUSTON 11,29.883214,-95.111345
946,HOUSTON 33,29.724893,-95.363752
947,SPRING 8,30.194985,-95.548211
948,POINT COMFORT 2,28.6917,-96.5417
949,HOUSTON 28,29.911171,-95.341182
950,EL CAMPO,29.122,-96.276
951,HOUSTON 12,29.619365,-95.191192
952,PORT O CONNOR,28.444644,-96.491788
953,DICKINSON,29.456766,-95.031051
954,GALVESTON 1,29.310535,-94.775768
955,HOUSTON 10,29.723185,-95.128856
956,BAYTOWN 2,29.75,-94.9256
957,LEAGUE CITY,29.50069,-95.08195
958,LIVERPOOL,29.263123,-95.258004
959,HOUSTON 16,29.739444,-95.194722
960,SUGAR LAND 1,29.620312,-95.605693
961,RICHMOND 2,29.64609,-95.794526
962,HOUSTON 82,29.812687,-95.583634
963,PINEHURST,30.160534,-95.669154
964,PEARLAND 2,29.545325,-95.350068
965,HOUSTON 47,29.734813,-95.416098
966,HOUSTON 79,29.741325,-95.560254
967,HOUSTON 49,29.826448,-95.426267
968,WADSWORTH,28.795,-96.0481
969,HOUSTON 18,29.718525,-95.274137
970,HOUSTON 88,29.694472,-95.649627
971,TOMBALL 1,30.094886,-95.585826
972,HOUSTON 22,29.743564,-95.30891
973,DEER PARK,29.713414,-95.134508
974,WALLIS,29.631324,-96.076894
975,HOUSTON 67,29.917695,-95.489993
976,SPRING 4,30.059307,-95.470689
977,SOUTH HOUSTON,29.661032,-95.229784
978,HOUSTON 3,29.726017,-95.638249
979,SEADRIFT,28.429626,-96.574173
980,HOUSTON 34,29.795344,-95.36759
981,SUGAR LAND 2,29.484448,-95.621636
982,CONROE 7,30.324546,-95.505008
983,LOLITA,28.852327,-96.556418
984,LAPORTE,29.759124,-95.009648
985,NEW CANEY,30.161219,-95.189761
986,HOUSTON 14,29.6981,-95.2547
987,HOUSTON 2,29.9522,-95.2422
988,HOUSTON 78,29.652205,-95.54623
989,HOUSTON 40,29.89036,-95.392527
990,BLOOMINGTON,28.695562,-96.794157
991,WILLIS 2,30.471374,-95.363872
992,HOUSTON 51,29.733777,-95.433346
993,PALACIOS,28.623423,-96.189925
994,CONROE 4,30.188194,-95.416291
995,HOUSTON 52,29.685706,-95.434764
996,SPRING 2,30.062169,-95.383966
997,KINGWOOD 1,30.053105,-95.157943
998,HOUSTON 5,29.9417,-95.5306
999,TEXAS CITY 1,29.378097,-94.932773
1000,KINGWOOD 2,30.046777,-95.221022
1001,HOUSTON 8,29.573552,-95.130613
1002,SPRING 7,30.040876,-95.528919
1003,HOUSTON 41,29.934695,-95.394872
1004,FRESNO,29.537301,-95.474615
1005,HOUSTON 48,29.798249,-95.416933
1006,HOUSTON 58,29.881487,-95.452619
1007,PATTISON,29.792687,-96.012215
1008,HOUSTON 77,29.701847,-95.534537
1009,MISSOURI CITY 2,29.480277,-95.620277
1010,HOUSTON 4,29.721048,-95.39536
1011,TOMBALL 2,30.061727,-95.681504
1012,CYPRESS 1,29.997775,-95.669444
1013,HEMPSTEAD,30.099931,-96.065554
1014,WEST COLUMBIA,29.137519,-95.667972
1015,BAYTOWN 1,29.6744,-94.9139
1016,SANTA FE 1,29.303555,-95.032327
1017,HOUSTON 27,29.66688,-95.335133
1018,SPRING 5,30.178248,-95.50096
1019,HOUSTON 46,29.771545,-95.411083
1020,HOUSTON 23,29.773179,-95.314327
1021,MONTGOMERY,30.306163,-95.68639
1022,HUNGERFORD,29.45527,-96.088253
1023,HOUSTON 84,29.670869,-95.58599
1024,HOUSTON 83,29.699688,-95.584817
1025,HOUSTON 24,29.721825,-95.318275
1026,HOUSTON 76,29.988446,-95.531201
1027,HOUSTON 43,29.703454,-95.398317
1028,HOUSTON 81,29.8586,-95.580768
1029,HOUSTON 35,29.656113,-95.378696
1030,HOUSTON 90,29.827486,-95.65992
1031,BEASLEY,29.537482,-95.969548
1032,HOUSTON 7,29.613602,-95.11937
1033,LA MARQUE,29.378697,-94.943829
1034,WALLER,30.079593,-95.932264
1035,PORTER,30.106685,-95.297121
1036,CYPRESS 2,29.93433,-95.74763
1037,HOUSTON 30,29.987805,-95.353412
1038,FULSHEAR,29.560311,-95.98036
1039,LIBERTY,30.075658,-94.733441
1040,WINNIE,29.868546,-94.603021
1041,HOUSTON 63,29.647267,-95.451516
1042,HOUSTON 70,29.771225,-95.511751
1043,HOUSTON 55,29.918595,-95.441194
1044,CROSBY,29.87404,-95.018244
1045,MANVEL,29.45566,-95.31001
1046,HOUSTON 54,30.00824,-95.438996
1047,HOUSTON 89,29.909215,-95.651234
1048,DAMON,29.191,-95.663
1049,HOUSTON 74,29.736295,-95.523292
1050,HOUSTON 26,29.800187,-95.328888
1051,HOUSTON 32,29.753624,-95.35981
1052,HOCKLEY,30.047619,-95.833733
1053,ANGLETON,29.228486,-95.427444
1054,CONROE 3,30.377954,-95.37714
1055,HOUSTON 39,29.74097,-95.391302
1056,HOUSTON 59,29.583542,-95.460693
1057,PEARLAND 1,29.561554,-95.279739
1058,HOUSTON 56,29.740079,-95.446409
1059,HOUSTON 13,29.586959,-95.225601
1060,CHANNELVIEW 2,29.848372,-95.016398
1061,BAY CITY,28.8433,-95.8631
1062,PASADENA 3,29.6225,-95.0458
1063,BROOKSHIRE,29.848463,-95.977102
1064,HOUSTON 25,29.618714,-95.324221
1065,TEXAS CITY 2,29.426389,-94.976667
1066,VICTORIA 3,28.67673,-97.198682
1067,HOUSTON 36,29.83159,-95.379553
1068,GANADO,29.109147,-96.528761
1069,MONT BELVIEU,29.7731,-94.9019
1070,BAYTOWN 3,29.751645,-94.92312
1071,SPRING 6,30.123428,-95.517064
1072,HUMBLE 2,30.017301,-95.286217
1073,HOUSTON 69,29.943892,-95.531254
1074,SANTA FE 2,29.364468,-95.131078
1075,PORT BOLIVAR,29.506866,-94.520121
1076,HOUSTON 42,29.999296,-95.400207
1077,HOUSTON 85,29.776093,-95.603037
1078,HOUSTON 50,29.64536,-95.45169
1079,HOUSTON 62,29.830024,-95.474409
1080,EAGLE LAKE,29.397447,-96.384508
1081,CONROE 2,30.221853,-95.338811
1082,WEBSTER,29.53864,-95.1361
1083,SWEENY,28.933093,-95.734948
1084,BLESSING,28.85788,-96.353868
1085,WHARTON 1,29.289415,-96.065399
1086,LAKE JACKSON,29.002,-95.394
1087,BELLVILLE,29.987117,-96.252942
1088,KATY 4,29.853215,-95.831456
1089,HOUSTON 38,29.61065,-95.386863
1090,FRIENDSWOOD,29.515074,-95.192133
1091,HOUSTON 17,29.62042,-95.268939
1092,HOUSTON 66,30.007063,-95.488362
1093,FREEPORT 1,28.9802,-95.342
1094,NEWGULF,29.2639,-95.8997
1095,HOUSTON 60,29.704019,-95.460905
1096,PASADENA 1,29.7189,-95.2319
1097,STAFFORD,29.62431,-95.567968
1098,EDNA,29.042415,-96.689715
1099,HOUSTON 21,29.685621,-95.304159
1100,NEEDVILLE,29.33355,-95.82544
1101,SEALY,29.795148,-96.107713
1102,KATY 3,29.74063,-95.829571
1103,HOUSTON 37,29.860021,-95.382184
1104,HOUSTON 19,29.647012,-95.27663
1105,THOMPSONS,29.4828,-95.6311
1106,HOUSTON 61,29.748202,-95.468948
1107,GALVESTON 3,29.253166,-94.924652
1108,EAST BERNARD,29.522218,-96.218695
1109,HOUSTON 20,29.862532,-95.29998
1110,CHANNELVIEW 1,29.836952,-95.121744
1111,FREEPORT 3,28.979167,-95.306944
1112,HOUSTON 15,29.852379,-95.254076
1113,HOUSTON 31,29.69843,-95.3569
1114,ROSHARON,29.364128,-95.435068
1115,HOUSTON 44,29.68025,-95.404913
1116,HOUSTON 75,29.874575,-95.527099
1117,HOUSTON 71,29.687947,-95.515725
1118,HUMBLE 1,29.994499,-95.177499
1119,HOUSTON 68,29.796871,-95.49165
1120,WILLIS 1,30.4356,-95.5214
1121,BAYTOWN 4,29.838138,-94.900661
1122,VAN VLECK,29.191296,-95.967518
1123,HUFFMAN,30.009659,-95.040827
1124,HOUSTON 53,29.853067,-95.435966
1125,HOUSTON 91,29.769285,-95.681292
1126,ROSENBERG,29.56318,-95.80023
1127,PASADENA 5,29.647916,-95.18978
1128,HOUSTON 45,29.75415,-95.409498
1129,HOUSTON 6,29.822201,-95.219429
1130,PASADENA 4,29.7028,-95.0718
1131,HOUSTON 57,29.952629,-95.446609
1132,GALVESTON 2,29.278188,-94.83329
1133,POINT COMFORT 1,28.650278,-96.539722
1134,KATY 2,29.745681,-95.742143
1135,SPRING 3,30.136972,-95.46836
1136,DANBURY,29.281605,-95.295533
1137,WHARTON 2,29.349096,-96.191821
1138,VICTORIA 1,28.69637,-96.9453
1139,HOUSTON 64,29.646811,-95.450539
1140,HOUSTON 65,29.620736,-95.48615
1141,LA PORTE,29.7314,-95.0839
1142,MAGNOLIA 1,30.216858,-95.647214
1143,ALVIN,29.432362,-95.250698
1144,HOUSTON 86,29.926556,-95.603242
1145,BRAZORIA,28.960572,-95.558277
1146,HOUSTON 87,29.750233,-95.615384
1147,FREEPORT 2,28.991289,-95.407481
1148,CONROE 6,30.233845,-95.495681
1149,MADISONVILLE,30.953672,-95.905344
1150,NORMANGEE,31.132442,-96.13919
1151,ARP,32.26754,-95.077715
1152,CENTERVILLE,31.136452,-95.934344
1153,LUFKIN 3,31.340783,-94.82617
1154,FLINT,32.218325,-95.413415
1155,BULLARD,32.11274,-95.347503
1156,CHANDLER,32.271436,-95.521442
1157,PLANTERSVILLE,30.316397,-95.84999
1158,MARQUEZ,31.235882,-96.22928
1159,TENNESSEE COLONY,31.93201,-95.980743
1160,ANDERSON,30.527987,-96.011435
1161,MINEOLA,32.816432,-95.424745
1162,LOVELADY,31.092367,-95.499937
1163,HUNTINGTON,31.230511,-94.509986
1164,BRYAN 4,30.661252,-96.322612
1165,FRANKSTON,32.035939,-95.418796
1166,TYLER 4,32.321937,-95.302223
1167,BEN WHEELER,32.4744,-95.7156
1168,GARRISON,31.81932,-94.520617
1169,ETOILE,31.465312,-94.367277
1170,LUFKIN 1,31.365833,-94.743611
1171,PALESTINE 1,31.863226,-95.484612
1172,LINDALE,32.537897,-95.435716
1173,WHITEHOUSE,32.221577,-95.220644
1174,OVERTON,32.250339,-94.936535
1175,GRAND SALINE,32.646573,-95.687531
1176,SHIRO,30.65991,-95.973798
1177,MIDWAY,30.959521,-95.715509
1178,SULPHUR SPRINGS,33.167979,-95.608219
1179,VAN,32.535169,-95.643977
1180,MURCHISON,32.158557,-95.643712
1181,NACOGDOCHES 2,31.723329,-94.628596
1182,DIBOLL,31.186933,-94.758734
1183,FAIRFIELD 1,31.8907,-96.1131
1184,TYLER 8,32.304235,-95.390814
1185,ATHENS 1,32.244008,-95.807608
1186,BUFFALO,31.473728,-96.009175
1187,RUSK,31.779325,-95.19267
1188,WINONA,32.482238,-95.106353
1189,FAIRFIELD 2,31.8206,-96.0544
1190,CUSHING 2,31.796249,-94.85434
1191,NACOGDOCHES 3,31.631742,-94.740721
1192,FAIRFIELD 3,31.782559,-96.093621
1193,TRINIDAD 2,32.160767,-96.195272
1194,DIKE,33.21732,-95.4621
1195,JEWETT 1,31.4219,-96.2525
1196,PALESTINE 2,31.946003,-95.813468
1197,EMORY,32.880733,-95.749061
1198,MT. ENTERPRISE,32.017826,-94.619743
1199,TYLER 9,32.413107,-95.443348
1200,FRANKLIN,31.1803,-96.4866
1201,TYLER 3,32.418412,-95.21307
1202,ELKHART,31.606693,-95.58334
1203,WORTHAM,31.896737,-96.467327
1204,OAKWOOD,31.557267,-95.863721
1205,COOKVILLE,33.241961,-94.857848
1206,COLLEGE STATION 1,30.561385,-96.272583
1207,EDGEWOOD,32.715013,-95.854461
1208,CUSHING 1,31.832132,-94.90064
1209,TYLER 2,32.301523,-95.177964
1210,ALTO,31.61295,-95.06209
1211,CALVERT,31.09828,-96.66368
1212,JEWETT 2,31.32952,-96.152778
1213,NAVASOTA,30.369294,-96.054766
1214,MOUNT PLEASANT 2,33.284418,-95.163557
1215,SCROGGINS,33.024442,-95.197098
1216,WILLS POINT,32.703269,-95.994666
1217,ATHENS 2,32.094348,-95.906047
1218,POINT,32.989261,-95.912936
1219,LUFKIN 2,31.301706,-94.641414
1220,JACKSONVILLE 1,31.93985,-94.989834
1221,CROCKETT,31.188898,-95.255739
1222,HENDERSON 1,31.925449,-94.704029
1223,BRYAN 3,30.797736,-96.312084
1224,JACKSONVILLE 2,31.945137,-95.25698
1225,BRYAN 5,30.743004,-96.548436
1226,MALAKOFF,32.12747,-96.01423
1227,CUMBY,33.098096,-95.803234
1228,NACOGDOCHES 1,31.509051,-94.527216
1229,MOUNT PLEASANT 1,33.0917,-95.0417
1230,TEAGUE,31.4789,-96.229757
1231,TYLER 7,32.235066,-95.321028
1232,TYLER 6,32.362434,-95.315262
1233,YANTIS,32.925093,-95.568154
1234,POLLOK,31.390774,-95.126653
1235,TYLER 1,32.362631,-95.086688
1236,COLLEGE STATION 2,30.617778,-96.343333
1237,HEARNE,30.881424,-96.62542
1238,MOUNT VERNON,33.201315,-95.319229
1239,IOLA,30.705329,-96.069829
1240,STREETMAN,31.76524,-96.329922
1241,COMO,33.01419,-95.460935
1242,HENDERSON 2,32.239409,-94.728328
1243,TRINIDAD 1,32.124519,-96.101277
1244,ZAVALLA,31.138382,-94.375214
1245,GRAPELAND,31.417425,-95.481652
1246,BRYAN 2,30.64741,-96.372316
1247,CANTON,32.518146,-95.888865
1248,TYLER 5,32.469555,-95.307879
1249,BREMOND,31.091925,-96.69503
1250,BRYAN 1,30.7217,-96.4608
1251,IND W TWFV 0,31.843422,-102.868295
1252,IND W TWFV 1,31.624,-101.65
1253,IND W TWFV 2,31.703258,-102.701206
1254,IND W TWFV 3,32.460054,-102.672809
1255,IND W TWFV 4,32.377,-101.368
1256,IND W TWFV 5,31.683,-101.152
1257,IND W TWFV 6,32.055,-101.46
1258,IND W TWFV 7,32.22,-102.68
1259,IND W TWFV 8,32.239,-101.014
1260,IND W TWFV 9,31.7983,-101.9043
1261,IND W TWFV 10,32.21,-102.314
1262,IND W TWFV 11,32.271,-102.1
1263,IND W TWFV 12,32.173,-101.28
1264,IND W TWFV 13,32.414,-101.558
1265,IND W TWFV 14,31.726,-101.836
1266,IND W TWFV 15,31.939,-102.78
1267,IND W TWFV 16,32.411,-101.826
1268,IND W TWFV 17,31.865,-102.426
1269,IND W TWFV 18,32.309,-101.902
1270,IND W TWFV 19,32.319,-101.362
1271,TATUM 1,32.2606,-94.5706
1272,POOLVILLE 1,33.0583,-97.9103
1273,WHARTON 3,29.2878,-96.0683
1274,TULIA 1,34.485162,-101.971401
1275,EL CAMPO 1,29.013637,-96.220536
1276,RIESEL 3,31.461242,-96.824928
1277,RANKIN 1,31.171652,-101.881147
1278,GRANBURY 4,32.403056,-97.700556
1279,ROBERT LEE 1,31.79261,-100.69729
1280,DAWN 1,34.913,-102.2706
1281,BASTROP 1,30.1478,-97.2714
1282,OZONA 1,30.91,-101.263
1283,KRESS 1,34.4067,-101.59661
1284,GRAHAM 1,33.119213,-98.852577
1285,EL CAMPO 2,29.02939,-96.2362
1286,SNYDER 3,32.883528,-100.746389
1287,SNYDER 4,32.901081,-100.982695
1288,ANDREWS 1,32.116388,-102.528333
1289,OLD OCEAN 1,29.0728,-95.745
1290,SULPHUR SPRINGS 1,33.22392,-95.730767
1291,GAIL 1,32.5557,-101.660063
1292,ELECTRA 1,33.85245,-99.06509
1293,PIERCE 1,29.159228,-96.141572
1294,WILSON 1,33.303497,-101.65722
1295,TRUSCOTT 1,33.746323,-99.665516
1296,CORSICANA 3,32.072844,-96.22393
1297,HASKELL 1,33.021601,-99.61463
1298,LAMESA 1,32.772889,-101.39102
1299,STERLING CITY 3,31.729906,-101.29894
1300,GOLDSMITH 1,32.069167,-102.585556
1301,LOCKNEY 1,34.196962,-101.381494
1302,BIG LAKE 1,31.181377,-101.318787
1303,TAHOKA 1,33.150904,-101.679188
1304,BRUNI 3,27.614411,-98.7945
1305,IRAAN 4,30.594908,-101.453021
1306,ANDREWS 2,32.287873,-102.840399
1307,MART 1,31.549868,-96.904072
1308,GOLLAD 1,28.4279,-97.4544
1309,PECOS 1,31.36,-103.33
1310,HEREFORD 1,34.72,-102.253333
1311,BAIRD 1,32.28938,-99.291596
1312,NAZARETH 1,34.511944,-102.051944
1313,ROSANKY 1,29.894053,-97.270537
1314,ANGLETON 1,29.227109,-95.430756
1315,CLAUDE 1,35.093889,-101.326111
1316,VAN HORN 1,31.70038,-104.458136
1317,LANE CITY 1,29.240399,-96.011535
1318,FLOYDADA 1,33.825,-101.099722
1319,CISCO 1,32.437418,-99.108907
1320,PETTUS 1,28.628,-97.724
1321,FORT STOCKTON 4,31.030996,-102.488209
1322,SNYDER 5,32.863769,-100.975128
1323,SPUR 1,33.320637,-100.982201
1324,MCCOOK 1,26.465556,-98.411111
1325,PAINT ROCK 1,31.435932,-99.796613
1326,CUNNINGHAM 1,33.25102,-95.193426
1327,PAWNEE 1,28.655277,-98.001388
1328,CUNNINGHAM 2,33.426498,-95.357449
1329,ANDREWS 3,32.275814,-102.844806
1330,TEXAS CITY 3,29.388758,-94.947928
1331,RIESEL 4,31.45,-96.86
1332,BAY CITY 1,28.896781,-95.865183
1333,TRUSCOTT 2,33.732181,-99.726392
1334,SNYDER 6,32.84879,-100.866458
1335,VICTORIA 4,28.905346,-96.978078
1336,CHILDRESS 1,34.380532,-100.099625
1337,MULDOON 1,29.806984,-97.07408
1338,ROSEBUD 1,31.045676,-96.858633
1339,PARIS 4,33.599167,-95.525056
1340,FRIONA 1,34.6675,-102.577778
1341,WEINERT 1,33.35,-99.54
1342,RAYMONDVILLE 1,26.522222,-97.691111
1343,NEEDVILLE 1,29.358425,-95.746388
1344,BAY CITY 2,28.974482,-95.993814
1345,BISHOP 1,27.580489,-97.640077
1346,E SEYMOUR 1,33.609313,-99.58229
1347,GAIL 2,32.741383,-101.621793
1348,BONNEY 1,29.295201,-95.42685
1349,TBD 1,30.936,-101.607
1350,PARIS 5,33.639193,-95.629049
1351,KINGSVILLE 1,27.553355,-97.675284
1352,FREEPORT 4,28.988761,-95.395417
1353,HAMLIN 1,32.781168,-100.006455
1354,DELTA 1,33.433264,-95.574442
1355,LAMESA 2,32.7,-101.741111
1356,VEGA 1,35.200164,-102.315517
1357,ROGERS 1,30.967591,-97.165108
1358,LOLA 1,30.651189,-96.091337
1359,SAN YGNACIO 1,27.03028,-99.388388
1360,THROCKMORTON 1,33.182414,-99.389888
1361,STEPHENVILLE 1,32.089488,-98.178531
1362,COYANOSA 1,31.186,-103.128
1363,SAN PERLITA 1,26.475278,-97.691111
1364,CRANE 1,31.191687,-102.317227
1365,CROWELL 1,33.841272,-99.657805
1366,LANE CITY 2,29.209729,-96.029597
1367,FALCON 1,26.69842,-99.05745
1368,ARMSTRONG 3,26.941667,-97.6425
1369,TULIA 2,34.49,-101.97
1370,SEYMOUR 1,33.719262,-99.023013
1371,BRACKETTVILLE 4,29.350992,-100.562028
1372,CHILICOTHE 1,34.170488,-99.563436
1373,COMANCHE 1,31.8225,-98.690556
1374,SEBASTIAN 3,26.33072,-97.5857
1375,SILVERTON 1,34.311111,-101.251111
1376,HEREFORD 2,34.748056,-102.174444
1377,GROOM 1,35.254184,-101.186622
1378,RIO GRANDE CITY 1,26.388611,-98.806111
1379,RIO GRANDE CITY 2,26.380556,-98.818333
1380,FLOYDADA 2,34.080556,-101.323611
1381,MIRANDO 1,27.44,-98.91
1382,MULLIN 1,31.684511,-98.603358
1383,WINGATE 1,32.104125,-100.162375
1384,SAN ANGELO 4,31.517,-100.6
1385,RIO GRANDE CITY 3,26.523692,-98.745522
1386,CUNNINGHAM 3,33.26102,-95.193426
1387,ANSON 1,32.811041,-99.91749
1388,CARRIZO SPRINGS 1,28.44208,-99.75582
1389,AFTON 1,33.781077,-100.883227
1390,FORT STOCKTON 5,30.992905,-102.289475
1391,ABERNATHY 1,33.889462,-101.80158
1392,SPUR 2,33.32056,-100.981664
1393,SEGUIN 3,26.652863,-98.014871
1394,WEST COLUMBIA 1,29.150279,-95.651179
1395,SWEENY 1,29.063305,-95.735431
1396,DAMON 1,29.1779,-95.7612
1397,RICHMOND 3,29.39,-95.78
1398,PEARSALL 1,28.947973,-99.067186
1399,BURLINGTON 1,30.996511,-97.001505
1400,EDINBURG 4,26.45,-98.48
1401,HASKELL 2,33.213466,-99.47612
1402,DEPORT 1,33.467803,-95.370856
1403,GOLDTHWAITE 3,31.39376,-98.35936
1404,ST. LAWRENCE 1,31.727237,-101.582
1405,PORT LAVACA 1,28.68851,-96.509833
1406,ADRIAN 1,35.295,-102.721111
1407,ELMENDORF 1,29.2567,-98.3825
1408,RIO HONDO 1,26.195278,-97.466111
1409,SARITA 4,27.184652,-97.59818
1410,THROCKMORTON 2,33.268,-99.468
1411,VERNON 3,34.072251,-99.264676
1412,FORT STOCKTON 6,30.995503,-102.223537
1413,MCCARNEY 1,31.255,-102.272
1414,BRADY 1,31.242177,-99.421266
1415,VAN HORN 2,31.719983,-104.442292
1416,FORT STOCKTON 7,30.885123,-102.42261
1417,CLARENDON 1,35.18172,-100.934408
1418,TEXAS CITY 4,29.378164,-94.92195
1419,RANKIN 2,31.157269,-101.831603
1420,BLACKWELL 1,32.1981,-100.2686
1421,AMARILLO 1,35.259819,-102.06431
1422,CASTRO 1,34.378546,-102.053717
1423,EL CAMPO 3,29.0919,-96.09
1424,HAPPY 1,34.769544,-102.052422
1425,TAFT 3,27.954976,-97.300202
1426,GARDEN CITY 1,31.754037,-101.67516
1427,ADRIAN 2,35.276944,-102.682778
1428,ANDREWS 4,32.386,-102.949
1429,LA PORTE 1,29.694838,-95.040622
1430,BRADY 2,31.360331,-99.551356
1431,FORT STOCKTON 8,30.904629,-102.915916
1432,SAN ANGELO 5,31.214,-100.255
1433,FORT STOCKTON 9,30.960209,-103.306662
1434,FT. STOCKTON 1,30.57552,-102.551292
1435,STEPHENS 1,32.635105,-98.677196
1436,FLOYDADA 3,34.070333,-101.187628
1437,CHRISTOVAL 1,31.085435,-100.67882
1438,PANHANDLE 7,35.205278,-101.434167
1439,SEYMOUR 2,33.628222,-99.411169
1440,SEYMOUR 3,33.645964,-99.532944
1441,HART 1,34.668882,-102.351727
1442,CROSBY 1,33.8093,-101.342405
1443,MCCAMEY 3,31.241808,-102.29027
1444,CRANE 2,31.254361,-102.31165
1445,LIBERTY 1,30.010255,-94.486313
1446,MCCAMEY 4,31.233457,-102.308519
1447,MCCARNEY 2,33.00659,-99.60541
1448,HASKELL 3,33.01659,-99.60541
1449,GOLIAD 1,28.430335,-97.452375
1450,GOLIAD 2,28.440335,-97.452375
1451,LAREDO 8,27.577207,-99.276018
1452,GAIL 3,32.72233,-101.638499
1453,ANGLETON 2,29.227753,-95.428061
1454,EL CAMPO 4,29.023637,-96.220536
1455,GAINSVILLE 1,33.457356,-97.289614
1456,DEL RIO 1,29.72753,-100.79431
1457,EDEN 1,31.112474,-100.028142
1458,CISCO 2,32.308524,-99.164198
1459,RIO HONDO 2,26.288889,-97.496389
1460,BAYTOWN 5,29.753517,-94.997277
1461,JIM WELLS 1,27.918286,-97.98045
1462,PEARSALL 2,28.883196,-99.178605
1463,DECATUR 1,33.210732,-97.418986
1464,WOLFE CITY 1,33.404486,-96.082472
1465,LUBBOCK 1,33.5211,-101.7906
1466,DAMON 2,29.242304,-95.658144
1467,MCCAMEY 5,31.000883,-102.281744
1468,FORT STOCKTON 10,30.993056,-102.270833
1469,STERLING 1,31.888,-100.825
1470,CISCO 3,32.308524,-99.164498
1471,RICHMOND 4,29.409669,-95.73405
1472,ALVIN 1,29.2293,-95.1952
1473,RIO GRANDE CITY 4,26.411689,-98.571554
1474,PAINT ROCK 2,31.446237,-99.902973
1475,CRANE 3,31.09331,-102.35964
1476,BROWNSVILLE 4,25.9131,-97.5214
1477,EAGLE PASS 1,28.69954,-100.40353
1478,COLORADO CITY 1,32.290724,-100.865736
1479,PECOS 2,31.197285,-103.361771
1480,PYOTE 1,31.45115,-103.361771
1481,LAMESA 3,32.7171,-101.9378
1482,CHILTON 1,31.356717,-97.082774
1483,SNYDER 7,32.747058,-100.954661
1484,UVALDE 1,29.216667,-99.716111
1485,HASKELL 4,33.04,-99.5525
1486,LAMESA 4,32.715611,-101.926522
1487,TBD 2,31.4308,-103.7289
1488,MASON 1,30.737745,-99.231778
1489,ANGLETON 3,29.16801,-95.445062
1490,KRUM 1,33.3256,-97.31433
1491,WEST COLUMBIA 2,29.170545,-95.741574
1492,UVALDE 2,29.225956,-99.700281
1493,UVALDE 3,29.21997,-99.746383
1494,FT. STOCKTON 2,30.924381,-102.953583
1495,CRAWFORD 1,31.54,-97.409
1496,VERNON 4,34.225882,-99.477986
1497,POINT COMFORT 3,28.64807,-96.54621
1498,VICTORIA 5,28.7853,-97.0093
1499,VICTORIA 6,28.698477,-96.946125
1500,HOUSTON 92,29.88193,-95.11148
1501,FLUVANNA 3,32.92544,-101.219397
1502,IRAAN 5,30.931467,-102.201433
1503,GIRVIN 1,30.9614,-102.414067
1504,ROSCOE 7,32.236944,-100.4833
1505,LIVERPOOL 1,29.289809,-95.298609
1506,GIRVIN 2,30.9514,-102.414067
1507,HEBBRONVILLE 1,27.18,-98.916667
1508,VICTORIA 7,28.675088,-96.956014
1509,LUBOCK 1,33.6039,-101.8408
1510,THOMPSONS 1,29.475278,-95.634167
1511,CISCO 4,32.318524,-99.164198
1512,CLIFTON 3,31.78,-97.51
1513,DEL RIO 2,29.806021,-100.804452
1514,BRENHAM 1,30.310524,-96.47887
1515,ALPINE 1,30.495668,-103.450965
1516,GAINSVILLE 2,33.5493,-97.1798
1517,DEL RIO 3,29.449827,-101.06011
1518,FLOYDADA 4,34.105,-101.0986
1519,JASPER 1,31.060893,-94.1062
1520,BEEVILLE 1,28.430988,-97.889555
1521,FLOYDADA 5,34.060333,-101.187628
1522,EDINBURG 5,26.492862,-98.448267
1523,FORT STOCKTON 11,30.96,-103.35
1524,EVADALE 1,30.3419,-94.0656
1525,FORT STOCKTON 12,30.98784,-102.26831
1526,ALPINE 2,30.45512,-103.4747
1527,LAMESA 5,32.713326,-101.885218
1528,SWEENY 2,29.056,-95.686
1529,SNYDER 8,32.85583,-100.991681
1530,WEST COLUMBIA 3,29.15923,-95.6626
1531,SUNRAY 1,35.9454,-101.9005
1532,ALVIN 2,29.2558,-95.2103
1533,PORT LAVACA 2,28.5707,-96.8333
1534,TEXAS CITY 5,29.37612,-94.946477
1535,BIG SPRING 8,32.2075,-101.388333
1536,CORPUS CHRISTI 19,27.8322,-97.5281
1537,MANOR 1,30.238492,-97.508812
1538,VERNON 5,34.299,-99.399
1539,STERLING CITY 4,31.87,-100.828
1540,ODESSA 7,31.692358,-102.69743
1541,MCCAMEY 6,31.23924,-102.32169
1542,ORLA 1,31.815992,-104.085297
1543,LUBBOCK 2,33.585257,-101.886093
1544,SAN ANTONIO 53,29.304177,-98.400339
1545,MORSE 1,35.964272,-101.540238
1546,MORSE 2,35.924858,-101.541363
1547,GREENVILLE 3,33.166173,-96.172617
1548,WHARTON 4,29.205355,-96.023384
1549,BRUNI 4,27.421553,-98.834962
1550,COAHOMA 1,32.494346,-101.276601
1551,MERCEDES 1,26.230501,-97.912557
1552,BAY CITY 3,28.987572,-95.969842
1553,RIO GRANDE CITY 5,26.408729,-98.937425
1554,RIO GRANDE CITY 6,26.390951,-98.820386
