bus,sub,lat,lon
1001,1,31.8414,-102.315
1002,2,29.888046,-104.519139
1003,3,32.926389,-101.647778
1004,3,32.926389,-101.647778
1005,4,32.240278,-101.473611
1006,4,32.240278,-101.473611
1007,5,31.09348,-104.624514
1008,6,30.976638,-102.257753
1009,6,30.976638,-102.257753
1010,7,29.6,-104.3
1011,7,29.6,-104.3
1012,8,30.028067,-101.970461
1013,9,31.484586,-103.161046
1014,10,31.165245,-103.125868
1015,11,30.285296,-104.005761
1016,12,31.74325,-101.493407
1017,13,31.725171,-102.413607
1018,14,31.799171,-102.632933
1019,15,31.979427,-102.132366
1020,16,31.9925,-101.1167
1021,16,31.9925,-101.1167
1022,17,32.929014,-101.578617
1023,17,32.929014,-101.578617
1024,18,32.0015,-102.6337
1025,19,32.039,-101.22
1026,19,32.039,-101.22
1027,20,32.321673,-102.042298
1028,21,32.875073,-101.208955
1029,22,31.992384,-102.081464
1030,23,29.802094,-103.22236
1031,24,31.004969,-103.759065
1032,25,31.219444,-102.19222
1033,25,31.219444,-102.19222
1034,26,31.991442,-101.302637
1035,26,31.991442,-101.302637
1036,27,31.10409,-102.60625
1037,28,31.799158,-102.47409
1038,29,30.772575,-102.505808
1039,29,30.772575,-102.505808
1040,30,32.335729,-102.697303
1041,31,32.1408,-101.3986
1042,31,32.1408,-101.3986
1044,32,31.207988,-101.110787
1045,33,32.053604,-102.20166
1046,34,30.575618,-101.331239
1047,35,31.5839,-102.9633
1048,35,31.5839,-102.9633
1049,35,31.5839,-102.9633
1050,35,31.5839,-102.9633
1051,35,31.5839,-102.9633
1052,35,31.5839,-102.9633
1053,35,31.5839,-102.9633
1054,36,32.489818,-101.754488
1055,37,32.92701,-101.764414
1056,38,32.2353,-101.8367
1057,38,32.2353,-101.8367
1058,39,30.8847,-101.9208
1061,40,32.273178,-101.422386
1062,40,32.273178,-101.422386
1063,40,32.273178,-101.422386
1064,41,32.001129,-102.312423
1065,42,32.100823,-101.451385
1066,42,32.100823,-101.451385
1067,43,32.1217,-101.3853
1068,44,31.517628,-101.918007
1069,45,30.9178,-102.0867
1070,45,30.9178,-102.0867
1071,46,31.8403,-102.3264
1072,46,31.8403,-102.3264
1073,46,31.8403,-102.3264
1074,46,31.8403,-102.3264
1075,46,31.8403,-102.3264
1076,46,31.8403,-102.3264
1077,46,31.8403,-102.3264
1079,46,31.8403,-102.3264
1081,46,31.8403,-102.3264
1082,47,30.807272,-102.355628
1083,48,30.747459,-102.790792
1084,49,31.9361,-101.2983
1085,50,31.696251,-103.138992
1086,51,31.803547,-103.599914
1087,52,30.596998,-101.78453
1088,53,31.2092,-102.2417
1089,54,32.929648,-102.133506
1090,55,31.995,-102.828333
1091,56,33.658671,-101.531037
1093,1251,31.843422,-102.868295
1094,1251,31.843422,-102.868295
1095,1252,31.624,-101.65
1096,1252,31.624,-101.65
1097,1252,31.624,-101.65
1099,1253,31.703258,-102.701206
1100,1253,31.703258,-102.701206
1101,1254,32.460054,-102.672809
1102,1254,32.460054,-102.672809
1103,1255,32.377,-101.368
1104,1255,32.377,-101.368
1105,1256,31.683,-101.152
1106,1256,31.683,-101.152
1107,1257,32.055,-101.46
1108,1257,32.055,-101.46
1109,1258,32.22,-102.68
1110,1258,32.22,-102.68
1111,1259,32.239,-101.014
1112,1259,32.239,-101.014
1113,1260,31.7983,-101.9043
1114,1260,31.7983,-101.9043
1115,1261,32.21,-102.314
1116,1261,32.21,-102.314
1117,1262,32.271,-102.1
1118,1262,32.271,-102.1
1119,1263,32.173,-101.28
1120,1263,32.173,-101.28
1121,1264,32.414,-101.558
1122,1264,32.414,-101.558
1123,1265,31.726,-101.836
1124,1265,31.726,-101.836
1125,1266,31.939,-102.78
1126,1266,31.939,-102.78
1127,1267,32.411,-101.826
1128,1267,32.411,-101.826
1129,1268,31.865,-102.426
1130,1268,31.865,-102.426
1131,1269,32.309,-101.902
1132,1269,32.309,-101.902
1133,1270,32.319,-101.362
1134,1270,32.319,-101.362
2001,57,33.63291,-95.39071
2002,58,33.628143,-96.367605
2003,58,33.628143,-96.367605
2007,59,33.615167,-95.900109
2008,60,34.857258,-100.512868
2009,61,33.973297,-98.721096
2010,62,33.915315,-99.740278
2011,63,35.238333,-101.310833
2012,63,35.238333,-101.310833
2013,63,35.238333,-101.310833
2014,64,34.447226,-100.809848
2015,65,33.471617,-97.445189
2016,66,33.627623,-96.767394
2017,67,35.4275,-101.253056
2018,67,35.4275,-101.253056
2019,67,35.4275,-101.253056
2020,68,33.943784,-98.523064
2021,69,33.6968,-95.5577
2022,69,33.6968,-95.5577
2023,69,33.6968,-95.5577
2024,69,33.6968,-95.5577
2025,70,33.864515,-98.491046
2026,71,35.830763,-100.765905
2027,72,33.481551,-95.269247
2028,73,34.004783,-98.388757
2029,74,34.432267,-101.237233
2030,75,33.708311,-96.240654
2031,76,33.710684,-100.384217
2032,77,33.857868,-95.649137
2033,78,33.500378,-96.146489
2034,79,33.830932,-96.839764
2035,80,33.431837,-99.853667
2036,81,33.894941,-98.54367
2037,82,33.54915,-97.32958
2038,83,33.55352,-96.282897
2039,84,33.455991,-97.751818
2040,85,33.663063,-94.997258
2041,86,35.386038,-101.578572
2042,86,35.386038,-101.578572
2043,87,33.737974,-96.839543
2044,88,33.743893,-96.936121
2045,89,33.969523,-98.509016
2046,90,33.800717,-96.725989
2047,91,33.623645,-96.427874
2048,92,33.752201,-100.967402
2049,93,34.102943,-99.118746
2050,94,33.39167,-95.42519
2051,95,33.75849,-98.202251
2052,96,34.90076,-100.994549
2053,97,33.520572,-97.95612
2054,98,33.9133,-98.4931
2055,98,33.9133,-98.4931
2058,99,35.4789,-101.2439
2060,100,33.576823,-95.809701
2061,101,34.292913,-99.367734
2062,101,34.292913,-99.367734
2063,102,33.8181,-96.5692
2064,103,33.745236,-95.744327
2065,104,33.661583,-97.17635
2066,105,33.183064,-100.245133
2067,106,33.799085,-98.50984
2068,107,33.509722,-98.360833
2069,108,33.450768,-96.742245
2070,109,33.493056,-98.581944
2071,109,33.493056,-98.581944
2072,110,33.537706,-96.906575
2073,111,32.96736,-100.56428
2074,111,32.96736,-100.56428
2076,111,32.96736,-100.56428
2077,112,33.733006,-97.428406
2078,112,33.733006,-97.428406
2079,113,33.994322,-100.287247
2080,114,33.793074,-97.963802
2081,115,33.615539,-96.072156
2082,116,33.8625,-98.5894
2083,116,33.8625,-98.5894
2084,116,33.8625,-98.5894
2085,116,33.8625,-98.5894
2086,117,33.626904,-97.687873
2087,118,33.341053,-100.714732
2088,119,33.495278,-98.5
2089,119,33.495278,-98.5
2090,120,33.498221,-94.890845
2091,121,33.57824,-99.1921
2092,122,33.727126,-96.470794
2093,123,35.3503,-101.54
2096,124,33.713671,-101.433811
2097,124,33.713671,-101.433811
2098,124,33.713671,-101.433811
2099,124,33.713671,-101.433811
2101,125,33.582573,-96.617893
2102,125,33.582573,-96.617893
2103,125,33.582573,-96.617893
2104,125,33.582573,-96.617893
2105,125,33.582573,-96.617893
2106,126,33.498186,-96.378894
2107,127,33.604131,-96.550405
2108,128,33.345366,-99.624257
2109,129,34.103273,-98.622467
2110,130,33.703851,-97.372009
2111,131,33.527396,-98.884782
2112,132,34.008308,-98.25932
2113,133,33.6308,-95.59
2114,133,33.6308,-95.59
2115,133,33.6308,-95.59
2116,133,33.6308,-95.59
2117,133,33.6308,-95.59
2118,133,33.6308,-95.59
2119,133,33.6308,-95.59
2120,133,33.6308,-95.59
2121,134,33.801868,-95.151966
2122,135,33.778716,-95.996823
2123,136,35.442778,-101.372778
2124,137,33.43566,-96.549913
2125,138,33.464643,-96.892724
2126,139,33.458028,-97.128552
2127,140,35.653889,-100.538611
2128,140,35.653889,-100.538611
2129,141,33.439125,-96.311485
2130,142,33.186882,-99.595332
2131,142,33.186882,-99.595332
2133,143,33.741367,-97.535329
3001,144,30.036701,-99.163039
3002,144,30.036701,-99.163039
3003,145,32.3606,-100.3389
3004,145,32.3606,-100.3389
3005,146,29.64447,-99.682471
3006,147,32.857004,-100.124032
3007,148,32.473621,-100.032723
3008,149,31.736902,-99.567791
3009,150,30.441414,-100.56062
3010,151,29.6747,-100.078588
3011,152,30.653746,-98.918266
3012,153,30.437069,-98.708714
3013,154,32.335677,-99.667488
3014,155,30.731599,-98.385422
3015,156,32.415212,-100.573539
3016,157,32.255978,-100.320309
3017,157,32.255978,-100.320309
3018,158,31.048557,-100.623114
3019,158,31.048557,-100.623114
3020,158,31.048557,-100.623114
3021,159,32.783669,-99.720186
3022,160,32.3358,-100.9156
3023,161,32.940911,-99.850964
3024,162,30.883539,-100.595464
3025,163,31.157093,-98.763991
3026,164,32.6256,-99.4928
3027,164,32.6256,-99.4928
3028,164,32.6256,-99.4928
3029,165,31.257224,-98.376742
3030,166,31.50972,-100.322075
3031,167,32.274081,-99.826041
3032,168,32.333551,-99.927724
3033,169,32.631073,-101.008494
3034,169,32.631073,-101.008494
3035,170,30.93982,-99.079893
3036,171,31.5481,-99.1872
3037,172,32.4694,-100.6664
3038,172,32.4694,-100.6664
3039,172,32.4694,-100.6664
3040,173,31.738576,-99.934162
3041,174,32.05,-100.6917
3042,174,32.05,-100.6917
3046,175,32.3122,-100.5303
3047,175,32.3122,-100.5303
3048,175,32.3122,-100.5303
3049,176,32.796921,-99.880885
3050,177,29.83722,-101.212436
3051,177,29.83722,-101.212436
3052,178,30.095115,-99.628211
3053,179,32.214024,-100.05712
3054,179,32.214024,-100.05712
3055,179,32.214024,-100.05712
3056,179,32.214024,-100.05712
3057,179,32.214024,-100.05712
3058,180,31.951958,-101.018936
3059,180,31.951958,-101.018936
3060,180,31.951958,-101.018936
3061,180,31.951958,-101.018936
3062,180,31.951958,-101.018936
3063,180,31.951958,-101.018936
3064,181,32.199366,-100.491908
3065,181,32.199366,-100.491908
3066,182,31.176951,-99.616412
3067,183,32.4301,-100.235652
3068,183,32.4301,-100.235652
3069,184,32.120249,-99.753027
3070,185,32.2878,-100.1
3071,185,32.2878,-100.1
3072,186,31.534768,-100.113803
3073,187,29.234722,-100.209167
3074,187,29.234722,-100.209167
3075,188,30.843122,-99.570053
3076,189,29.395621,-100.439985
3077,190,32.362783,-99.817314
3078,191,32.5886,-100.6728
3079,191,32.5886,-100.6728
3080,191,32.5886,-100.6728
3081,191,32.5886,-100.6728
3082,192,32.318221,-100.176986
3083,192,32.318221,-100.176986
3084,192,32.318221,-100.176986
3085,193,32.4375,-100.7444
3086,193,32.4375,-100.7444
3087,193,32.4375,-100.7444
3088,194,32.5144,-99.6564
3089,194,32.5144,-99.6564
3091,194,32.5144,-99.6564
3092,194,32.5144,-99.6564
3093,195,29.988092,-100.286076
3094,196,32.311556,-100.061589
3095,196,32.311556,-100.061589
3096,197,32.94793,-101.147784
3097,197,32.94793,-101.147784
3098,197,32.94793,-101.147784
3099,198,32.415823,-99.90623
3100,199,32.630473,-99.830642
3101,200,30.936768,-98.467066
3102,201,32.576489,-99.665323
3103,202,32.291861,-100.210748
3104,203,30.7507,-98.4176
3105,203,30.7507,-98.4176
3106,203,30.7507,-98.4176
3107,204,30.159136,-99.345011
3108,205,31.088158,-98.01069
3109,206,32.931944,-101.143611
3110,206,32.931944,-101.143611
3111,207,31.951944,-100.791389
3112,207,31.951944,-100.791389
3113,207,31.951944,-100.791389
3114,208,31.268843,-100.563525
3115,209,32.969722,-100.524167
3116,210,32.718056,-100.793333
3117,210,32.718056,-100.793333
3119,211,29.325033,-100.391847
3120,211,29.325033,-100.391847
3121,212,32.4969,-100.5797
3122,212,32.4969,-100.5797
3123,213,29.151012,-100.01587
3124,214,30.280938,-98.876683
3125,215,32.462235,-99.715894
3126,216,29.291845,-99.612368
3127,217,32.290833,-100.4219
3128,218,32.404869,-100.711396
3129,219,32.3983,-100.6481
3130,220,31.802748,-101.055625
3131,221,32.303889,-100.021667
3132,222,31.262546,-99.843961
3133,223,32.7204,-100.9952
3134,223,32.7204,-100.9952
3136,223,32.7204,-100.9952
3137,224,32.4081,-100.1286
3138,225,30.897544,-100.107479
3139,226,31.858516,-100.165338
3140,227,32.052075,-99.69465
3141,228,32.3472,-100.3703
3142,229,31.289523,-100.15267
3143,230,31.515316,-99.380601
3144,231,31.411505,-99.682323
3145,232,32.664859,-100.212875
3146,233,30.45867,-100.06915
3147,234,31.102377,-98.25934
4002,235,29.358523,-100.777486
4003,236,26.461461,-98.285881
4004,237,27.833509,-99.685482
4005,237,27.833509,-99.685482
4006,238,27.32,-99.0
4007,239,26.189433,-98.322929
4008,240,29.079849,-98.642309
4009,241,27.022112,-97.498478
4010,241,27.022112,-97.498478
4011,242,27.100448,-98.789966
4012,243,26.083177,-97.96214
4013,244,26.3403,-98.19
4014,245,28.476396,-100.276888
4015,245,28.476396,-100.276888
4016,246,28.790915,-98.717634
4017,247,27.627121,-97.269242
4018,248,28.197778,-97.444953
4019,249,26.090103,-97.798453
4020,250,27.5925,-97.500833
4021,251,26.376651,-97.993045
4022,252,28.041684,-99.399193
4023,253,28.941736,-98.851298
4024,254,28.7044,-98.4775
4025,254,28.7044,-98.4775
4026,254,28.7044,-98.4775
4027,255,26.166944,-98.325
4028,256,28.7128,-97.214167
4029,256,28.7128,-97.214167
4030,256,28.7128,-97.214167
4031,257,27.128233,-99.33083
4032,258,27.444204,-97.865597
4033,259,27.513811,-99.502143
4034,260,26.111189,-98.241746
4035,261,27.811083,-97.595813
4036,262,28.888748,-99.562652
4037,263,28.2078,-97.522673
4038,264,28.407712,-97.71062
4039,265,26.169846,-98.329793
4040,265,26.169846,-98.329793
4041,266,26.230677,-98.114039
4042,266,26.230677,-98.114039
4043,267,26.649,-99.0387
4044,268,26.5575,-99.1642
4045,268,26.5575,-99.1642
4046,268,26.5575,-99.1642
4047,268,26.5575,-99.1642
4048,269,26.242813,-98.494493
4049,270,26.364843,-97.545341
4050,270,26.364843,-97.545341
4051,271,27.5697,-97.8228
4052,271,27.5697,-97.8228
4053,272,26.911014,-97.773774
4054,273,28.246189,-97.650894
4055,274,27.819419,-97.392456
4056,275,27.882778,-97.242778
4057,275,27.882778,-97.242778
4058,275,27.882778,-97.242778
4059,275,27.882778,-97.242778
4060,275,27.882778,-97.242778
4064,276,27.81922,-97.535461
4065,276,27.81922,-97.535461
4066,277,26.158622,-97.989155
4067,278,26.179999,-97.725607
4068,279,26.296101,-98.0096
4069,280,27.8175,-97.4814
4070,281,25.943923,-97.317944
4071,281,25.943923,-97.317944
4072,282,27.768021,-97.399135
4073,283,26.208,-98.3992
4074,283,26.208,-98.3992
4075,283,26.208,-98.3992
4076,283,26.208,-98.3992
4077,283,26.208,-98.3992
4078,284,27.729894,-97.385247
4079,285,26.318913,-98.370054
4080,286,27.6064,-97.3117
4081,286,27.6064,-97.3117
4082,286,27.6064,-97.3117
4083,286,27.6064,-97.3117
4084,286,27.6064,-97.3117
4085,286,27.6064,-97.3117
4086,287,26.249888,-97.511842
4087,288,27.695151,-97.269443
4088,289,26.149684,-98.189714
4089,290,26.269683,-97.867012
4090,290,26.269683,-97.867012
4099,291,27.992706,-97.743983
4100,292,27.833756,-97.496523
4101,293,27.634677,-99.258329
4102,294,26.074676,-97.52318
4103,295,26.451111,-98.1775
4104,296,27.9386,-97.4586
4105,296,27.9386,-97.4586
4106,297,26.125979,-97.377599
4107,298,26.1619,-98.058657
4108,299,27.88929,-97.258417
4109,300,27.683277,-97.406289
4110,301,26.235,-97.271778
4111,302,26.232466,-97.823173
4112,303,27.139147,-97.90137
4113,304,27.5667,-99.5089
4114,304,27.5667,-99.5089
4115,304,27.5667,-99.5089
4116,304,27.5667,-99.5089
4117,305,28.764536,-98.48596
4118,306,28.257475,-98.143051
4119,307,26.523359,-99.017108
4120,308,27.752006,-97.436501
4121,309,26.100103,-97.798453
4122,310,26.34172,-98.175759
4123,311,27.662514,-97.371365
4124,312,26.880517,-98.216213
4125,313,28.621959,-97.937625
4126,314,25.988942,-97.443582
4127,315,27.65992,-98.07572
4128,316,26.582929,-98.521632
4129,317,27.634419,-98.496692
4130,318,27.835918,-98.62897
4131,319,28.9377,-99.10765
4132,319,28.9377,-99.10765
4133,319,28.9377,-99.10765
4139,320,28.093161,-97.962915
4140,321,27.223056,-97.789167
4141,321,27.223056,-97.789167
4143,322,28.703396,-99.191188
4144,323,27.986244,-98.060187
4145,324,27.892132,-97.384238
4146,325,27.373543,-99.350596
4147,325,27.373543,-99.350596
4148,326,28.310347,-98.573186
4149,327,28.120701,-97.19689
4150,328,27.73963,-97.46682
4151,329,27.0011,-97.5994
4152,329,27.0011,-97.5994
4153,329,27.0011,-97.5994
4154,330,26.321607,-98.476164
4155,331,26.253727,-98.567191
4156,332,27.703573,-97.345045
4157,333,26.296434,-98.299977
4158,334,27.819412,-97.419203
4159,334,27.819412,-97.419203
4160,334,27.819412,-97.419203
4161,334,27.819412,-97.419203
4162,334,27.819412,-97.419203
4164,335,26.274827,-98.654824
4165,336,27.122529,-97.557372
4166,336,27.122529,-97.557372
4167,337,26.477435,-97.921496
4168,338,27.8139,-97.4283
4169,339,28.170179,-97.817507
4170,340,27.873028,-97.092196
4171,341,26.106086,-97.629292
4172,342,28.935779,-98.428996
4173,343,28.291147,-96.899059
4174,344,29.203679,-98.776694
4175,345,27.751747,-99.126085
4176,346,27.576111,-98.905278
4177,346,27.576111,-98.905278
4178,347,28.568278,-97.579237
4179,348,27.849558,-98.385775
4180,349,27.777437,-97.114983
4181,350,27.9958,-97.2967
4182,350,27.9958,-97.2967
4183,351,26.500883,-97.599064
4184,351,26.500883,-97.599064
4185,352,26.930929,-99.162765
4186,353,26.364153,-97.780439
4187,354,28.293173,-99.214344
4188,355,28.951173,-100.593386
4189,356,28.524903,-99.50848
4190,357,27.456115,-99.417339
4191,358,26.569308,-97.442331
4192,359,25.94113,-97.53276
4193,359,25.94113,-97.53276
4194,361,26.34892,-97.6668
4195,913,27.488056,-99.005278
4196,913,27.488056,-99.005278
4197,913,27.488056,-99.005278
5003,362,32.911702,-96.674838
5004,363,32.158265,-96.329632
5005,364,32.527015,-98.008849
5006,365,32.969699,-96.797334
5007,366,33.231569,-97.109882
5008,367,32.790131,-99.24184
5009,368,32.864887,-96.790359
5010,369,33.031561,-96.673164
5011,370,31.299588,-96.608952
5012,371,33.214869,-97.209692
5013,372,31.842565,-98.805134
5014,373,33.276319,-97.514178
5015,374,32.928037,-97.283914
5016,374,32.928037,-97.283914
5017,375,33.198704,-97.311628
5018,376,33.052226,-98.328415
5019,376,33.052226,-98.328415
5020,376,33.052226,-98.328415
5021,377,32.7206,-97.5142
5022,377,32.7206,-97.5142
5024,378,31.417256,-97.755604
5025,379,32.276663,-97.508356
5026,380,32.639029,-97.335106
5027,381,32.667305,-97.416615
5028,382,32.823978,-97.048681
5029,383,31.291151,-97.260738
5030,384,32.853068,-97.6966
5031,385,33.151747,-96.483157
5032,386,32.746823,-96.802681
5033,387,32.648611,-96.644444
5034,387,32.648611,-96.644444
5043,388,32.945503,-96.375325
5044,389,33.041942,-97.597083
5045,390,32.282235,-98.196717
5046,390,32.282235,-98.196717
5047,391,32.503973,-97.188374
5048,391,32.503973,-97.188374
5049,392,33.1707,-96.1264
5050,392,33.1707,-96.1264
5051,392,33.1707,-96.1264
5052,392,33.1707,-96.1264
5053,393,33.090085,-96.740008
5054,394,31.503056,-96.520013
5055,395,33.1344,-98.6117
5056,395,33.1344,-98.6117
5057,395,33.1344,-98.6117
5058,395,33.1344,-98.6117
5059,396,32.277759,-96.105332
5060,396,32.277759,-96.105332
5063,397,32.775093,-97.14209
5064,397,32.775093,-97.14209
5070,398,32.781246,-96.878831
5071,399,31.576824,-97.127249
5072,400,32.997373,-96.788213
5073,401,31.706204,-99.151374
5074,402,33.241902,-96.807989
5075,403,31.553908,-98.049081
5076,404,32.819566,-96.184835
5077,404,32.819566,-96.184835
5078,405,33.273449,-96.990119
5079,406,31.513756,-97.152983
5080,407,31.34904,-97.21786
5081,408,31.114983,-97.845111
5082,409,32.692105,-97.086517
5083,410,33.172033,-96.69627
5084,410,33.172033,-96.69627
5085,411,32.665618,-96.873056
5086,412,32.719328,-97.155028
5087,413,32.139,-97.06
5088,414,31.8594,-97.3586
5089,414,31.8594,-97.3586
5090,415,32.831279,-96.771191
5091,416,32.038687,-96.807932
5092,417,32.280923,-97.16076
5093,418,32.986624,-97.377255
5094,419,32.23256,-96.706121
5095,420,33.110351,-97.005469
5096,421,33.021793,-96.615482
5097,422,32.814107,-97.091323
5098,423,32.581858,-97.420575
5099,424,33.03489,-97.124906
5100,425,32.770635,-96.746362
5101,426,31.891101,-98.614553
5102,427,32.976063,-96.74208
5103,427,32.976063,-96.74208
5104,428,32.620058,-97.274934
5105,429,32.9192,-96.9894
5108,430,32.636077,-96.964622
5109,431,32.562744,-96.752161
5110,432,32.764096,-98.276879
5111,433,32.960047,-96.838522
5112,434,32.001481,-97.8826
5113,435,33.310446,-97.369773
5114,436,32.568801,-96.255103
5115,437,33.16114,-96.239739
5116,438,33.034225,-96.811607
5117,439,32.691147,-97.262625
5118,440,32.428686,-99.159114
5119,441,33.014983,-98.053654
5120,442,31.748303,-99.032891
5121,442,31.748303,-99.032891
5122,443,32.841987,-96.702574
5123,444,31.202394,-96.814239
5124,444,31.202394,-96.814239
5125,445,32.784952,-97.100052
5126,446,32.912633,-96.736637
5127,447,31.769003,-97.804426
5128,448,32.753141,-96.839613
5129,449,31.5481,-98.49491
5130,450,33.021268,-96.741558
5131,451,31.051688,-97.499909
5132,451,31.051688,-97.499909
5133,452,32.362649,-97.924354
5134,453,32.804272,-98.892466
5135,454,32.495875,-98.66402
5136,455,33.457143,-95.667897
5137,456,31.475671,-97.083854
5138,456,31.475671,-97.083854
5139,457,32.923189,-96.891721
5140,458,31.486416,-97.706884
5141,459,33.321734,-96.378479
5142,460,31.285086,-97.390061
5143,461,32.775915,-97.180963
5144,462,31.627123,-97.215893
5145,463,32.72944,-96.996462
5146,464,32.938077,-96.556367
5147,465,33.075422,-96.802686
5148,466,32.874833,-96.996735
5149,467,32.878497,-96.707819
5150,468,33.276426,-98.382374
5151,469,31.988989,-97.52976
5152,470,32.969008,-96.580883
5153,471,33.098727,-97.723422
5154,472,32.116002,-97.343521
5155,473,32.759373,-98.666449
5156,474,31.931233,-98.927404
5157,475,32.599427,-96.864075
5158,476,32.771707,-96.616717
5159,477,31.029028,-96.934783
5160,478,33.208811,-97.055133
5161,479,32.824924,-96.679438
5162,480,31.661047,-96.955129
5163,481,31.075955,-97.604369
5164,482,33.1975,-97.1061
5165,482,33.1975,-97.1061
5166,482,33.1975,-97.1061
5167,482,33.1975,-97.1061
5168,483,32.868529,-96.876118
5169,484,32.338659,-98.476051
5170,484,32.338659,-98.476051
5171,485,32.043976,-96.91458
5172,486,32.682733,-97.782298
5173,487,33.056756,-96.730831
5174,488,31.8932,-96.8751
5175,489,33.149467,-97.096016
5176,490,32.904994,-98.324274
5177,491,32.635563,-97.148829
5178,492,32.851681,-96.43617
5179,493,32.067483,-96.585136
5180,493,32.067483,-96.585136
5181,494,32.928902,-96.619782
5182,495,31.476579,-97.728745
5183,496,32.962473,-96.89817
5184,497,32.775409,-97.435599
5185,498,33.093365,-97.462793
5186,499,32.452281,-97.072628
5187,500,33.250203,-98.925556
5188,501,33.050164,-96.87454
5189,502,32.802132,-96.788852
5190,503,32.587603,-98.333604
5191,504,31.916215,-97.710123
5192,505,30.936006,-97.934579
5193,505,30.936006,-97.934579
5194,506,32.66066,-96.911882
5195,507,33.114675,-97.173782
5196,508,33.205801,-98.365069
5197,508,33.205801,-98.365069
5198,508,33.205801,-98.365069
5199,509,32.759104,-97.329756
5200,510,32.799602,-98.126806
5201,511,31.710422,-96.818676
5202,512,32.229113,-96.475509
5203,513,32.999309,-96.841688
5204,514,33.101,-97.9574
5205,514,33.101,-97.9574
5206,514,33.101,-97.9574
5207,514,33.101,-97.9574
5208,514,33.101,-97.9574
5209,515,32.083522,-97.736712
5210,516,32.830658,-97.145157
5211,517,31.848506,-96.807276
5212,518,32.439873,-96.678049
5213,519,32.880196,-96.651555
5214,520,32.711405,-96.838591
5215,521,33.371246,-96.933242
5216,522,32.724047,-97.269432
5217,523,32.840011,-97.225295
5218,524,33.099993,-97.340499
5219,525,32.533273,-96.428985
5220,526,33.373051,-97.213359
5221,527,31.149208,-97.633196
5222,528,32.436676,-96.079558
5223,529,31.654919,-96.468137
5224,530,33.005262,-96.896742
5225,531,33.030354,-96.357203
5226,532,31.686677,-98.776277
5227,533,32.758408,-96.301323
5228,534,32.665447,-96.759451
5229,535,32.750602,-96.756846
5230,536,32.811847,-96.812903
5231,537,31.738177,-98.213739
5232,538,32.692186,-97.133304
5233,539,32.860285,-97.086028
5234,540,33.163129,-96.790192
5235,541,30.925736,-97.59865
5236,542,33.383611,-98.711944
5237,542,33.383611,-98.711944
5238,542,33.383611,-98.711944
5239,543,31.383333,-98.466667
5240,543,31.383333,-98.466667
5241,543,31.383333,-98.466667
5243,543,31.383333,-98.466667
5244,544,32.70065,-97.386965
5245,545,32.925765,-97.071545
5246,546,32.208483,-97.795247
5247,547,32.117538,-97.575601
5248,548,32.852971,-97.130443
5249,549,32.787009,-97.523856
5250,550,32.767119,-96.689321
5251,551,32.776671,-97.009389
5252,552,32.902679,-96.793393
5253,553,33.03271,-97.06007
5254,554,33.009335,-97.22672
5255,555,32.704456,-97.993148
5256,556,32.237512,-96.842324
5257,557,32.177712,-96.85118
5258,558,32.7563,-96.4916
5259,559,33.068055,-96.452481
5260,560,32.298365,-97.785515
5261,560,32.298365,-97.785515
5262,560,32.298365,-97.785515
5263,560,32.298365,-97.785515
5264,561,32.298594,-98.552257
5265,562,32.924009,-97.225148
5266,563,32.580181,-96.964675
5267,564,31.409518,-97.531134
5268,565,33.316269,-95.788968
5269,566,32.467194,-97.054333
5270,567,31.816191,-97.243292
5271,568,30.789254,-97.291628
5272,569,32.792496,-96.772763
5273,570,32.963417,-96.984664
5274,571,32.605192,-96.674333
5275,572,31.85346,-96.624458
5276,573,31.468564,-96.794168
5277,574,33.176495,-96.950551
5278,575,31.075303,-97.252433
5279,576,31.055833,-97.317222
5280,576,31.055833,-97.317222
5281,576,31.055833,-97.317222
5282,576,31.055833,-97.317222
5283,576,31.055833,-97.317222
5284,577,32.986,-96.085998
5285,578,33.315883,-97.857678
5286,579,32.075301,-98.34862
5287,580,32.59121,-97.039429
5288,581,33.420872,-95.945707
5289,582,32.944622,-96.801792
5290,583,31.8694,-97.3667
5291,584,32.913522,-97.433835
5292,585,32.847326,-97.482178
5293,586,32.425936,-97.539874
5294,587,32.873485,-96.747539
5295,588,33.166944,-96.601666
5296,588,33.166944,-96.601666
5304,589,33.089587,-96.607767
5305,589,33.089587,-96.607767
5306,590,32.695708,-97.631482
5307,591,33.070292,-96.912391
5308,592,32.8358,-96.5458
5309,593,32.828651,-96.745951
5310,594,32.868421,-97.252132
5311,595,32.84831,-96.825474
5312,596,32.900196,-97.561179
5313,597,32.63852,-96.695516
5314,598,31.662159,-97.506079
5315,599,33.261505,-97.238057
5316,600,32.817309,-96.630277
5317,601,32.337679,-97.734612
5318,601,32.337679,-97.734612
5319,601,32.337679,-97.734612
5320,601,32.337679,-97.734612
5321,601,32.337679,-97.734612
5322,602,32.7231,-96.9358
5323,602,32.7231,-96.9358
5324,602,32.7231,-96.9358
5325,602,32.7231,-96.9358
5326,602,32.7231,-96.9358
5327,603,31.77471,-96.828196
5328,604,31.346717,-97.082774
5329,605,32.711324,-96.781215
5330,606,32.754272,-97.083196
5331,607,33.338899,-96.752977
5332,608,32.904444,-97.386111
5333,609,32.521773,-96.807315
5334,610,32.2664,-99.518879
5335,611,32.885259,-96.942108
5336,612,32.897846,-96.550385
5337,613,33.143056,-98.161111
5338,614,32.56207,-97.631011
5339,615,32.959922,-97.148582
5340,616,32.786796,-96.819971
5341,617,33.068473,-96.963806
5344,618,32.893295,-96.864339
5345,619,32.022461,-97.133361
5346,620,32.707831,-97.338265
5347,621,32.556004,-99.164736
5348,622,32.18398,-97.07141
5349,623,32.617663,-96.778058
5350,624,32.857617,-96.576325
5351,624,32.857617,-96.576325
5352,625,32.792244,-96.744003
5353,626,32.643212,-96.916468
5354,627,32.725663,-96.558988
5355,628,32.302367,-97.037219
5356,629,32.964607,-96.649686
5357,630,33.114327,-96.693964
5358,631,31.474378,-96.957149
5359,631,31.474378,-96.957149
5360,631,31.474378,-96.957149
5361,632,33.1964,-97.9208
5362,632,33.1964,-97.9208
5370,633,33.081367,-97.061017
5371,634,32.552083,-96.539931
5372,635,32.925283,-96.8368
5373,636,32.803436,-97.267376
5374,637,32.716601,-96.620085
5375,638,32.6785,-97.330511
5376,639,32.676238,-96.936565
5377,640,31.112884,-97.729602
5378,641,31.539723,-97.195009
5379,642,32.859685,-97.291523
5380,643,32.32,-96.675
5381,643,32.32,-96.675
5382,643,32.32,-96.675
5383,643,32.32,-96.675
5384,644,32.710306,-96.678549
5385,644,32.710306,-96.678549
5386,645,32.991557,-96.663063
5387,646,32.742058,-97.38173
5388,647,31.620954,-97.09851
5389,647,31.620954,-97.09851
5390,648,30.998647,-97.259017
5391,648,30.998647,-97.259017
5393,649,31.694792,-97.374883
5394,650,32.7683,-99.4228
5395,650,32.7683,-99.4228
5396,650,32.7683,-99.4228
5397,650,32.7683,-99.4228
5399,650,32.7683,-99.4228
5400,651,33.245879,-96.631295
5401,652,32.33422,-97.731686
5402,652,32.33422,-97.731686
5403,652,32.33422,-97.731686
5404,652,32.33422,-97.731686
5405,652,32.33422,-97.731686
5407,653,31.819958,-97.517494
5408,654,33.174219,-96.356004
5409,655,32.689222,-97.18913
5410,656,31.009641,-97.746417
5411,656,31.009641,-97.746417
5412,657,33.012135,-96.534936
5413,658,32.6581,-98.3103
5414,658,32.6581,-98.3103
5415,658,32.6581,-98.3103
5416,658,32.6581,-98.3103
5417,658,32.6581,-98.3103
5418,658,32.6581,-98.3103
5419,658,32.6581,-98.3103
5420,659,32.975361,-97.310486
5421,660,33.066219,-96.309004
5422,661,33.019646,-96.961986
5425,662,32.813576,-96.878036
5426,663,32.366686,-96.245039
5427,664,32.360829,-96.915523
5428,665,32.8172,-97.180586
5429,666,32.816503,-97.359532
5430,667,32.754964,-97.791085
5431,668,32.943901,-96.452875
5432,669,32.848403,-97.903219
5433,670,32.7283,-97.2192
5434,671,33.00085,-97.444409
5435,672,32.600503,-98.17276
5436,673,32.930338,-96.787496
5437,674,31.696619,-97.073707
5438,675,32.7811,-97.354585
5439,676,32.372201,-96.784944
5440,677,32.722844,-97.080239
5441,678,32.652918,-97.379538
5442,679,32.749099,-97.272957
5443,680,32.728688,-97.317801
5444,681,32.4302,-97.0537
5445,681,32.4302,-97.0537
5446,682,31.453501,-97.195339
5447,683,32.639649,-97.217476
5448,684,32.664953,-97.024692
5449,684,32.664953,-97.024692
5450,685,33.285118,-96.566247
5451,686,31.219045,-97.968224
5452,686,31.219045,-97.968224
5453,687,32.3994,-97.4078
5454,688,33.004305,-96.075913
5455,689,33.372433,-97.669953
5456,690,32.116953,-98.98514
5457,691,32.891787,-97.149641
5458,692,30.884326,-97.378809
5459,692,30.884326,-97.378809
5461,693,31.137885,-97.373626
5462,694,32.660862,-96.840948
5463,695,32.825907,-96.966915
5464,696,33.146336,-96.856347
5465,696,33.146336,-96.856347
5466,697,31.467983,-97.735272
5467,698,32.787742,-96.79939
5468,699,32.703913,-96.871889
5469,700,32.708639,-97.363495
5470,701,31.529664,-97.260442
5471,702,32.371306,-98.377389
5472,703,33.169139,-99.266006
5473,704,32.266222,-97.655141
5474,705,31.86976,-97.01498
5475,706,32.414944,-97.196367
5476,707,32.043193,-96.350943
5477,708,31.050856,-97.644625
5478,709,32.796608,-96.954903
5479,710,32.532666,-97.306547
5480,710,32.532666,-97.306547
5481,711,32.63587,-97.503481
5482,712,32.835893,-96.795514
5483,713,32.88659,-97.208384
5484,714,32.006925,-99.290758
5485,715,32.122927,-96.723661
6001,716,29.47982,-98.29926
6002,717,29.65235,-98.656213
6003,718,30.1456,-97.2708
6004,718,30.1456,-97.2708
6005,718,30.1456,-97.2708
6006,718,30.1456,-97.2708
6007,718,30.1456,-97.2708
6008,718,30.1456,-97.2708
6011,719,29.600453,-98.047576
6012,720,30.303885,-97.218899
6013,721,29.371436,-98.593411
6014,722,29.700745,-97.301328
6015,723,29.283035,-98.737267
6016,724,29.460646,-98.571279
6017,725,29.575004,-98.220552
6018,726,30.228276,-97.618833
6019,727,30.293268,-97.76605
6020,728,30.558,-98.3721
6021,729,30.562551,-97.907897
6022,729,30.562551,-97.907897
6023,729,30.562551,-97.907897
6024,730,30.304265,-97.685722
6025,731,29.590028,-98.525262
6026,732,29.341337,-98.705628
6027,733,30.41432,-97.35518
6028,734,30.216168,-97.856006
6029,735,28.952237,-97.887161
6030,736,29.202338,-97.076333
6031,736,29.202338,-97.076333
6032,737,30.319748,-97.958224
6033,738,30.41217,-97.57405
6034,738,30.41217,-97.57405
6035,738,30.41217,-97.57405
6036,739,29.585862,-98.406811
6037,739,29.585862,-98.406811
6038,740,30.293424,-97.784408
6039,740,30.293424,-97.784408
6040,740,30.293424,-97.784408
6043,741,29.462006,-98.676785
6044,742,29.4151,-98.459123
6045,743,29.5889,-98.6139
6046,743,29.5889,-98.6139
6047,743,29.5889,-98.6139
6055,744,29.903262,-98.556446
6056,745,29.696878,-98.070726
6057,745,29.696878,-98.070726
6058,745,29.696878,-98.070726
6059,746,29.285285,-99.329182
6060,747,29.697453,-98.486728
6061,748,30.382481,-97.673467
6062,749,30.215075,-96.410272
6063,749,30.215075,-96.410272
6064,749,30.215075,-96.410272
6065,750,30.773295,-98.04518
6066,751,29.6244,-98.1419
6067,751,29.6244,-98.1419
6068,751,29.6244,-98.1419
6069,751,29.6244,-98.1419
6070,751,29.6244,-98.1419
6071,751,29.6244,-98.1419
6072,751,29.6244,-98.1419
6073,751,29.6244,-98.1419
6074,751,29.6244,-98.1419
6075,752,29.9172,-96.7506
6076,752,29.9172,-96.7506
6077,752,29.9172,-96.7506
6078,752,29.9172,-96.7506
6079,752,29.9172,-96.7506
6080,752,29.9172,-96.7506
6081,753,30.555288,-98.257593
6082,753,30.555288,-98.257593
6083,753,30.555288,-98.257593
6084,754,30.557044,-97.690286
6091,755,30.034449,-98.142776
6092,756,29.476954,-97.448924
6093,757,29.690514,-98.401812
6094,758,29.627214,-98.427068
6095,759,30.560042,-97.546124
6096,760,29.69611,-97.470663
6097,761,29.588638,-98.474585
6098,762,30.38798,-97.706853
6099,763,29.460597,-98.438554
6100,764,29.353553,-98.238308
6101,765,30.02547,-96.9945
6102,765,30.02547,-96.9945
6103,765,30.02547,-96.9945
6104,765,30.02547,-96.9945
6105,765,30.02547,-96.9945
6106,765,30.02547,-96.9945
6107,766,30.565871,-97.064032
6108,766,30.565871,-97.064032
6109,766,30.565871,-97.064032
6112,767,29.1998,-98.842165
6113,768,30.270569,-97.742589
6114,769,29.471464,-98.617755
6115,770,29.556038,-98.360283
6116,771,30.41477,-97.35701
6117,772,30.013899,-97.182148
6118,773,30.503949,-97.8242
6119,773,30.503949,-97.8242
6120,773,30.503949,-97.8242
6121,774,29.537264,-98.487882
6122,775,29.380036,-96.836189
6123,776,30.355657,-97.644682
6124,777,29.758823,-98.190462
6125,778,29.293499,-98.057016
6126,779,30.178419,-97.888662
6127,780,30.891129,-96.907601
6128,781,29.305467,-98.531136
6129,782,29.678291,-99.316592
6130,783,30.132806,-97.874687
6131,784,29.89476,-98.390967
6132,785,30.32223,-97.740167
6133,786,29.727617,-97.15845
6134,787,30.710857,-97.413885
6135,788,30.043016,-96.699188
6136,789,30.647924,-97.753177
6137,790,30.3899,-97.9073
6138,791,29.689692,-98.911216
6139,792,29.844013,-97.357996
6140,793,30.818633,-97.502485
6141,794,29.4289,-98.3433
6142,794,29.4289,-98.3433
6143,794,29.4289,-98.3433
6150,795,29.545289,-98.556564
6151,796,29.686278,-96.933605
6152,797,29.257046,-98.384045
6153,797,29.257046,-98.384045
6154,798,30.224134,-98.134815
6155,799,29.271667,-98.444722
6156,800,30.581216,-98.208732
6157,801,29.747683,-98.65027
6158,802,30.286936,-96.189365
6159,803,29.547068,-98.262642
6160,804,30.269969,-97.683557
6161,805,29.593056,-97.973215
6162,805,29.593056,-97.973215
6163,805,29.593056,-97.973215
6164,805,29.593056,-97.973215
6165,805,29.593056,-97.973215
6166,805,29.593056,-97.973215
6167,805,29.593056,-97.973215
6168,806,29.43445,-98.61765
6169,807,29.357251,-98.886655
6170,807,29.357251,-98.886655
6171,807,29.357251,-98.886655
6172,808,29.097035,-97.282413
6173,808,29.097035,-97.282413
6174,809,29.49163,-98.397127
6175,810,30.2867,-97.7356
6176,811,30.111915,-98.033573
6177,812,29.537782,-98.734752
6178,812,29.537782,-98.734752
6179,813,29.660485,-98.583454
6180,814,29.350393,-98.10703
6181,815,30.339696,-97.523512
6182,816,29.3525,-98.5761
6183,817,30.167624,-96.923038
6184,818,30.268138,-97.86919
6185,819,30.261084,-97.959435
6186,820,30.430749,-97.840085
6187,821,30.418557,-97.802545
6188,822,29.695979,-96.42546
6189,822,29.695979,-96.42546
6190,823,29.5649,-97.083825
6191,824,29.620088,-98.334481
6192,825,30.541565,-96.676232
6193,825,30.541565,-96.676232
6194,826,30.126966,-97.739969
6195,827,30.024253,-96.451051
6196,828,29.940066,-97.568294
6197,829,29.501708,-98.569451
6198,829,29.501708,-98.569451
6199,829,29.501708,-98.569451
6200,830,29.43993,-98.458718
6201,831,29.387986,-98.526019
6202,832,29.659595,-97.785202
6203,833,29.488906,-98.456235
6204,834,29.44123,-98.480515
6205,835,30.16711,-97.823998
6206,836,30.354823,-96.840158
6207,837,30.449996,-97.971806
6208,838,30.429937,-97.717796
6209,839,29.501055,-98.853494
6210,840,30.556,-98.3384
6211,840,30.556,-98.3384
6212,840,30.556,-98.3384
6213,840,30.556,-98.3384
6214,840,30.556,-98.3384
6217,841,30.37835,-97.951209
6218,842,29.871471,-97.676772
6219,843,30.351538,-97.732571
6220,844,29.538074,-98.415198
6221,845,28.867033,-98.240425
6222,846,30.206844,-97.79742
6223,846,30.206844,-97.79742
6224,847,30.402654,-97.761064
6225,848,29.464611,-98.493653
6226,849,30.182914,-98.566548
6227,850,30.243032,-97.765081
6228,851,29.880162,-97.966164
6229,851,29.880162,-97.966164
6230,851,29.880162,-97.966164
6231,852,30.078514,-97.838012
6232,853,30.150985,-97.607312
6233,854,30.3033,-97.6128
6234,855,29.400889,-98.730674
6235,855,29.400889,-98.730674
6236,855,29.400889,-98.730674
6237,856,30.960219,-97.12452
6238,857,30.230475,-97.714082
6239,858,29.308056,-98.3242
6240,858,29.308056,-98.3242
6241,858,29.308056,-98.3242
6242,858,29.308056,-98.3242
6243,858,29.308056,-98.3242
6250,859,29.518637,-98.362961
6251,860,29.971139,-98.228231
6252,861,30.402261,-98.359569
6253,862,28.857734,-97.428562
6254,863,30.2098,-97.6129
6255,863,30.2098,-97.6129
6256,863,30.2098,-97.6129
6257,863,30.2098,-97.6129
6258,863,30.2098,-97.6129
6259,863,30.2098,-97.6129
6260,863,30.2098,-97.6129
6261,864,29.391283,-98.618734
6262,865,30.748955,-97.875708
6263,866,28.733411,-97.894958
6264,866,28.733411,-97.894958
6265,867,29.129714,-97.311236
6275,868,29.395776,-98.464401
6276,869,29.243915,-98.622442
6277,870,29.875,-97.807
6278,870,29.875,-97.807
6279,871,29.54277,-97.937078
6280,871,29.54277,-97.937078
6281,872,29.525969,-98.277499
6282,873,30.430044,-98.112655
6283,874,29.43659,-98.205116
6284,875,29.271,-98.456
6285,876,29.859217,-98.706275
6286,876,29.859217,-98.706275
6287,877,29.422404,-98.525943
6288,877,29.422404,-98.525943
6289,878,30.348236,-97.768136
6290,879,30.492379,-97.748312
6291,880,29.624725,-98.624048
6292,881,30.1458,-97.55
6293,881,30.1458,-97.55
6294,881,30.1458,-97.55
6295,881,30.1458,-97.55
6296,881,30.1458,-97.55
6297,881,30.1458,-97.55
6298,882,29.7806,-97.9894
6299,882,29.7806,-97.9894
6300,882,29.7806,-97.9894
6301,882,29.7806,-97.9894
6302,882,29.7806,-97.9894
6303,882,29.7806,-97.9894
6304,882,29.7806,-97.9894
6306,883,30.331818,-97.704294
6307,884,29.421133,-98.570938
6308,885,29.427375,-99.141134
6309,885,29.427375,-99.141134
6310,886,29.474147,-98.348083
6311,887,29.806557,-96.686537
6312,888,29.44665,-98.387361
6313,889,30.321025,-97.884751
6314,890,29.769466,-98.453225
6315,891,30.841795,-97.809699
6316,891,30.841795,-97.809699
6319,891,30.841795,-97.809699
6320,892,29.418151,-98.394314
6321,893,29.073446,-98.080406
6322,893,29.073446,-98.080406
6323,894,29.404404,-98.505028
6324,895,29.309722,-98.3203
6325,896,30.852653,-97.148898
6326,897,30.471301,-96.438114
6327,898,29.488624,-96.652467
6328,899,29.972312,-98.904706
6329,900,28.871642,-97.696944
6330,901,30.183798,-97.684275
6331,902,30.458396,-97.755344
6332,903,29.609914,-98.746764
6333,904,29.503453,-98.664636
6334,904,29.503453,-98.664636
6335,904,29.503453,-98.664636
6336,905,29.707222,-99.095171
6337,906,29.516401,-98.52303
6338,907,30.700385,-96.83055
6339,908,30.094098,-97.495104
6340,909,29.428917,-97.735834
6341,910,30.1223,-96.258442
6342,911,30.501747,-97.647206
6343,911,30.501747,-97.647206
6344,911,30.501747,-97.647206
6345,912,30.289963,-97.714696
6346,360,29.070547,-98.48181
6349,914,30.397351,-97.842586
6350,914,30.397351,-97.842586
6351,914,30.397351,-97.842586
6352,915,29.634097,-98.497426
6353,916,30.543356,-97.64559
6354,917,30.534355,-97.725618
6355,917,30.534355,-97.725618
6356,918,29.468413,-98.528889
6357,919,29.135837,-99.168888
6358,920,30.659122,-97.618195
6359,921,30.800718,-98.283025
6360,921,30.800718,-98.283025
7001,922,28.83905,-96.889623
7002,923,29.72475,-95.176479
7003,923,29.72475,-95.176479
7004,923,29.72475,-95.176479
7005,923,29.72475,-95.176479
7006,923,29.72475,-95.176479
7007,923,29.72475,-95.176479
7008,923,29.72475,-95.176479
7009,923,29.72475,-95.176479
7010,924,30.086834,-95.990493
7011,925,30.28584,-95.312397
7012,926,29.687606,-95.95226
7013,927,29.97967,-95.572835
7014,928,29.8108,-95.2539
7016,929,29.8161,-95.10773
7017,930,29.815893,-95.522964
7018,931,28.8947,-97.135
7019,931,28.8947,-97.135
7020,931,28.8947,-97.135
7021,931,28.8947,-97.135
7022,931,28.8947,-97.135
7023,931,28.8947,-97.135
7024,931,28.8947,-97.135
7026,932,29.49233,-94.98483
7027,933,30.100394,-95.356377
7028,934,29.652393,-95.521183
7029,935,28.5105,-96.7706
7030,935,28.5105,-96.7706
7031,935,28.5105,-96.7706
7032,935,28.5105,-96.7706
7033,935,28.5105,-96.7706
7034,935,28.5105,-96.7706
7035,936,30.307375,-95.438548
7036,936,30.307375,-95.438548
7037,937,29.670004,-95.708089
7038,937,29.670004,-95.708089
7039,937,29.670004,-95.708089
7040,938,30.054436,-94.921994
7041,938,30.054436,-94.921994
7042,939,28.7883,-97.01
7043,939,28.7883,-97.01
7044,939,28.7883,-97.01
7045,939,28.7883,-97.01
7046,939,28.7883,-97.01
7047,940,29.837561,-95.733756
7048,940,29.837561,-95.733756
7049,940,29.837561,-95.733756
7050,941,30.156257,-95.74926
7051,942,29.8634,-95.341409
7052,943,29.600434,-95.515549
7053,944,29.4731,-95.6244
7054,945,29.883214,-95.111345
7055,946,29.724893,-95.363752
7056,947,30.194985,-95.548211
7057,947,30.194985,-95.548211
7058,948,28.6917,-96.5417
7059,948,28.6917,-96.5417
7060,948,28.6917,-96.5417
7061,948,28.6917,-96.5417
7062,948,28.6917,-96.5417
7063,948,28.6917,-96.5417
7064,948,28.6917,-96.5417
7065,948,28.6917,-96.5417
7066,948,28.6917,-96.5417
7067,949,29.911171,-95.341182
7068,950,29.122,-96.276
7069,950,29.122,-96.276
7070,951,29.619365,-95.191192
7071,952,28.444644,-96.491788
7072,953,29.456766,-95.031051
7073,954,29.310535,-94.775768
7074,954,29.310535,-94.775768
7075,955,29.723185,-95.128856
7076,956,29.75,-94.9256
7077,956,29.75,-94.9256
7078,956,29.75,-94.9256
7079,956,29.75,-94.9256
7080,956,29.75,-94.9256
7083,957,29.50069,-95.08195
7084,957,29.50069,-95.08195
7085,958,29.263123,-95.258004
7086,959,29.739444,-95.194722
7087,960,29.620312,-95.605693
7088,961,29.64609,-95.794526
7089,962,29.812687,-95.583634
7090,963,30.160534,-95.669154
7091,964,29.545325,-95.350068
7092,965,29.734813,-95.416098
7093,966,29.741325,-95.560254
7094,967,29.826448,-95.426267
7095,968,28.795,-96.0481
7096,968,28.795,-96.0481
7097,968,28.795,-96.0481
7098,968,28.795,-96.0481
7099,968,28.795,-96.0481
7100,969,29.718525,-95.274137
7101,970,29.694472,-95.649627
7102,971,30.094886,-95.585826
7103,972,29.743564,-95.30891
7104,973,29.713414,-95.134508
7105,973,29.713414,-95.134508
7106,973,29.713414,-95.134508
7107,973,29.713414,-95.134508
7108,973,29.713414,-95.134508
7109,973,29.713414,-95.134508
7110,973,29.713414,-95.134508
7111,973,29.713414,-95.134508
7112,973,29.713414,-95.134508
7116,974,29.631324,-96.076894
7117,975,29.917695,-95.489993
7118,976,30.059307,-95.470689
7119,977,29.661032,-95.229784
7120,978,29.726017,-95.638249
7123,979,28.429626,-96.574173
7124,980,29.795344,-95.36759
7125,981,29.484448,-95.621636
7126,981,29.484448,-95.621636
7127,981,29.484448,-95.621636
7128,982,30.324546,-95.505008
7129,983,28.852327,-96.556418
7130,984,29.759124,-95.009648
7131,984,29.759124,-95.009648
7132,984,29.759124,-95.009648
7133,984,29.759124,-95.009648
7134,984,29.759124,-95.009648
7135,984,29.759124,-95.009648
7136,984,29.759124,-95.009648
7137,984,29.759124,-95.009648
7143,985,30.161219,-95.189761
7144,986,29.6981,-95.2547
7145,987,29.9522,-95.2422
7147,988,29.652205,-95.54623
7148,989,29.89036,-95.392527
7149,990,28.695562,-96.794157
7150,991,30.471374,-95.363872
7151,991,30.471374,-95.363872
7152,992,29.733777,-95.433346
7153,993,28.623423,-96.189925
7154,994,30.188194,-95.416291
7155,995,29.685706,-95.434764
7156,996,30.062169,-95.383966
7157,996,30.062169,-95.383966
7158,997,30.053105,-95.157943
7159,998,29.9417,-95.5306
7160,998,29.9417,-95.5306
7161,998,29.9417,-95.5306
7162,998,29.9417,-95.5306
7163,998,29.9417,-95.5306
7164,998,29.9417,-95.5306
7165,998,29.9417,-95.5306
7166,998,29.9417,-95.5306
7167,998,29.9417,-95.5306
7168,998,29.9417,-95.5306
7169,998,29.9417,-95.5306
7170,998,29.9417,-95.5306
7171,999,29.378097,-94.932773
7172,999,29.378097,-94.932773
7173,1000,30.046777,-95.221022
7174,1001,29.573552,-95.130613
7175,1002,30.040876,-95.528919
7176,1002,30.040876,-95.528919
7177,1002,30.040876,-95.528919
7178,1003,29.934695,-95.394872
7179,1004,29.537301,-95.474615
7180,1005,29.798249,-95.416933
7181,1006,29.881487,-95.452619
7182,1007,29.792687,-96.012215
7183,1008,29.701847,-95.534537
7184,1009,29.480277,-95.620277
7185,1009,29.480277,-95.620277
7186,1010,29.721048,-95.39536
7187,1010,29.721048,-95.39536
7188,1010,29.721048,-95.39536
7198,1011,30.061727,-95.681504
7199,1012,29.997775,-95.669444
7200,1012,29.997775,-95.669444
7201,1012,29.997775,-95.669444
7202,1013,30.099931,-96.065554
7203,1014,29.137519,-95.667972
7204,1015,29.6744,-94.9139
7205,1015,29.6744,-94.9139
7206,1015,29.6744,-94.9139
7213,1016,29.303555,-95.032327
7214,1017,29.66688,-95.335133
7215,1018,30.178248,-95.50096
7216,1019,29.771545,-95.411083
7217,1020,29.773179,-95.314327
7218,1021,30.306163,-95.68639
7219,1022,29.45527,-96.088253
7220,1023,29.670869,-95.58599
7221,1024,29.699688,-95.584817
7222,1025,29.721825,-95.318275
7223,1026,29.988446,-95.531201
7224,1027,29.703454,-95.398317
7225,1028,29.8586,-95.580768
7226,1029,29.656113,-95.378696
7227,1030,29.827486,-95.65992
7228,1030,29.827486,-95.65992
7229,1030,29.827486,-95.65992
7230,1031,29.537482,-95.969548
7231,1032,29.613602,-95.11937
7232,1033,29.378697,-94.943829
7233,1034,30.079593,-95.932264
7234,1035,30.106685,-95.297121
7235,1036,29.93433,-95.74763
7236,1037,29.987805,-95.353412
7237,1038,29.560311,-95.98036
7238,1039,30.075658,-94.733441
7239,1040,29.868546,-94.603021
7240,1041,29.647267,-95.451516
7241,1042,29.771225,-95.511751
7242,1043,29.918595,-95.441194
7243,1044,29.87404,-95.018244
7244,1045,29.45566,-95.31001
7245,1046,30.00824,-95.438996
7246,1047,29.909215,-95.651234
7247,1048,29.191,-95.663
7248,1049,29.736295,-95.523292
7249,1050,29.800187,-95.328888
7250,1051,29.753624,-95.35981
7251,1052,30.047619,-95.833733
7252,1053,29.228486,-95.427444
7253,1053,29.228486,-95.427444
7254,1054,30.377954,-95.37714
7255,1055,29.74097,-95.391302
7256,1056,29.583542,-95.460693
7257,1057,29.561554,-95.279739
7258,1058,29.740079,-95.446409
7259,1059,29.586959,-95.225601
7260,1060,29.848372,-95.016398
7261,1061,28.8433,-95.8631
7262,1061,28.8433,-95.8631
7263,1062,29.6225,-95.0458
7264,1062,29.6225,-95.0458
7265,1062,29.6225,-95.0458
7266,1062,29.6225,-95.0458
7267,1062,29.6225,-95.0458
7268,1062,29.6225,-95.0458
7269,1062,29.6225,-95.0458
7271,1063,29.848463,-95.977102
7272,1064,29.618714,-95.324221
7273,1065,29.426389,-94.976667
7274,1066,28.67673,-97.198682
7275,1066,28.67673,-97.198682
7276,1067,29.83159,-95.379553
7277,1068,29.109147,-96.528761
7278,1069,29.7731,-94.9019
7279,1069,29.7731,-94.9019
7280,1069,29.7731,-94.9019
7281,1069,29.7731,-94.9019
7282,1070,29.751645,-94.92312
7283,1070,29.751645,-94.92312
7284,1070,29.751645,-94.92312
7285,1070,29.751645,-94.92312
7286,1070,29.751645,-94.92312
7290,1071,30.123428,-95.517064
7291,1072,30.017301,-95.286217
7292,1073,29.943892,-95.531254
7293,1074,29.364468,-95.131078
7294,1075,29.506866,-94.520121
7295,1076,29.999296,-95.400207
7296,1077,29.776093,-95.603037
7297,1078,29.64536,-95.45169
7298,1079,29.830024,-95.474409
7299,1080,29.397447,-96.384508
7300,1081,30.221853,-95.338811
7301,1082,29.53864,-95.1361
7302,1083,28.933093,-95.734948
7303,1084,28.85788,-96.353868
7304,1085,29.289415,-96.065399
7305,1085,29.289415,-96.065399
7306,1085,29.289415,-96.065399
7307,1085,29.289415,-96.065399
7308,1085,29.289415,-96.065399
7309,1085,29.289415,-96.065399
7312,1086,29.002,-95.394
7313,1086,29.002,-95.394
7314,1087,29.987117,-96.252942
7315,1088,29.853215,-95.831456
7316,1089,29.61065,-95.386863
7317,1090,29.515074,-95.192133
7318,1091,29.62042,-95.268939
7319,1092,30.007063,-95.488362
7320,1093,28.9802,-95.342
7321,1093,28.9802,-95.342
7322,1093,28.9802,-95.342
7323,1093,28.9802,-95.342
7324,1093,28.9802,-95.342
7325,1093,28.9802,-95.342
7326,1093,28.9802,-95.342
7327,1094,29.2639,-95.8997
7328,1094,29.2639,-95.8997
7329,1094,29.2639,-95.8997
7330,1095,29.704019,-95.460905
7331,1096,29.7189,-95.2319
7332,1096,29.7189,-95.2319
7333,1096,29.7189,-95.2319
7334,1096,29.7189,-95.2319
7335,1096,29.7189,-95.2319
7336,1097,29.62431,-95.567968
7337,1098,29.042415,-96.689715
7338,1099,29.685621,-95.304159
7339,1100,29.33355,-95.82544
7340,1101,29.795148,-96.107713
7341,1102,29.74063,-95.829571
7342,1102,29.74063,-95.829571
7343,1102,29.74063,-95.829571
7344,1103,29.860021,-95.382184
7345,1104,29.647012,-95.27663
7346,1105,29.4828,-95.6311
7347,1105,29.4828,-95.6311
7348,1105,29.4828,-95.6311
7349,1105,29.4828,-95.6311
7350,1105,29.4828,-95.6311
7351,1105,29.4828,-95.6311
7352,1105,29.4828,-95.6311
7353,1105,29.4828,-95.6311
7354,1105,29.4828,-95.6311
7355,1105,29.4828,-95.6311
7356,1105,29.4828,-95.6311
7357,1105,29.4828,-95.6311
7362,1106,29.748202,-95.468948
7363,1107,29.253166,-94.924652
7364,1108,29.522218,-96.218695
7365,1109,29.862532,-95.29998
7366,1110,29.836952,-95.121744
7367,1110,29.836952,-95.121744
7368,1110,29.836952,-95.121744
7369,1110,29.836952,-95.121744
7370,1110,29.836952,-95.121744
7371,1110,29.836952,-95.121744
7372,1110,29.836952,-95.121744
7373,1110,29.836952,-95.121744
7380,1111,28.979167,-95.306944
7381,1112,29.852379,-95.254076
7382,1113,29.69843,-95.3569
7383,1114,29.364128,-95.435068
7384,1115,29.68025,-95.404913
7385,1116,29.874575,-95.527099
7386,1117,29.687947,-95.515725
7387,1118,29.994499,-95.177499
7388,1119,29.796871,-95.49165
7389,1120,30.4356,-95.5214
7390,1120,30.4356,-95.5214
7391,1120,30.4356,-95.5214
7392,1121,29.838138,-94.900661
7393,1122,29.191296,-95.967518
7394,1123,30.009659,-95.040827
7395,1124,29.853067,-95.435966
7396,1125,29.769285,-95.681292
7397,1126,29.56318,-95.80023
7398,1127,29.647916,-95.18978
7399,1128,29.75415,-95.409498
7400,1129,29.822201,-95.219429
7401,1129,29.822201,-95.219429
7402,1129,29.822201,-95.219429
7403,1130,29.7028,-95.0718
7404,1131,29.952629,-95.446609
7405,1132,29.278188,-94.83329
7406,1133,28.650278,-96.539722
7407,1133,28.650278,-96.539722
7408,1133,28.650278,-96.539722
7409,1134,29.745681,-95.742143
7410,1134,29.745681,-95.742143
7411,1135,30.136972,-95.46836
7412,1136,29.281605,-95.295533
7413,1137,29.349096,-96.191821
7414,1138,28.69637,-96.9453
7415,1138,28.69637,-96.9453
7416,1138,28.69637,-96.9453
7417,1139,29.646811,-95.450539
7418,1140,29.620736,-95.48615
7419,1141,29.7314,-95.0839
7420,1142,30.216858,-95.647214
7421,1142,30.216858,-95.647214
7422,1143,29.432362,-95.250698
7423,1143,29.432362,-95.250698
7424,1143,29.432362,-95.250698
7425,1144,29.926556,-95.603242
7426,1145,28.960572,-95.558277
7427,1146,29.750233,-95.615384
7428,1147,28.991289,-95.407481
7429,1147,28.991289,-95.407481
7430,1147,28.991289,-95.407481
7431,1148,30.233845,-95.495681
7432,1149,30.953672,-95.905344
8001,1150,31.132442,-96.13919
8002,1151,32.26754,-95.077715
8003,1152,31.136452,-95.934344
8004,1153,31.340783,-94.82617
8005,1153,31.340783,-94.82617
8006,1154,32.218325,-95.413415
8007,1155,32.11274,-95.347503
8008,1156,32.271436,-95.521442
8009,1157,30.316397,-95.84999
8010,1158,31.235882,-96.22928
8011,1159,31.93201,-95.980743
8012,1160,30.527987,-96.011435
8013,1161,32.816432,-95.424745
8014,1162,31.092367,-95.499937
8015,1163,31.230511,-94.509986
8016,1164,30.661252,-96.322612
8017,1165,32.035939,-95.418796
8018,1166,32.321937,-95.302223
8019,1166,32.321937,-95.302223
8020,1167,32.4744,-95.7156
8021,1168,31.81932,-94.520617
8022,1169,31.465312,-94.367277
8023,1170,31.365833,-94.743611
8025,1171,31.863226,-95.484612
8026,1172,32.537897,-95.435716
8027,1173,32.221577,-95.220644
8028,1174,32.250339,-94.936535
8029,1175,32.646573,-95.687531
8030,1176,30.65991,-95.973798
8031,1176,30.65991,-95.973798
8032,1176,30.65991,-95.973798
8033,1176,30.65991,-95.973798
8037,1177,30.959521,-95.715509
8038,1178,33.167979,-95.608219
8039,1179,32.535169,-95.643977
8040,1180,32.158557,-95.643712
8041,1181,31.723329,-94.628596
8042,1182,31.186933,-94.758734
8043,1183,31.8907,-96.1131
8044,1183,31.8907,-96.1131
8045,1183,31.8907,-96.1131
8046,1183,31.8907,-96.1131
8047,1183,31.8907,-96.1131
8048,1183,31.8907,-96.1131
8049,1183,31.8907,-96.1131
8050,1183,31.8907,-96.1131
8051,1183,31.8907,-96.1131
8052,1184,32.304235,-95.390814
8053,1185,32.244008,-95.807608
8054,1186,31.473728,-96.009175
8055,1187,31.779325,-95.19267
8056,1188,32.482238,-95.106353
8057,1189,31.8206,-96.0544
8058,1189,31.8206,-96.0544
8059,1189,31.8206,-96.0544
8062,1190,31.796249,-94.85434
8063,1191,31.631742,-94.740721
8064,1192,31.782559,-96.093621
8065,1193,32.160767,-96.195272
8066,1194,33.21732,-95.4621
8067,1195,31.4219,-96.2525
8068,1195,31.4219,-96.2525
8069,1195,31.4219,-96.2525
8070,1195,31.4219,-96.2525
8071,1195,31.4219,-96.2525
8072,1196,31.946003,-95.813468
8073,1197,32.880733,-95.749061
8074,1198,32.017826,-94.619743
8075,1198,32.017826,-94.619743
8076,1198,32.017826,-94.619743
8077,1198,32.017826,-94.619743
8078,1198,32.017826,-94.619743
8079,1198,32.017826,-94.619743
8080,1198,32.017826,-94.619743
8081,1199,32.413107,-95.443348
8082,1200,31.1803,-96.4866
8083,1200,31.1803,-96.4866
8084,1200,31.1803,-96.4866
8086,1200,31.1803,-96.4866
8087,1200,31.1803,-96.4866
8088,1200,31.1803,-96.4866
8089,1201,32.418412,-95.21307
8090,1202,31.606693,-95.58334
8091,1203,31.896737,-96.467327
8092,1204,31.557267,-95.863721
8093,1205,33.241961,-94.857848
8094,1206,30.561385,-96.272583
8095,1206,30.561385,-96.272583
8096,1207,32.715013,-95.854461
8097,1208,31.832132,-94.90064
8098,1208,31.832132,-94.90064
8099,1208,31.832132,-94.90064
8100,1209,32.301523,-95.177964
8101,1210,31.61295,-95.06209
8102,1211,31.09828,-96.66368
8103,1212,31.32952,-96.152778
8104,1213,30.369294,-96.054766
8105,1214,33.284418,-95.163557
8106,1214,33.284418,-95.163557
8107,1215,33.024442,-95.197098
8108,1216,32.703269,-95.994666
8109,1217,32.094348,-95.906047
8110,1218,32.989261,-95.912936
8111,1219,31.301706,-94.641414
8112,1220,31.93985,-94.989834
8113,1220,31.93985,-94.989834
8114,1220,31.93985,-94.989834
8115,1220,31.93985,-94.989834
8116,1220,31.93985,-94.989834
8118,1221,31.188898,-95.255739
8119,1222,31.925449,-94.704029
8120,1223,30.797736,-96.312084
8121,1224,31.945137,-95.25698
8122,1225,30.743004,-96.548436
8123,1226,32.12747,-96.01423
8124,1227,33.098096,-95.803234
8125,1228,31.509051,-94.527216
8126,1229,33.0917,-95.0417
8127,1229,33.0917,-95.0417
8128,1229,33.0917,-95.0417
8132,1230,31.4789,-96.229757
8133,1231,32.235066,-95.321028
8134,1231,32.235066,-95.321028
8135,1232,32.362434,-95.315262
8136,1233,32.925093,-95.568154
8137,1234,31.390774,-95.126653
8138,1235,32.362631,-95.086688
8139,1236,30.617778,-96.343333
8140,1236,30.617778,-96.343333
8141,1237,30.881424,-96.62542
8142,1238,33.201315,-95.319229
8143,1239,30.705329,-96.069829
8144,1240,31.76524,-96.329922
8145,1241,33.01419,-95.460935
8146,1242,32.239409,-94.728328
8147,1243,32.124519,-96.101277
8148,1243,32.124519,-96.101277
8149,1243,32.124519,-96.101277
8150,1244,31.138382,-94.375214
8151,1245,31.417425,-95.481652
8152,1246,30.64741,-96.372316
8153,1247,32.518146,-95.888865
8154,1248,32.469555,-95.307879
8155,1249,31.091925,-96.69503
8156,1249,31.091925,-96.69503
8157,1249,31.091925,-96.69503
8158,1250,30.7217,-96.4608
8159,1250,30.7217,-96.4608
8160,1250,30.7217,-96.4608
12500,1271,32.2606,-94.5706
12501,1271,32.2606,-94.5706
12502,1271,32.2606,-94.5706
12503,1271,32.2606,-94.5706
12504,1271,32.2606,-94.5706
12505,558,32.7563,-96.4916
12506,558,32.7563,-96.4916
12507,558,32.7563,-96.4916
12508,558,32.7563,-96.4916
12509,558,32.7563,-96.4916
12510,558,32.7563,-96.4916
12511,558,32.7563,-96.4916
12512,558,32.7563,-96.4916
12513,558,32.7563,-96.4916
12514,681,32.4302,-97.0537
12515,681,32.4302,-97.0537
12516,681,32.4302,-97.0537
12517,681,32.4302,-97.0537
12518,681,32.4302,-97.0537
12519,681,32.4302,-97.0537
12520,576,31.055833,-97.317222
12521,576,31.055833,-97.317222
12522,576,31.055833,-97.317222
12523,895,29.309722,-98.3203
12524,895,29.309722,-98.3203
12525,895,29.309722,-98.3203
12526,751,29.6244,-98.1419
12527,751,29.6244,-98.1419
12528,670,32.7283,-97.2192
12529,670,32.7283,-97.2192
12530,670,32.7283,-97.2192
12531,670,32.7283,-97.2192
12532,514,33.101,-97.9574
12533,514,33.101,-97.9574
12534,514,33.101,-97.9574
12535,286,27.6064,-97.3117
12536,592,32.8358,-96.5458
12537,592,32.8358,-96.5458
12538,592,32.8358,-96.5458
12540,1069,29.7731,-94.9019
12541,1069,29.7731,-94.9019
12542,948,28.6917,-96.5417
12543,948,28.6917,-96.5417
12544,1122,29.191296,-95.967518
12545,1122,29.191296,-95.967518
12546,1122,29.191296,-95.967518
12547,414,31.8594,-97.3586
12548,414,31.8594,-97.3586
12549,414,31.8594,-97.3586
12550,414,31.8594,-97.3586
12551,414,31.8594,-97.3586
12552,1096,29.7189,-95.2319
12553,1096,29.7189,-95.2319
12554,179,32.214024,-100.05712
12555,1272,33.0583,-97.9103
12556,1272,33.0583,-97.9103
12557,1272,33.0583,-97.9103
12558,1272,33.0583,-97.9103
12559,1272,33.0583,-97.9103
12560,244,26.3403,-98.19
12561,244,26.3403,-98.19
12562,244,26.3403,-98.19
12563,244,26.3403,-98.19
12564,180,31.951958,-101.018936
12565,256,28.7128,-97.214167
12566,334,27.819412,-97.419203
12567,999,29.378097,-94.932773
12568,999,29.378097,-94.932773
12569,999,29.378097,-94.932773
12570,999,29.378097,-94.932773
12571,999,29.378097,-94.932773
12572,999,29.378097,-94.932773
12573,1273,29.2878,-96.0683
12574,1273,29.2878,-96.0683
12575,1273,29.2878,-96.0683
12576,1273,29.2878,-96.0683
12577,1273,29.2878,-96.0683
12578,1273,29.2878,-96.0683
12579,1273,29.2878,-96.0683
12580,1273,29.2878,-96.0683
12581,1274,34.485162,-101.971401
12582,1274,34.485162,-101.971401
12583,1274,34.485162,-101.971401
12584,1275,29.013637,-96.220536
12585,1275,29.013637,-96.220536
12586,1275,29.013637,-96.220536
12588,648,30.998647,-97.259017
12589,648,30.998647,-97.259017
12590,1276,31.461242,-96.824928
12591,1276,31.461242,-96.824928
12592,1276,31.461242,-96.824928
12593,1277,31.171652,-101.881147
12594,1277,31.171652,-101.881147
12595,1277,31.171652,-101.881147
12596,944,29.4731,-95.6244
12597,944,29.4731,-95.6244
12598,944,29.4731,-95.6244
12599,944,29.4731,-95.6244
12600,1278,32.403056,-97.700556
12601,1278,32.403056,-97.700556
12602,1278,32.403056,-97.700556
12603,1278,32.403056,-97.700556
12604,1278,32.403056,-97.700556
12605,1278,32.403056,-97.700556
12606,1278,32.403056,-97.700556
12607,1279,31.79261,-100.69729
12609,1279,31.79261,-100.69729
12610,797,29.257046,-98.384045
12611,797,29.257046,-98.384045
12612,797,29.257046,-98.384045
12613,728,30.558,-98.3721
12614,728,30.558,-98.3721
12615,728,30.558,-98.3721
12616,728,30.558,-98.3721
12617,1280,34.913,-102.2706
12618,1280,34.913,-102.2706
12619,1280,34.913,-102.2706
12620,1281,30.1478,-97.2714
12621,1281,30.1478,-97.2714
12622,1281,30.1478,-97.2714
12623,1281,30.1478,-97.2714
12624,1281,30.1478,-97.2714
12626,338,27.8139,-97.4283
12627,338,27.8139,-97.4283
12628,338,27.8139,-97.4283
12629,1282,30.91,-101.263
12630,1282,30.91,-101.263
12631,1282,30.91,-101.263
12632,1283,34.4067,-101.59661
12633,1283,34.4067,-101.59661
12634,1283,34.4067,-101.59661
12635,950,29.122,-96.276
12636,1284,33.119213,-98.852577
12637,1284,33.119213,-98.852577
12638,1284,33.119213,-98.852577
12639,1285,29.02939,-96.2362
12640,1285,29.02939,-96.2362
12641,1285,29.02939,-96.2362
12643,310,26.34172,-98.175759
12644,310,26.34172,-98.175759
12645,310,26.34172,-98.175759
12646,222,31.262546,-99.843961
12647,222,31.262546,-99.843961
12648,929,29.8161,-95.10773
12649,929,29.8161,-95.10773
12650,929,29.8161,-95.10773
12651,929,29.8161,-95.10773
12652,929,29.8161,-95.10773
12653,929,29.8161,-95.10773
12654,929,29.8161,-95.10773
12655,929,29.8161,-95.10773
12656,171,31.5481,-99.1872
12657,171,31.5481,-99.1872
12658,171,31.5481,-99.1872
12659,1286,32.883528,-100.746389
12661,1286,32.883528,-100.746389
12662,1286,32.883528,-100.746389
12663,1287,32.901081,-100.982695
12664,1287,32.901081,-100.982695
12665,1287,32.901081,-100.982695
12666,1287,32.901081,-100.982695
12667,1,31.8414,-102.315
12668,1,31.8414,-102.315
12669,1,31.8414,-102.315
12670,1,31.8414,-102.315
12671,1,31.8414,-102.315
12672,1,31.8414,-102.315
12673,1,31.8414,-102.315
12675,94,33.39167,-95.42519
12676,703,33.169139,-99.266006
12677,703,33.169139,-99.266006
12678,703,33.169139,-99.266006
12679,1288,32.116388,-102.528333
12680,1288,32.116388,-102.528333
12681,1288,32.116388,-102.528333
12682,1147,28.991289,-95.407481
12683,1147,28.991289,-95.407481
12684,1147,28.991289,-95.407481
12685,1147,28.991289,-95.407481
12686,1147,28.991289,-95.407481
12687,25,31.219444,-102.19222
12688,25,31.219444,-102.19222
12689,1065,29.426389,-94.976667
12690,1289,29.0728,-95.745
12691,1289,29.0728,-95.745
12692,1289,29.0728,-95.745
12693,1289,29.0728,-95.745
12694,1289,29.0728,-95.745
12695,1289,29.0728,-95.745
12696,1100,29.33355,-95.82544
12697,1100,29.33355,-95.82544
12699,1033,29.378697,-94.943829
12700,1033,29.378697,-94.943829
12701,1033,29.378697,-94.943829
12702,1033,29.378697,-94.943829
12703,1033,29.378697,-94.943829
12704,1073,29.943892,-95.531254
12705,1073,29.943892,-95.531254
12706,1073,29.943892,-95.531254
12708,413,32.139,-97.06
12709,599,33.261505,-97.238057
12710,599,33.261505,-97.238057
12711,599,33.261505,-97.238057
12712,511,31.710422,-96.818676
12713,511,31.710422,-96.818676
12715,1290,33.22392,-95.730767
12716,1290,33.22392,-95.730767
12717,1290,33.22392,-95.730767
12718,1291,32.5557,-101.660063
12719,1291,32.5557,-101.660063
12720,1291,32.5557,-101.660063
12721,160,32.3358,-100.9156
12722,160,32.3358,-100.9156
12723,160,32.3358,-100.9156
12724,160,32.3358,-100.9156
12725,160,32.3358,-100.9156
12726,160,32.3358,-100.9156
12727,160,32.3358,-100.9156
12728,559,33.068055,-96.452481
12729,559,33.068055,-96.452481
12730,559,33.068055,-96.452481
12731,559,33.068055,-96.452481
12732,559,33.068055,-96.452481
12733,3,32.926389,-101.647778
12734,3,32.926389,-101.647778
12735,1292,33.85245,-99.06509
12736,1292,33.85245,-99.06509
12737,1292,33.85245,-99.06509
12739,299,27.88929,-97.258417
12740,299,27.88929,-97.258417
12741,299,27.88929,-97.258417
12742,1078,29.64536,-95.45169
12743,1060,29.848372,-95.016398
12745,62,33.915315,-99.740278
12746,1293,29.159228,-96.141572
12747,1293,29.159228,-96.141572
12748,1293,29.159228,-96.141572
12749,958,29.263123,-95.258004
12750,958,29.263123,-95.258004
12751,1294,33.303497,-101.65722
12752,1294,33.303497,-101.65722
12753,1294,33.303497,-101.65722
12754,1295,33.746323,-99.665516
12755,1295,33.746323,-99.665516
12756,1295,33.746323,-99.665516
12758,1238,33.201315,-95.319229
12759,1238,33.201315,-95.319229
12760,1129,29.822201,-95.219429
12761,932,29.49233,-94.98483
12763,1296,32.072844,-96.22393
12764,1296,32.072844,-96.22393
12765,1296,32.072844,-96.22393
12766,1053,29.228486,-95.427444
12769,72,33.481551,-95.269247
12771,653,31.819958,-97.517494
12773,339,28.170179,-97.817507
12774,27,31.10409,-102.60625
12775,27,31.10409,-102.60625
12776,1249,31.091925,-96.69503
12777,1249,31.091925,-96.69503
12779,455,33.457143,-95.667897
12780,455,33.457143,-95.667897
12782,1045,29.45566,-95.31001
12783,1297,33.021601,-99.61463
12785,1297,33.021601,-99.61463
12786,1297,33.021601,-99.61463
12788,1298,32.772889,-101.39102
12789,1298,32.772889,-101.39102
12790,1298,32.772889,-101.39102
12791,32,31.207988,-101.110787
12792,32,31.207988,-101.110787
12794,449,31.5481,-98.49491
12795,1299,31.729906,-101.29894
12796,1299,31.729906,-101.29894
12797,1299,31.729906,-101.29894
12799,142,33.186882,-99.595332
12800,351,26.500883,-97.599064
12802,346,27.576111,-98.905278
12803,1300,32.069167,-102.585556
12804,1300,32.069167,-102.585556
12805,1300,32.069167,-102.585556
12806,1300,32.069167,-102.585556
12807,1301,34.196962,-101.381494
12808,1301,34.196962,-101.381494
12809,1301,34.196962,-101.381494
12810,1302,31.181377,-101.318787
12811,1302,31.181377,-101.318787
12812,1302,31.181377,-101.318787
12813,1303,33.150904,-101.679188
12814,1303,33.150904,-101.679188
12815,1303,33.150904,-101.679188
12816,1304,27.614411,-98.7945
12818,1304,27.614411,-98.7945
12819,1305,30.594908,-101.453021
12820,1305,30.594908,-101.453021
12821,1305,30.594908,-101.453021
12822,1306,32.287873,-102.840399
12823,1306,32.287873,-102.840399
12824,1306,32.287873,-102.840399
12826,1307,31.549868,-96.904072
12827,1307,31.549868,-96.904072
12828,1214,33.284418,-95.163557
12829,603,31.77471,-96.828196
12830,603,31.77471,-96.828196
12831,1308,28.4279,-97.4544
12833,1308,28.4279,-97.4544
12834,1309,31.36,-103.33
12835,1309,31.36,-103.33
12836,1309,31.36,-103.33
12837,1310,34.72,-102.253333
12838,1310,34.72,-102.253333
12839,1310,34.72,-102.253333
12841,572,31.85346,-96.624458
12842,1311,32.28938,-99.291596
12844,1311,32.28938,-99.291596
12845,140,35.653889,-100.538611
12846,1312,34.511944,-102.051944
12847,1312,34.511944,-102.051944
12848,1312,34.511944,-102.051944
12849,1133,28.650278,-96.539722
12850,1133,28.650278,-96.539722
12852,1313,29.894053,-97.270537
12853,1313,29.894053,-97.270537
12854,1313,29.894053,-97.270537
12855,53,31.2092,-102.2417
12856,53,31.2092,-102.2417
12858,313,28.621959,-97.937625
12859,313,28.621959,-97.937625
12860,1314,29.227109,-95.430756
12861,1314,29.227109,-95.430756
12862,1114,29.364128,-95.435068
12863,687,32.3994,-97.4078
12864,687,32.3994,-97.4078
12865,687,32.3994,-97.4078
12866,1315,35.093889,-101.326111
12867,1315,35.093889,-101.326111
12868,1315,35.093889,-101.326111
12870,1141,29.7314,-95.0839
12871,1141,29.7314,-95.0839
12872,1141,29.7314,-95.0839
12873,1141,29.7314,-95.0839
12874,1239,30.705329,-96.069829
12875,1239,30.705329,-96.069829
12876,1316,31.70038,-104.458136
12878,1316,31.70038,-104.458136
12879,1317,29.240399,-96.011535
12880,1317,29.240399,-96.011535
12881,1317,29.240399,-96.011535
12882,1318,33.825,-101.099722
12883,1318,33.825,-101.099722
12884,1318,33.825,-101.099722
12885,1319,32.437418,-99.108907
12887,1319,32.437418,-99.108907
12888,1320,28.628,-97.724
12890,1320,28.628,-97.724
12891,10,31.165245,-103.125868
12892,10,31.165245,-103.125868
12893,1321,31.030996,-102.488209
12894,1321,31.030996,-102.488209
12895,1321,31.030996,-102.488209
12896,359,25.94113,-97.53276
12897,1322,32.863769,-100.975128
12898,1322,32.863769,-100.975128
12899,1322,32.863769,-100.975128
12900,1323,33.320637,-100.982201
12902,1323,33.320637,-100.982201
12903,404,32.819566,-96.184835
12904,404,32.819566,-96.184835
12905,404,32.819566,-96.184835
12906,1324,26.465556,-98.411111
12907,1324,26.465556,-98.411111
12908,128,33.345366,-99.624257
12909,1251,31.843422,-102.868295
12910,1325,31.435932,-99.796613
12911,1325,31.435932,-99.796613
12912,1326,33.25102,-95.193426
12913,1326,33.25102,-95.193426
12914,1327,28.655277,-98.001388
12915,1327,28.655277,-98.001388
12916,1328,33.426498,-95.357449
12917,1328,33.426498,-95.357449
12918,1329,32.275814,-102.844806
12919,1329,32.275814,-102.844806
12920,705,31.86976,-97.01498
12921,1203,31.896737,-96.467327
12922,1330,29.388758,-94.947928
12923,1330,29.388758,-94.947928
12924,856,30.960219,-97.12452
12925,477,31.029028,-96.934783
12926,1331,31.45,-96.86
12927,1331,31.45,-96.86
12928,1331,31.45,-96.86
12929,1194,33.21732,-95.4621
12930,238,27.32,-99.0
12931,250,27.5925,-97.500833
12932,435,33.310446,-97.369773
12933,955,29.723185,-95.128856
12934,955,29.723185,-95.128856
12935,1332,28.896781,-95.865183
12936,1332,28.896781,-95.865183
12937,1333,33.732181,-99.726392
12938,1333,33.732181,-99.726392
12939,1334,32.84879,-100.866458
12940,1334,32.84879,-100.866458
12941,175,32.3122,-100.5303
12942,1335,28.905346,-96.978078
12943,1335,28.905346,-96.978078
12944,1335,28.905346,-96.978078
12945,1336,34.380532,-100.099625
12946,1336,34.380532,-100.099625
12947,1038,29.560311,-95.98036
12948,1337,29.806984,-97.07408
12949,1337,29.806984,-97.07408
12950,573,31.468564,-96.794168
12951,1338,31.045676,-96.858633
12952,1338,31.045676,-96.858633
12953,1339,33.599167,-95.525056
12954,1339,33.599167,-95.525056
12955,634,32.552083,-96.539931
12956,251,26.376651,-97.993045
12957,263,28.2078,-97.522673
12958,69,33.6968,-95.5577
12959,236,26.461461,-98.285881
12960,267,26.649,-99.0387
12961,1243,32.124519,-96.101277
12962,1340,34.6675,-102.577778
12963,1340,34.6675,-102.577778
12964,93,34.102943,-99.118746
12965,1341,33.35,-99.54
12966,1341,33.35,-99.54
12967,1022,29.45527,-96.088253
12968,1193,32.160767,-96.195272
12969,1193,32.160767,-96.195272
12970,1342,26.522222,-97.691111
12971,1342,26.522222,-97.691111
12972,1343,29.358425,-95.746388
12973,1343,29.358425,-95.746388
12974,1344,28.974482,-95.993814
12975,1344,28.974482,-95.993814
12976,1345,27.580489,-97.640077
12977,1345,27.580489,-97.640077
12978,1346,33.609313,-99.58229
12979,1346,33.609313,-99.58229
12980,1347,32.741383,-101.621793
12981,1347,32.741383,-101.621793
12982,1348,29.295201,-95.42685
12983,1348,29.295201,-95.42685
12984,1349,30.936,-101.607
12985,1349,30.936,-101.607
12986,1350,33.639193,-95.629049
12987,1350,33.639193,-95.629049
12988,1068,29.109147,-96.528761
12989,1068,29.109147,-96.528761
12990,248,28.197778,-97.444953
12991,1351,27.553355,-97.675284
12992,1351,27.553355,-97.675284
12993,1351,27.553355,-97.675284
12994,1352,28.988761,-95.395417
12995,1352,28.988761,-95.395417
12996,1353,32.781168,-100.006455
12997,1353,32.781168,-100.006455
12998,40,32.273178,-101.422386
12999,1354,33.433264,-95.574442
13000,1354,33.433264,-95.574442
13001,1354,33.433264,-95.574442
13002,1355,32.7,-101.741111
13003,1355,32.7,-101.741111
13004,1356,35.200164,-102.315517
13005,1356,35.200164,-102.315517
13006,1357,30.967591,-97.165108
13007,1357,30.967591,-97.165108
13008,1358,30.651189,-96.091337
13009,1358,30.651189,-96.091337
13010,1359,27.03028,-99.388388
13011,1359,27.03028,-99.388388
13012,1360,33.182414,-99.389888
13013,1360,33.182414,-99.389888
13014,12,31.74325,-101.493407
13015,1044,29.87404,-95.018244
13016,1250,30.7217,-96.4608
13017,107,33.509722,-98.360833
13018,1361,32.089488,-98.178531
13019,1361,32.089488,-98.178531
13020,176,32.796921,-99.880885
13021,159,32.783669,-99.720186
13022,1362,31.186,-103.128
13023,1362,31.186,-103.128
13024,216,29.291845,-99.612368
13025,1363,26.475278,-97.691111
13026,1363,26.475278,-97.691111
13027,1364,31.191687,-102.317227
13028,1364,31.191687,-102.317227
13029,1365,33.841272,-99.657805
13030,1365,33.841272,-99.657805
13031,1366,29.209729,-96.029597
13032,1366,29.209729,-96.029597
13033,361,26.34892,-97.6668
13034,1367,26.69842,-99.05745
13035,1367,26.69842,-99.05745
13036,1368,26.941667,-97.6425
13037,1368,26.941667,-97.6425
13038,1369,34.49,-101.97
13039,1369,34.49,-101.97
13040,1014,29.137519,-95.667972
13041,1370,33.719262,-99.023013
13042,1370,33.719262,-99.023013
13043,1370,33.719262,-99.023013
13044,1371,29.350992,-100.562028
13045,1371,29.350992,-100.562028
13046,1372,34.170488,-99.563436
13047,1372,34.170488,-99.563436
13048,353,26.364153,-97.780439
13049,291,27.992706,-97.743983
13050,350,27.9958,-97.2967
13051,1373,31.8225,-98.690556
13052,1373,31.8225,-98.690556
13053,1374,26.33072,-97.5857
13054,1374,26.33072,-97.5857
13055,1375,34.311111,-101.251111
13056,1375,34.311111,-101.251111
13057,1376,34.748056,-102.174444
13058,1376,34.748056,-102.174444
13059,1377,35.254184,-101.186622
13060,1377,35.254184,-101.186622
13061,1378,26.388611,-98.806111
13062,1378,26.388611,-98.806111
13063,1379,26.380556,-98.818333
13064,1379,26.380556,-98.818333
13065,1380,34.080556,-101.323611
13066,1380,34.080556,-101.323611
13067,1381,27.44,-98.91
13068,1381,27.44,-98.91
13069,1382,31.684511,-98.603358
13070,1382,31.684511,-98.603358
13071,1383,32.104125,-100.162375
13072,1383,32.104125,-100.162375
13073,1384,31.517,-100.6
13074,1384,31.517,-100.6
13075,1385,26.523692,-98.745522
13076,1385,26.523692,-98.745522
13077,1386,33.26102,-95.193426
13078,1386,33.26102,-95.193426
13079,1387,32.811041,-99.91749
13080,1387,32.811041,-99.91749
13081,1048,29.191,-95.663
13082,293,27.634677,-99.258329
13083,1388,28.44208,-99.75582
13084,1388,28.44208,-99.75582
13085,1389,33.781077,-100.883227
13086,1389,33.781077,-100.883227
13087,1390,30.992905,-102.289475
13088,1390,30.992905,-102.289475
13089,1391,33.889462,-101.80158
13090,1391,33.889462,-101.80158
13091,1392,33.32056,-100.981664
13092,1392,33.32056,-100.981664
13093,1393,26.652863,-98.014871
13094,1393,26.652863,-98.014871
13095,1394,29.150279,-95.651179
13096,1394,29.150279,-95.651179
13097,1395,29.063305,-95.735431
13098,1395,29.063305,-95.735431
13099,1396,29.1779,-95.7612
13100,1396,29.1779,-95.7612
13101,1397,29.39,-95.78
13102,1397,29.39,-95.78
13103,1211,31.09828,-96.66368
13104,1398,28.947973,-99.067186
13105,1398,28.947973,-99.067186
13106,1399,30.996511,-97.001505
13107,1399,30.996511,-97.001505
13108,1400,26.45,-98.48
13109,1400,26.45,-98.48
13110,824,29.620088,-98.334481
13111,1401,33.213466,-99.47612
13112,1401,33.213466,-99.47612
13113,981,29.484448,-95.621636
13114,1402,33.467803,-95.370856
13115,1402,33.467803,-95.370856
13116,287,26.249888,-97.511842
13117,1403,31.39376,-98.35936
13118,1403,31.39376,-98.35936
13119,1404,31.727237,-101.582
13120,1404,31.727237,-101.582
13121,525,32.533273,-96.428985
13122,1405,28.68851,-96.509833
13123,1405,28.68851,-96.509833
13124,1406,35.295,-102.721111
13125,1406,35.295,-102.721111
13126,1407,29.2567,-98.3825
13127,688,33.004305,-96.075913
13128,1408,26.195278,-97.466111
13129,1408,26.195278,-97.466111
13130,55,31.995,-102.828333
13131,1409,27.184652,-97.59818
13132,1409,27.184652,-97.59818
13133,1410,33.268,-99.468
13134,1410,33.268,-99.468
13135,1411,34.072251,-99.264676
13136,1411,34.072251,-99.264676
13137,1412,30.995503,-102.223537
13138,1412,30.995503,-102.223537
13139,136,35.442778,-101.372778
13140,1413,31.255,-102.272
13141,1413,31.255,-102.272
13142,1414,31.242177,-99.421266
13143,1414,31.242177,-99.421266
13144,1415,31.719983,-104.442292
13145,1415,31.719983,-104.442292
13146,82,33.54915,-97.32958
13147,1416,30.885123,-102.42261
13148,1416,30.885123,-102.42261
13149,1417,35.18172,-100.934408
13150,1417,35.18172,-100.934408
13151,1136,29.281605,-95.295533
13152,1418,29.378164,-94.92195
13153,1418,29.378164,-94.92195
13154,1418,29.378164,-94.92195
13155,1419,31.157269,-101.831603
13156,1419,31.157269,-101.831603
13157,1420,32.1981,-100.2686
13158,1420,32.1981,-100.2686
13159,1421,35.259819,-102.06431
13160,1421,35.259819,-102.06431
13161,1422,34.378546,-102.053717
13162,1422,34.378546,-102.053717
13163,1423,29.0919,-96.09
13164,1423,29.0919,-96.09
13165,1424,34.769544,-102.052422
13166,1424,34.769544,-102.052422
13167,1425,27.954976,-97.300202
13168,1425,27.954976,-97.300202
13169,1426,31.754037,-101.67516
13170,1426,31.754037,-101.67516
13171,1427,35.276944,-102.682778
13172,1427,35.276944,-102.682778
13173,649,31.694792,-97.374883
13174,1428,32.386,-102.949
13175,1428,32.386,-102.949
13176,1429,29.694838,-95.040622
13177,1429,29.694838,-95.040622
13178,1429,29.694838,-95.040622
13179,1430,31.360331,-99.551356
13180,1430,31.360331,-99.551356
13181,1431,30.904629,-102.915916
13182,1431,30.904629,-102.915916
13183,1432,31.214,-100.255
13184,1432,31.214,-100.255
13185,21,32.875073,-101.208955
13186,1433,30.960209,-103.306662
13187,1433,30.960209,-103.306662
13188,472,32.116002,-97.343521
13189,1434,30.57552,-102.551292
13190,1434,30.57552,-102.551292
13191,1435,32.635105,-98.677196
13192,1435,32.635105,-98.677196
13193,440,32.428686,-99.159114
13194,1436,34.070333,-101.187628
13195,1436,34.070333,-101.187628
13196,1061,28.8433,-95.8631
13197,92,33.752201,-100.967402
13198,1437,31.085435,-100.67882
13199,1437,31.085435,-100.67882
13200,1438,35.205278,-101.434167
13201,1438,35.205278,-101.434167
13202,1439,33.628222,-99.411169
13203,1439,33.628222,-99.411169
13204,1440,33.645964,-99.532944
13205,1440,33.645964,-99.532944
13206,74,34.432267,-101.237233
13207,1441,34.668882,-102.351727
13208,1441,34.668882,-102.351727
13209,1442,33.8093,-101.342405
13210,1442,33.8093,-101.342405
13211,1443,31.241808,-102.29027
13212,1443,31.241808,-102.29027
13213,1253,31.703258,-102.701206
13214,1444,31.254361,-102.31165
13215,1444,31.254361,-102.31165
13216,1445,30.010255,-94.486313
13217,1445,30.010255,-94.486313
13218,1446,31.233457,-102.308519
13219,1446,31.233457,-102.308519
13220,1447,33.00659,-99.60541
13221,1447,33.00659,-99.60541
13222,1448,33.01659,-99.60541
13223,1448,33.01659,-99.60541
13224,1449,28.430335,-97.452375
13225,1449,28.430335,-97.452375
13226,1450,28.440335,-97.452375
13227,1450,28.440335,-97.452375
13228,1451,27.577207,-99.276018
13229,1451,27.577207,-99.276018
13230,1452,32.72233,-101.638499
13231,1452,32.72233,-101.638499
13232,1453,29.227753,-95.428061
13233,1453,29.227753,-95.428061
13234,1454,29.023637,-96.220536
13235,1454,29.023637,-96.220536
13236,499,32.452281,-97.072628
13237,1455,33.457356,-97.289614
13238,1455,33.457356,-97.289614
13239,1456,29.72753,-100.79431
13240,1456,29.72753,-100.79431
13241,1457,31.112474,-100.028142
13242,1457,31.112474,-100.028142
13243,1458,32.308524,-99.164198
13244,1458,32.308524,-99.164198
13245,622,32.18398,-97.07141
13246,217,32.290833,-100.4219
13247,1459,26.288889,-97.496389
13248,1459,26.288889,-97.496389
13249,1260,31.7983,-101.9043
13250,307,26.523359,-99.017108
13251,249,26.090103,-97.798453
13252,419,32.23256,-96.706121
13253,1460,29.753517,-94.997277
13254,1123,30.009659,-95.040827
13255,1123,30.009659,-95.040827
13256,1461,27.918286,-97.98045
13257,1461,27.918286,-97.98045
13258,223,32.7204,-100.9952
13259,1462,28.883196,-99.178605
13260,1462,28.883196,-99.178605
13261,493,32.067483,-96.585136
13262,219,32.3983,-100.6481
13263,130,33.703851,-97.372009
13264,186,31.534768,-100.113803
13265,726,30.228276,-97.618833
13266,1463,33.210732,-97.418986
13267,1463,33.210732,-97.418986
13268,1464,33.404486,-96.082472
13269,1464,33.404486,-96.082472
13270,1465,33.5211,-101.7906
13271,1466,29.242304,-95.658144
13272,1466,29.242304,-95.658144
13273,531,33.030354,-96.357203
13274,1467,31.000883,-102.281744
13275,1467,31.000883,-102.281744
13276,1041,29.647267,-95.451516
13277,1468,30.993056,-102.270833
13278,1468,30.993056,-102.270833
13279,49,31.9361,-101.2983
13280,1469,31.888,-100.825
13281,1469,31.888,-100.825
13282,1470,32.308524,-99.164498
13283,1470,32.308524,-99.164498
13284,221,32.303889,-100.021667
13285,1471,29.409669,-95.73405
13286,1471,29.409669,-95.73405
13287,1472,29.2293,-95.1952
13288,613,33.143056,-98.161111
13289,1473,26.411689,-98.571554
13290,1473,26.411689,-98.571554
13291,1474,31.446237,-99.902973
13292,1474,31.446237,-99.902973
13293,537,31.738177,-98.213739
13294,1475,31.09331,-102.35964
13295,1475,31.09331,-102.35964
13296,1476,25.9131,-97.5214
13297,1477,28.69954,-100.40353
13298,1477,28.69954,-100.40353
13299,224,32.4081,-100.1286
13300,1478,32.290724,-100.865736
13301,1478,32.290724,-100.865736
13302,1479,31.197285,-103.361771
13303,1479,31.197285,-103.361771
13304,1480,31.45115,-103.361771
13305,1480,31.45115,-103.361771
13306,1481,32.7171,-101.9378
13307,1481,32.7171,-101.9378
13308,702,32.371306,-98.377389
13309,604,31.346717,-97.082774
13310,1482,31.356717,-97.082774
13311,1482,31.356717,-97.082774
13312,1483,32.747058,-100.954661
13313,1484,29.216667,-99.716111
13314,1484,29.216667,-99.716111
13315,1485,33.04,-99.5525
13316,1485,33.04,-99.5525
13317,1486,32.715611,-101.926522
13318,1486,32.715611,-101.926522
13319,1487,31.4308,-103.7289
13320,1487,31.4308,-103.7289
13321,1254,32.460054,-102.672809
13322,608,32.904444,-97.386111
13323,265,26.169846,-98.329793
13324,255,26.166944,-98.325
13325,1488,30.737745,-99.231778
13326,1488,30.737745,-99.231778
13327,865,30.748955,-97.875708
13328,1489,29.16801,-95.445062
13329,1489,29.16801,-95.445062
13330,1490,33.3256,-97.31433
13331,1490,33.3256,-97.31433
13332,738,30.41217,-97.57405
13333,1491,29.170545,-95.741574
13334,1491,29.170545,-95.741574
13335,1492,29.225956,-99.700281
13336,1492,29.225956,-99.700281
13337,1493,29.21997,-99.746383
13338,1493,29.21997,-99.746383
13339,1494,30.924381,-102.953583
13340,1494,30.924381,-102.953583
13341,1139,29.646811,-95.450539
13342,1495,31.54,-97.409
13343,1495,31.54,-97.409
13344,875,29.271,-98.456
13345,357,27.456115,-99.417339
13346,1126,29.56318,-95.80023
13347,957,29.50069,-95.08195
13348,983,28.852327,-96.556418
13349,1496,34.225882,-99.477986
13350,1496,34.225882,-99.477986
13351,228,32.3472,-100.3703
13352,297,26.125979,-97.377599
13353,913,27.488056,-99.005278
13354,1086,29.002,-95.394
13355,1497,28.64807,-96.54621
13356,1498,28.7853,-97.0093
13357,1499,28.698477,-96.946125
13358,1500,29.88193,-95.11148
13359,1501,32.92544,-101.219397
13360,1501,32.92544,-101.219397
13361,1502,30.931467,-102.201433
13362,1502,30.931467,-102.201433
13363,78,33.500378,-96.146489
13364,1503,30.9614,-102.414067
13365,1503,30.9614,-102.414067
13366,1504,32.236944,-100.4833
13367,1504,32.236944,-100.4833
13368,566,32.467194,-97.054333
13369,1505,29.289809,-95.298609
13370,1505,29.289809,-95.298609
13371,1506,30.9514,-102.414067
13372,1506,30.9514,-102.414067
13373,1507,27.18,-98.916667
13374,1507,27.18,-98.916667
13375,1508,28.675088,-96.956014
13376,1508,28.675088,-96.956014
13377,1509,33.6039,-101.8408
13378,1510,29.475278,-95.634167
13379,1510,29.475278,-95.634167
13380,1511,32.318524,-99.164198
13381,1511,32.318524,-99.164198
13382,1512,31.78,-97.51
13383,1512,31.78,-97.51
13384,1111,28.979167,-95.306944
13385,1513,29.806021,-100.804452
13386,1513,29.806021,-100.804452
13387,1514,30.310524,-96.47887
13388,1514,30.310524,-96.47887
13389,1515,30.495668,-103.450965
13390,1516,33.5493,-97.1798
13391,1517,29.449827,-101.06011
13392,1518,34.105,-101.0986
13393,1519,31.060893,-94.1062
13394,1520,28.430988,-97.889555
13395,1521,34.060333,-101.187628
13396,1522,26.492862,-98.448267
13397,1523,30.96,-103.35
13398,1524,30.3419,-94.0656
13399,1525,30.98784,-102.26831
13400,1526,30.45512,-103.4747
13401,1527,32.713326,-101.885218
13402,1528,29.056,-95.686
13403,1529,32.85583,-100.991681
13404,1530,29.15923,-95.6626
13405,1531,35.9454,-101.9005
13406,1532,29.2558,-95.2103
13407,1533,28.5707,-96.8333
13408,1534,29.37612,-94.946477
13409,1535,32.2075,-101.388333
13410,1536,27.8322,-97.5281
13411,1537,30.238492,-97.508812
13412,1538,34.299,-99.399
13413,1539,31.87,-100.828
13414,1540,31.692358,-102.69743
13415,1541,31.23924,-102.32169
13416,1542,31.815992,-104.085297
13417,1543,33.585257,-101.886093
13418,1544,29.304177,-98.400339
13419,1545,35.964272,-101.540238
13420,1546,35.924858,-101.541363
13421,1547,33.166173,-96.172617
13422,1548,29.205355,-96.023384
13423,1549,27.421553,-98.834962
13424,1550,32.494346,-101.276601
13425,1551,26.230501,-97.912557
13426,1552,28.987572,-95.969842
13427,1553,26.408729,-98.937425
13428,1554,26.390951,-98.820386
13429,171,31.5481,-99.1872
