week,r2_oracle,spearman_oracle,sign_oracle,topdec_oracle,r2_clim,spearman_clim,sign_clim,topdec_clim,r2_pers,spearman_pers,sign_pers,topdec_pers,coverage,n_shared,rotation_corr
2025-03-02,0.657157392495602,0.7864144217681387,0.8054828829403695,0.6496598639455783,0.044558312169303615,0.15675882402203486,0.4268417190441247,0.4254205364030737,-0.05712683318395362,0.395856789622984,0.6495230194939859,0.45421876408884615,0.7186195996877063,167,0.53625267454955
2025-03-09,0.6810691780215596,0.7976807396241441,0.8621582888192332,0.6261540330417882,0.010149793740415025,0.2022718187841089,0.5560954300560226,0.42784256559766765,-0.06635755527746157,0.3811206101465736,0.6087076477395523,0.5241739552964043,0.7096222413684873,176,0.5155363898009451
2025-03-16,0.8397830880117703,0.8507486264730967,0.9420319127449001,0.6930879494655006,0.1608474399619536,0.38295518984589044,0.6632304274194801,0.4265063168124392,-0.25010932870535707,0.3540358694601559,0.660332799900564,0.3997206025267249,0.6978985458796942,169,0.38387079269020546
2025-03-23,0.5611672799626052,0.7728855463730504,0.9286223086880261,0.7298955296404277,0.23769340389946925,0.45593332275365045,0.7518822907650947,0.5857628765792031,0.1622346243381263,0.5104668230383952,0.789551084184162,0.5800534499514092,0.7510087602274698,171,0.4201853690205256
2025-03-30,0.802532687091893,0.8671698189164648,0.9269329424697691,0.7591715257531585,0.2626043518882757,0.567028245926612,0.7916379626236717,0.5769557823129251,0.17582043449356022,0.5565895717013926,0.7624331256870649,0.5752551020408163,0.8525853293660751,175,0.3797750829291333
2025-04-06,0.7741929435229689,0.7529685211879483,0.8851098232581968,0.6790573372206025,0.25832708890758105,0.46498007700172617,0.6511990906762295,0.5232021379980564,-0.2526688698736692,0.3280530741331781,0.6034355788934426,0.5108722060252673,0.7931054969695174,214,0.36768043992848765
2025-04-13,0.5848908334211839,0.8357153336373396,0.8818554967607932,0.7632410106899903,0.28783019268552545,0.6556252431231635,0.7758412400121515,0.5703960155490767,0.2486049026199062,0.6589807402777575,0.8077458370717854,0.6303449951409135,0.8260030887103091,179,0.4225918039802254
2025-04-20,-0.01908069878365337,0.7823967464956469,0.8905751053774429,0.7239431486880467,0.15338162435840264,0.5812587220512805,0.7787233363137055,0.6261540330417882,-0.08766940557877012,0.5813873715224614,0.7822359177417295,0.6087827988338192,0.7520878318931286,175,0.28766606214433466
2025-04-27,0.524489402426197,0.7420022107764078,0.7960696525120451,0.5999987852283771,0.2333402477686195,0.5996635564459334,0.7458984647322189,0.6938678328474248,0.10311877929258284,0.5514644132205458,0.7334815411547816,0.5434924684159379,0.7756870686378393,185,0.2560855682602406
2025-05-04,0.4609738127067238,0.7248010504958003,0.7628453083196338,0.6894047619047619,0.18270009609463322,0.48299315546256494,0.7475904973729168,0.7168452380952381,-0.010466629267751548,0.4861317952675733,0.6833478387003191,0.6290476190476191,0.7384536713490306,204,0.29190518878872307
2025-05-11,0.3942254471806831,0.841271063883253,0.80064671086894,0.729107142857143,0.1913775492971096,0.576991138772823,0.7555635012553342,0.6240476190476191,0.09008156217170737,0.6522935017895412,0.7555479553209847,0.6332738095238095,0.7384256195991498,212,0.26954914098946525
2025-05-18,0.6594405717382776,0.8881262346889339,0.863464305478694,0.7979166666666667,0.37827128821854805,0.603906929987736,0.7868954067515218,0.7660119047619047,0.06619761134995539,0.7341051032177683,0.7804537908135031,0.7496428571428572,0.8508832193661724,195,0.3467887336640917
2025-05-25,0.8960485164806373,0.848773590801855,0.9294645719781981,0.8130357142857141,0.21834948608934368,0.5619486480534658,0.8004740530389777,0.6739285714285715,0.5082443308870781,0.6902132181382992,0.8502839738011267,0.7120238095238095,0.8477663462137225,198,0.3241903702931716
2025-06-01,0.8947914365644534,0.8544272849147131,0.8843686846498551,0.8882673267326734,0.28349753213235185,0.6301348724294813,0.8182387312186978,0.7886203441772748,0.5575330421566482,0.6846091542948477,0.7938889377031896,0.75489627534182,0.8412386858251839,187,0.32270268028160426
2025-06-08,0.9002210442484907,0.870721841312749,0.9167387636804084,0.8485384252710986,0.2651053350428648,0.5797660681011438,0.7519790630272094,0.667138142385667,0.37574627527817006,0.744451515591485,0.8558528355755505,0.7418670438472419,0.8459913696194975,185,0.3315581451633795
2025-06-15,0.8079125225929957,0.8779515507884177,0.8880182084213949,0.8544908062234794,0.31392989746791866,0.5893399025905597,0.7815883596163226,0.7375648279113626,0.26110147534570294,0.6024116296883507,0.7604617135425135,0.7548326261197548,0.9132902479997896,197,0.44519810575739954
2025-06-22,0.8453291640783058,0.8387614807468233,0.9170196238000998,0.8876709099481376,0.22113143697275417,0.5926828366618875,0.7955592135683504,0.7887788778877888,0.6387831846224392,0.7389961032105846,0.895268833114469,0.8094648750589344,0.9004277459242203,198,0.387112692754488
2025-06-29,0.8855165950036054,0.8683023919644439,0.8683143284660234,0.8838659177984373,0.29777402129793373,0.560048368408552,0.7030596976420206,0.7407730370817941,0.6165236522287965,0.741881242762821,0.8096073474020948,0.7899175146363456,0.8790636637708847,177,0.3311600836673822
2025-07-06,0.9231318556673134,0.8779188913283478,0.8806263584271883,0.8826282940360611,0.4380379507711961,0.5974131166683689,0.7584963445959296,0.7592464170134073,0.6494583055703353,0.7018018076683581,0.790594744121715,0.7615580212667591,0.8928753667409711,214,0.29907717739530787
2025-07-13,0.912410934372607,0.88469938575957,0.9379400188480514,0.8188280166435506,0.42375814174688675,0.6000844420864253,0.759317774451651,0.6853906611188163,0.6103346550054779,0.6966692019911156,0.7869338655136094,0.6830212667591309,0.8925529666708827,210,0.3381869734026094
2025-07-20,0.8602592298456035,0.881859664824154,0.9621978220595545,0.8511904761904762,0.39755792244311283,0.5742775579978799,0.808955763408793,0.6404877484974572,0.5855046424846835,0.7089449159409986,0.8747729429307306,0.738962089690245,0.8264066070716555,215,0.48784425018412536
2025-07-27,0.8939285348377444,0.8475303109871086,0.9073200091715072,0.7916088765603329,0.1347275638646619,0.4614399091358186,0.7053653317028432,0.5691747572815534,0.23740383736043136,0.6800022555581025,0.8159966371140324,0.7081599630143319,0.7584185136215803,221,0.4939919387044021
2025-08-03,0.26422231446903977,0.9138546580978074,0.962434692617136,0.8453514527543653,0.13333268101119555,0.3818822142214489,0.6991770852459563,0.5917184554927274,-0.09541546644349963,0.7608159781431422,0.875703149777162,0.78241969397916,0.9624896400143945,220,0.4228748614379138
2025-08-10,0.9754482260606089,0.8795155919578344,0.9653235420342378,0.8907394688644689,0.26199933377250195,0.5002490216197534,0.7151685661151114,0.6107486263736264,0.5358532043619681,0.6575822679878117,0.8052358018215631,0.7977907509157509,0.9433868161690361,230,0.42827561679383275
2025-08-17,0.9756669779268985,0.8355463182802709,0.9277706385430052,0.8796359890109888,0.3208998872593093,0.3276439912176403,0.6593920326139939,0.6555059523809523,0.7034055526427214,0.7019359326558939,0.8452275446448354,0.8210851648351648,0.9268397273364627,211,0.5049599278101828
2025-08-24,0.9265616065193238,0.8389244878524977,0.9485498676578251,0.8732257326007326,0.4778761594619876,0.4626635592645753,0.7382215464323929,0.7435325091575091,0.600332255539372,0.6079054276237521,0.7997522103959002,0.7711195054945054,0.9079464447478963,210,0.4600922808412671
2025-08-31,0.9332894212286202,0.8224935832370461,0.9356987374836744,0.913919413919414,0.3860910070953084,0.43256797042082085,0.7341532433609055,0.7586996336996338,0.3064719463804567,0.6707909664714087,0.8662929908576404,0.7909798534798534,0.7442870249879735,205,0.43847955956923285
2025-09-07,0.9188341045677045,0.9314598155080489,0.9866581842944697,0.8918841575091575,0.24328498973684376,0.4410821595561516,0.7079316153542884,0.6619162087912087,0.773948541392054,0.8476112772404996,0.9361223612056916,0.7921817765567765,0.9274786869991465,224,0.4641611101361439
2025-09-14,0.6800579613716825,0.7692907196436639,0.8812932301834044,0.7618475274725275,0.26837526486504093,0.5598965941897746,0.7833489986262743,0.659283424908425,0.4337068682446371,0.5979345356522459,0.7792880726869592,0.6973443223443223,0.5970881797731025,203,0.4021791040264997
2025-09-21,0.4932593911620238,0.7798000315191909,0.9214495755800802,0.8349358974358975,0.23274391790418492,0.5261202654074885,0.8005881162422468,0.653216575091575,0.23323171552926258,0.611355864242413,0.81896972510923,0.7282509157509157,0.6565700162411959,183,0.5132466376101077
2025-09-28,0.9384835259429473,0.8554503376691766,0.9486418870621873,0.8329108887144602,0.3901504676063453,0.5097141320036189,0.7638134381701215,0.6768358625501483,0.5385496512140995,0.6714343644234342,0.8440225160829163,0.775865602651317,0.864378116151023,191,0.5847595122163534
2025-10-05,0.9388996021413042,0.8949025159120085,0.9506362777203895,0.834126984126984,0.20512076465651552,0.6216515581660499,0.7806545198795578,0.7192743764172336,0.29685869315818414,0.7633593485161038,0.8824516289735306,0.7339002267573697,0.814126401216702,182,0.5267200441826962
2025-10-12,0.7169269153158508,0.8735384876243611,0.9221938232161875,0.8212018140589569,0.04961957691662977,0.561779064025686,0.7803407880724175,0.6645124716553289,0.23943569095712214,0.7261270310846539,0.8490805821796237,0.7143990929705216,0.7279879664563321,185,0.4749086614856004
2025-10-19,0.8670486505407196,0.9133336854288062,0.9557582814810581,0.8211451247165532,0.30249692113447335,0.6183522761851945,0.786363863667212,0.6642857142857144,0.2608470888682214,0.6366798785042572,0.8206399439923989,0.6795351473922903,0.7647630400283569,193,0.5289691234394504
2025-10-26,0.8748336462790943,0.7696298867981858,0.8954652532391049,0.758673469387755,0.3061024407257291,0.5342635995331543,0.7231301531213192,0.6706349206349207,-0.10531413146766555,0.4071798908508109,0.69505484393404,0.6324263038548753,0.8119306775406749,200,0.5783956800433787
2025-11-02,0.3571596422450699,0.7924639168196526,0.9240601503759398,0.5691904120138622,0.09382050084436044,0.6019608447905946,0.8301876185791581,0.5660002994908655,0.04232406425537916,0.5837143889765,0.8213688426674162,0.44099067299875927,0.6873241666376254,184,0.49468650139050224
2025-11-09,0.5792608693097141,0.7498761145300151,0.903965561705251,0.6217991913746631,-0.05257192342080397,0.45335405180225025,0.7305044734075264,0.46451033243486073,-0.6924731019346217,0.23577430468565833,0.6294643152347134,0.459681042228212,0.6838283082951803,187,0.4359118231567237
2025-11-16,0.6815075990461303,0.7633539306396857,0.8632106092924047,0.7555272858570338,0.19407996997064214,0.6335963971243027,0.7951067758171533,0.6469716435330966,0.2334680039676108,0.5453557005063813,0.7510138011853675,0.5891671075060247,0.8122481043558765,164,0.4098318809777675
2025-11-23,0.6388748534589537,0.7637012165657108,0.903706989313554,0.6938696039163329,0.13179997921084008,0.6097790412541582,0.8354155885759346,0.6053627058299954,-0.19179632490580567,0.43173012272827194,0.7089935355626196,0.5475634178905207,0.8082651479318042,164,0.4439281463634969
2025-11-30,0.6716454332841922,0.8108242897561488,0.8856656411874524,0.6380729862038274,0.1272448390404446,0.41112941835390615,0.6534208934816335,0.4751891410769915,-0.5938240575856144,0.30580089729053833,0.6127172569745734,0.35297062750333774,0.6924325989680925,164,0.49371089528223017
2025-12-07,0.8735911919818082,0.8234493419577317,0.9164557760380944,0.7009345794392523,0.21956260175173592,0.5293930406039549,0.7225783054642353,0.5878393413440142,-0.2727592636017928,0.41820553415800193,0.6868017943441893,0.5477303070761015,0.8767797767224724,161,0.4266236015972682
2025-12-14,0.9440411885860284,0.9246388758741617,0.9504550186372948,0.8026813529149978,0.22668375360914694,0.4761451879675784,0.6770005708720911,0.5092901646639965,-0.5020863326725082,0.3447833516993521,0.5689982873837268,0.5105696484201157,0.9167545727185841,163,0.5827678405907131
2025-12-21,0.9345424902330409,0.8659378807631428,0.9670561622914445,0.7908322207387628,0.2727186981819786,0.43350359322054205,0.8327305996599718,0.47190698709390294,0.028239477238942712,0.46044414830944275,0.8327089876955883,0.530262572318647,0.9133881298142911,143,0.500905699238449
2025-12-28,0.9120168614946832,0.86369769522848,0.9379123011253395,0.8477414330218068,0.16371709985481608,0.3615149309567532,0.5920895672544877,0.5417640186915887,-0.33299966909334633,0.38180999564102525,0.6552839218729789,0.5501362928348908,0.8416091669596799,127,0.4886585812577112
