week,hist_days,coverage,total_mass,novel_mass,n_novel_keys,post_rtcb,mass_warmstartable,mass_seen_unfitted,mass_new,share_warmstartable,share_seen_unfitted,share_new,n_warmstartable,n_seen_unfitted,n_new,coverage_ceiling,ceiling_lift,mean_age_days,age_0_30,age_30_90,age_90_180,age_gt180
2025-08-15,371,0.9697577242955635,233138.60600000003,7050.642000000001,179,False,918.5629999999999,5136.971,995.1080000000002,0.13028076024849933,0.7285820213251502,0.1411372184263504,19,122,38,0.9736977109659822,0.003939986670418727,122.6732276392583,0.0,0.4024830087865503,0.31837663829263757,0.27914035292081224
2025-08-22,378,0.9492912217596695,186709.52699999994,9467.812,202,False,2604.1139999999996,5619.671,1244.027,0.27504918771095155,0.5935554064656121,0.13139540582343628,25,128,49,0.9632386300244872,0.013947408264817662,190.2957604774599,0.020438045339028935,0.003891534702397822,0.06822896386256516,0.9074414560960082
2025-08-29,385,0.9224620745231057,251863.148,19528.946000000004,166,False,267.42499999999995,18466.283,795.2379999999998,0.013693775383474351,0.9455852353731735,0.04072098924335188,17,113,36,0.9235238614582868,0.0010617869351811082,229.93748153687955,0.0,0.000250537533888006,0.4085033186874825,0.5912461437786295
2025-09-05,392,0.9784517962971807,145712.053,3139.8329999999996,155,False,80.331,2302.2070000000003,757.2950000000001,0.025584481722435562,0.7332259390865694,0.24118957919099523,17,108,30,0.9790030959209668,0.0005512996237860834,219.84789184748107,0.011054262986891735,0.032664849186490895,0.3046893478233808,0.6515915400032366
2025-09-12,399,0.7841465505641381,112945.91799999999,24379.766000000003,269,False,1226.6879999999999,6074.208,17078.870000000003,0.0503158233758273,0.24914956115657544,0.7005346154675972,27,142,100,0.795007394601016,0.010860844036877926,194.91592809255496,0.14738140423644808,0.07074415010173737,0.172171733969844,0.6097027116919707
2025-09-19,406,0.5733659181638325,194916.875,83158.18200000003,243,False,1147.964,73221.707,8788.511000000002,0.013804582692776996,0.8805111564367769,0.10568426087044566,21,152,70,0.579255423626097,0.0058895054622645215,119.81680610193352,0.039976863385959835,0.010817412392723116,0.8931403772243729,0.056065346996944175
2025-09-26,413,0.8433514440209283,149914.794,23483.936,238,False,8380.987,11150.364,3952.585,0.3568816998990288,0.4748081411906419,0.16831015891032916,24,160,54,0.8992564469654676,0.05590500294453926,219.52587970844007,0.0320536232784993,0.012964105540314049,0.42001353778498873,0.5349687333961978
2025-10-03,420,0.907128744260074,176269.039,16370.327,265,False,1033.5190000000002,7774.986000000001,7561.822,0.06313368083606395,0.4749438419892285,0.46192247717470764,36,133,96,0.9129920484788029,0.0058633042187289375,60.31239483744372,0.09221794664636061,0.7336314088081591,0.11999682637668001,0.05415381816879999
2025-10-10,427,0.8000889250761448,173939.68800000002,34772.47,287,False,1832.376,13483.856,19456.238,0.052696170274933014,0.3877738912421234,0.5595299384829435,27,178,82,0.8106234731201771,0.01053454804403231,58.377284465633686,0.6089448890402407,0.20939425096159298,0.15158952092801914,0.03007133907014718
2025-10-17,434,0.8119209484654796,150652.61,28334.6,256,False,930.3470000000001,20868.713,6535.54,0.03283430858385155,0.7365098854404156,0.23065580597573285,22,161,73,0.8180963940817222,0.006175445616242614,111.07030280099788,0.23317106412983546,0.020450434085346646,0.7149687159737173,0.031409785811100585
2025-10-24,441,0.8679677355787668,152838.074,20179.557,293,False,1423.1799999999998,12254.53,6501.847000000001,0.07052582968000734,0.607274480802527,0.32219968951746564,24,161,108,0.8772794205716045,0.009311684992837632,243.35890681431724,0.2449352857684903,0.04181972765215926,0.05366713978555068,0.6595778467937998
2025-10-31,448,0.8043064221940446,107828.025,21101.252,297,False,2224.167,7230.41,11646.674999999997,0.10540450396023894,0.34265312788075325,0.5519423681590077,35,154,108,0.8249334066908858,0.020626984496841194,109.88304610220366,0.16632743854215984,0.3432417619720103,0.4175432869923886,0.07288751249344137
2025-11-07,455,0.8335637741188218,199423.61,33191.312999999995,315,False,1534.0929999999998,19122.945999999996,12534.273999999998,0.04621971417641719,0.5761431010577979,0.37763718476578495,37,154,124,0.8412564089076514,0.007692634788829644,77.29604919649593,0.21340622765373418,0.5196392917508913,0.22645498023913802,0.040499500356236555
2025-11-14,462,0.7918319081684148,178395.962,37136.346999999994,179,False,2115.1099999999997,29900.810999999987,5120.4259999999995,0.05695525195302597,0.8051629580044584,0.1378817900425155,15,116,48,0.8036881742872634,0.011856266118848602,133.94450075882577,0.012503841407775483,0.04002108637375835,0.8681364089810932,0.07933866323737299
2025-11-21,469,0.8476858505882524,140844.039,21452.54,146,False,1531.6790000000003,12391.846999999998,7529.014000000001,0.07139849174037201,0.5776400836451067,0.3509614246145212,21,85,40,0.8585608511269689,0.010875000538716484,142.77796000336886,0.08178737189711419,0.1263228130698403,0.18162813487682467,0.6102616801562206
2025-11-28,476,0.778518869104088,214582.79,47526.039000000004,165,False,6104.543000000001,31440.629000000004,9980.867,0.12844628183720508,0.661545326762872,0.2100083913999229,28,87,50,0.8069672968647672,0.02844842776067924,233.21158307837294,0.0004783322846607843,0.02074733522230902,0.03231101820398349,0.9464633142890467
2025-12-05,483,0.9141331189603994,158273.71200000003,13590.470000000001,179,True,2053.226,8214.725,3322.5190000000002,0.15107836594319402,0.604447454723788,0.2444741793330179,25,89,65,0.927105747036501,0.012972628076101556,106.19714439618434,0.013316118147734346,0.4930105112637381,0.3190603469856704,0.17461302360285713
2025-12-12,490,0.8939137863221402,145567.48200000002,15442.703000000001,146,True,769.1450000000001,9198.619,5474.939000000001,0.049806371332790644,0.5956611999855207,0.3545324286816887,17,77,52,0.8991975556738695,0.0052837693517292506,127.44189197095476,0.004472498683603221,0.4528300905550969,0.32609845997828757,0.21659895078301228
2025-12-19,497,0.9270141180195464,109413.85899999998,7985.667,125,True,1344.5810000000001,5827.483000000001,813.603,0.16837428858478573,0.7297428004448471,0.10188291097036728,24,69,32,0.9393030639747383,0.012288945955191921,214.43575954144822,0.02385129642617291,0.021269079363757184,0.009845446276572403,0.9450341779334975
2025-12-26,504,0.9202072291783228,110473.053,8814.951000000001,126,True,4408.844000000001,3585.868,820.239,0.5001552476014899,0.40679386646618904,0.09305088593232111,22,71,33,0.9601160022254477,0.039908773047124924,92.85912860604728,0.0013756440463758752,0.8009013247009873,0.14092696407493663,0.056796067177700076
2026-01-02,511,0.9707352890438455,95212.285,2786.36,142,True,355.902,1963.287,467.17100000000005,0.12773008512898548,0.7046063681649176,0.16766354670609684,12,92,38,0.9744732730655503,0.0037379840217047766,198.08289641530536,0.020646132924231956,0.009185112755758609,0.3857185404971032,0.5844502138229063
2026-01-09,518,0.8978779512463565,184166.174,18807.426999999996,173,True,6188.6630000000005,6929.9980000000005,5688.766,0.3290542082125323,0.36847134911117835,0.3024744426762896,26,94,53,0.9314816411400283,0.033603689893671795,82.53556866806287,0.20020156211446638,0.0656505290399558,0.663627830437689,0.07052007840788875
2026-01-16,525,0.7673892520848901,162580.871,37818.058000000005,194,True,16886.539000000004,10537.571,10393.948,0.4465205220215169,0.27863860698505455,0.2748408709934286,31,113,50,0.8712547246717605,0.1038654725868704,134.65484111338623,0.00498989165275371,0.10268054336060217,0.7526635860669851,0.13966597891965904
2026-01-23,532,0.8622440950960667,788790.521,108660.552,143,True,47783.266,46362.75199999999,14514.534000000001,0.43974805134433703,0.4266751010062971,0.13357684764936592,38,74,31,0.9228219858387472,0.060577890742680496,148.345438714884,0.0015317077740144428,0.02712347037977689,0.7190950279539284,0.25224979389228014
2026-01-30,539,0.9255839005232025,111583.005,8303.571999999998,181,True,2304.9770000000003,4421.766,1576.8290000000002,0.27758860885411735,0.5325137181926044,0.18989767295327847,42,101,38,0.9462409620533163,0.02065706153011382,235.5511022452719,0.034815531781878954,0.0032234594965589677,0.15045312816570403,0.8115078805558581
2026-02-06,546,0.9357229697350486,152445.842,9798.766,133,True,1680.909,5462.166999999998,2655.69,0.17154292693590195,0.5574341707925261,0.2710229022715718,17,71,45,0.946749239641446,0.011026269906397324,130.99638409931768,0.11818843256833057,0.13735187330188606,0.6686066884049047,0.07585300572487862
2026-02-13,553,0.9467820619555584,126570.27399999999,6735.809000000001,166,True,470.7620000000001,4475.002,1790.045,0.06988945203167134,0.6643599900175317,0.265750557950797,27,81,58,0.9505014344837398,0.0037193725281814416,92.98325055973083,0.0,0.62653315263339,0.3522799206393039,0.021186926727305936
2026-02-20,560,0.8852371044373566,85181.704,9775.699,239,True,975.4030000000001,2863.7589999999996,5936.536999999998,0.09977833810144933,0.29294672432119684,0.6072749375773536,37,126,76,0.8966879554323074,0.0114508509949508,163.58551388503005,0.005259364590840914,0.33165881179368933,0.4493065942999969,0.21377522931547271
2026-02-27,567,0.9210860729117136,96561.878,7620.077,215,True,3792.5109999999995,2647.6730000000002,1179.893,0.49769982639283034,0.34746013721383656,0.15484003639333302,31,117,67,0.9603615207235302,0.03927544781181658,126.46826126542548,0.04534884671395813,0.3403022430257948,0.5450634157686028,0.06928549449164417
2026-03-06,574,0.8949216726864203,180051.94300000003,18919.557,232,True,3138.4780000000005,11142.692999999997,4638.3859999999995,0.16588538515991683,0.5889510520780162,0.24516356276206674,38,126,68,0.9123526314847933,0.017430958798372975,87.25906315099228,0.05962253041123754,0.5858384223180787,0.2770696496837001,0.07746939758698324
2026-03-13,581,0.7663521740498784,149465.93600000002,34922.391,215,True,3085.1670000000004,22822.263999999996,9014.960000000003,0.0883435214959938,0.6535137871859917,0.2581426913180143,27,126,62,0.7869934457841953,0.020641271734316846,125.44182729816566,0.0015299009745663684,0.39277776535273445,0.5284897057436436,0.07720262792905537
2026-03-20,588,0.9151913070196471,208514.35600000003,17683.83,259,True,2481.087,8508.220000000001,6694.522999999999,0.14030258151090572,0.48112993621856803,0.37856748227052617,33,132,94,0.9270901855793565,0.011898878559709392,228.49509227205655,0.07149245471843592,0.5026361429486349,0.012048348163526713,0.41382305416940235
2026-03-27,595,0.9375708426000667,201130.746,12556.422999999999,227,True,2270.266,8553.95,1732.207,0.18080515446158515,0.6812409871824167,0.13795385835599838,27,145,55,0.9488583560466682,0.011287513446601505,215.58875259551084,0.0,0.019558060597304458,0.7309751368341859,0.2494668025685096
2026-04-03,602,0.855635685134919,106605.52100000001,15390.033,209,True,1617.1779999999999,7053.029000000001,6719.826,0.10507956675596472,0.45828550205188007,0.43663493119215535,25,95,89,0.8708054247959635,0.015169739661044401,212.27328222372557,0.018918758479276866,0.014542616830058289,0.41291311160552524,0.5536255130851396
2026-04-10,609,0.5136254778902933,166138.026,80805.30300000001,211,True,3444.5540000000005,56762.118000000024,20598.630999999998,0.04262782109733565,0.7024553574163321,0.2549168214863323,23,126,62,0.5343585640050881,0.02073308611479474,309.2103296972554,0.0007429118544810154,9.464215105932436e-05,0.38183666158231205,0.6173257844121475
2026-04-17,616,0.8829420632891047,154687.794,18107.434,204,True,7608.500999999998,9149.894,1349.0389999999998,0.42018659297612226,0.5053114648933692,0.07450194213050837,20,131,53,0.9321282388964703,0.0491861756073656,265.9122407948688,0.0001566668651288868,0.000671354318018753,0.584417482497538,0.41475449631931444
2026-04-24,623,0.6773269722857389,247743.679,79940.203,234,True,7438.367,43412.212,29089.623999999996,0.09304913824149284,0.543058565913324,0.3638922958451832,25,131,78,0.7073514194483242,0.030024447162585344,193.01045673062382,0.005539791193416512,0.01414732561595845,0.6719827080325562,0.30833017515806893
2026-05-01,630,0.867974275287629,140164.36599999998,18505.302,200,True,2922.8399999999997,7009.334000000001,8573.127999999999,0.15794608485719389,0.37877436423355865,0.46327955090924744,31,107,62,0.8888272216063817,0.020852946318752674,113.58350918969221,0.033670334332361676,0.5154644113259707,0.349409820585458,0.10145543375620973
2026-05-08,637,0.7951779705954282,98283.764,20130.68,196,True,1852.1319999999998,11751.121000000001,6527.427,0.0920054364780524,0.5837418805524702,0.3242526829694774,23,109,64,0.8140227108111162,0.01884474021568805,130.63619817593994,0.11019462975641048,0.17160817911466353,0.6568376336027886,0.061359557526137455
2026-05-15,644,0.8786075204653492,176096.92200000002,21376.841999999997,167,True,1144.246,10897.421000000002,9335.175,0.05352736386412924,0.509776935246095,0.436695700889776,31,92,44,0.8851053398877693,0.006497819422420115,52.66811682103324,0.03340977377242306,0.8403245455959646,0.10635038269742693,0.01991529793418548
2026-05-22,651,0.8850094291883847,69803.99300000002,8026.801000000001,157,True,1591.0670000000005,5695.465000000001,740.2689999999999,0.19821931551560829,0.7095560236263488,0.09222466085804291,27,92,38,0.9078027814254122,0.022793352237027498,155.6224049647186,0.36137007429605417,0.06965137231807332,0.11137620225923857,0.4576023511266338
2026-05-29,658,0.9168121820266999,116015.244,9651.055,201,True,1552.161,7016.977000000002,1081.917,0.16082811671884575,0.7270683878601875,0.11210349542096693,37,127,37,0.9301911221252959,0.01337894009859597,70.3952876022526,0.6722582257897215,0.08791613756562625,0.04157880529146138,0.19824683135319082
2026-06-05,665,0.8669984432781885,179236.26299999998,23838.702000000005,164,True,3646.7739999999994,19373.507999999998,818.42,0.15297703708868035,0.8126913956976346,0.034331567213684695,27,114,23,0.8873446273536734,0.02034618407548483,129.27452537503012,0.006820823006854828,0.019172836046324786,0.9203301328790872,0.0536762080677333
2026-06-12,672,0.9292977273292494,171734.81900000002,12142.042,177,True,3015.4200000000005,8303.65,822.9720000000002,0.24834537716143631,0.6838759081874367,0.06777871465112707,38,109,30,0.9468563099018377,0.017558582572588244,227.98713446219762,0.00560883724323643,0.03367623747272353,0.029821716377818008,0.9308932089062221
2026-06-19,679,0.944594185061701,168418.64,9331.372000000001,194,True,2245.2569999999996,3704.9819999999995,3381.1330000000003,0.2406138132741894,0.39704579348031555,0.36234039324549483,41,110,43,0.9579255894715691,0.01333140440986813,187.664041577423,0.0,0.03035821734438419,0.3283588471163881,0.6412829355392279
2026-06-26,686,0.9407882822410132,117300.245,6945.548999999999,132,True,596.38,4743.056,1606.113,0.0858650626465957,0.6828914460181622,0.23124349133524222,28,74,30,0.9458725000958011,0.005084217854787965,103.8096549180053,0.0012441731781749892,0.5511083537341963,0.24406251047989533,0.20358496260773332
