score_start,score_end,window_start,n_kept,n_constraints,n_groups,oos_pooled_r2,is_pooled_r2,rank_spearman,sign_agree,topdecile_hit,coverage,sf_stability,sf_stability_proj,group_churn,window_days,refit_days,ridge_lambda,std_floor,min_binding_hours,rho_min
2025-08-14 00:00:00+00:00,2025-08-21 00:00:00+00:00,2024-12-17 00:00:00+00:00,2072,3446,,0.9734898849158647,0.9911465258139986,0.9305254730764047,0.9820745312129124,0.8911401098901098,0.9819727001901483,,,,240,7,1.0,100.0,5,ungrouped
2025-08-21 00:00:00+00:00,2025-08-28 00:00:00+00:00,2024-12-24 00:00:00+00:00,2065,3428,,0.9616089687372682,0.9931471582853337,0.8099896389900524,0.9199810014248931,0.8513621794871795,0.9830163260686164,,,,240,7,1.0,100.0,5,ungrouped
2025-08-28 00:00:00+00:00,2025-09-04 00:00:00+00:00,2024-12-31 00:00:00+00:00,2078,3481,,0.9826833088029484,0.993376741426004,0.9034456932251803,0.9823883790327121,0.9050480769230769,0.9781598557818264,,,,240,7,1.0,100.0,5,ungrouped
2025-09-04 00:00:00+00:00,2025-09-11 00:00:00+00:00,2025-01-07 00:00:00+00:00,2081,3497,,0.9143317895589587,0.9936732280168737,0.9155690767707945,0.9802881325747279,0.8960050366300365,0.9877861337755224,0.09845354865935249,,,240,7,1.0,100.0,5,ungrouped
2025-09-11 00:00:00+00:00,2025-09-18 00:00:00+00:00,2025-01-14 00:00:00+00:00,2089,3513,,0.5667555980820407,0.9936421577280129,0.8617314546332376,0.9437507208085637,0.8236607142857143,0.8804236422428753,0.12681990202433632,,,240,7,1.0,100.0,5,ungrouped
2025-09-18 00:00:00+00:00,2025-09-25 00:00:00+00:00,2025-01-21 00:00:00+00:00,2118,3576,,-0.06980053431134214,0.9935602098329556,0.7342956380189862,0.8957674586683531,0.7833676739926739,0.8640252662778904,0.17985079720517422,,,240,7,1.0,100.0,5,ungrouped
2025-09-25 00:00:00+00:00,2025-10-02 00:00:00+00:00,2025-01-28 00:00:00+00:00,2157,3627,,0.937739107152214,0.9935969797259775,0.809131718183427,0.936161836056462,0.8286401098901098,0.90662180286143,0.2065747315350007,,,240,7,1.0,100.0,5,ungrouped
2025-10-02 00:00:00+00:00,2025-10-09 00:00:00+00:00,2025-02-04 00:00:00+00:00,2176,3642,,0.889079750301973,0.9934258988730298,0.900314575438685,0.9569900544192156,0.8621756715506715,0.9433126774794124,0.22095667456157247,,,240,7,1.0,100.0,5,ungrouped
2025-10-09 00:00:00+00:00,2025-10-16 00:00:00+00:00,2025-02-11 00:00:00+00:00,2188,3685,,0.8742590598154072,0.9936279283860642,0.8398313773940076,0.9219278628361718,0.7564625850340135,0.8835822216007978,0.2259790437632894,,,240,7,1.0,100.0,5,ungrouped
2025-10-16 00:00:00+00:00,2025-10-23 00:00:00+00:00,2025-02-18 00:00:00+00:00,2195,3719,,0.8316949099477758,0.9917164253218915,0.9243199883601046,0.9644372423902153,0.8303287981859411,0.8662970028853034,0.23903412457880055,,,240,7,1.0,100.0,5,ungrouped
2025-10-23 00:00:00+00:00,2025-10-30 00:00:00+00:00,2025-02-25 00:00:00+00:00,2203,3754,,0.8855491121416658,0.9917196824839766,0.8808933178139546,0.9321488909477356,0.7947278911564627,0.9075738999185706,0.2463674660475313,,,240,7,1.0,100.0,5,ungrouped
2025-10-30 00:00:00+00:00,2025-11-06 00:00:00+00:00,2025-03-04 00:00:00+00:00,2235,3797,,0.8655054427965228,0.9916605465584808,0.8048800397072439,0.9316001238006809,0.6734693877551021,0.9093672918333189,0.2666117087406755,,,240,7,1.0,100.0,5,ungrouped
2025-11-06 00:00:00+00:00,2025-11-13 00:00:00+00:00,2025-03-11 00:00:00+00:00,2233,3826,,0.4223637751669935,0.9915034838264504,0.842505203525657,0.8541867625100754,0.6954573653360715,0.8738429628848088,0.2946878060256406,,,240,7,1.0,100.0,5,ungrouped
2025-11-13 00:00:00+00:00,2025-11-20 00:00:00+00:00,2025-03-18 00:00:00+00:00,2273,3880,,0.6979238441366113,0.9912268912921407,0.7647894949121281,0.8965354668190585,0.7428122192273134,0.8456918860338708,0.3379569842678923,,,240,7,1.0,100.0,5,ungrouped
2025-11-20 00:00:00+00:00,2025-11-27 00:00:00+00:00,2025-03-25 00:00:00+00:00,2268,3852,,0.6897951079838927,0.9908323545875382,0.7686184999891442,0.8551926373725526,0.7286040716762812,0.8976206226004048,0.3434206699480141,,,240,7,1.0,100.0,5,ungrouped
2025-11-27 00:00:00+00:00,2025-12-04 00:00:00+00:00,2025-04-01 00:00:00+00:00,2256,3828,,0.8148615585261787,0.9907807838795317,0.9012913313064236,0.9319138755980861,0.7488874054294614,0.8887406163401453,0.35209758117504175,,,240,7,1.0,100.0,5,ungrouped
2025-12-04 00:00:00+00:00,2025-12-11 00:00:00+00:00,2025-04-08 00:00:00+00:00,2248,3798,,0.9073648693507138,0.9906056779028539,0.8779930999457287,0.9380360440587158,0.7420449488206498,0.9651830136463226,0.3389401375510581,,,240,7,1.0,100.0,5,ungrouped
2025-12-11 00:00:00+00:00,2025-12-18 00:00:00+00:00,2025-04-15 00:00:00+00:00,2214,3745,,0.9280111525716174,0.9905605685731096,0.9081073549409675,0.9562277920415505,0.769192256341789,0.9515478002739876,0.35281264671179163,,,240,7,1.0,100.0,5,ungrouped
2025-12-18 00:00:00+00:00,2025-12-25 00:00:00+00:00,2025-04-22 00:00:00+00:00,2188,3688,,0.9386637202425069,0.9909215304470604,0.903600329459382,0.965105735966968,0.7883288829550511,0.959781004616952,0.36969508074828755,,,240,7,1.0,100.0,5,ungrouped
2025-12-25 00:00:00+00:00,2026-01-01 00:00:00+00:00,2025-04-29 00:00:00+00:00,2165,3608,,0.8951133952956664,0.9910608433073558,0.8966221519332284,0.9388576578778528,0.8411771250556296,0.9555682204217069,0.3896385017640368,,,240,7,1.0,100.0,5,ungrouped
2026-01-01 00:00:00+00:00,2026-01-08 00:00:00+00:00,2025-05-06 00:00:00+00:00,2129,3557,,0.9338891859383914,0.9916211090334253,0.8447852933493976,0.8966507721330591,0.8733311081441922,0.9792260983490325,0.4139881113952531,,,240,7,1.0,100.0,5,ungrouped
2026-01-08 00:00:00+00:00,2026-01-15 00:00:00+00:00,2025-05-13 00:00:00+00:00,2067,3433,,0.9434777294590851,0.9915338137007211,0.8533561337458367,0.9623119333089774,0.8592104287197745,0.9800366622718792,0.40845900779337374,,,240,7,1.0,100.0,5,ungrouped
2026-01-15 00:00:00+00:00,2026-01-22 00:00:00+00:00,2025-05-20 00:00:00+00:00,2058,3410,,0.42633695397424454,0.9918021002432355,0.8230569244201893,0.9267880579902545,0.816743827160494,0.8777331028555697,0.42019917263943607,,,240,7,1.0,100.0,5,ungrouped
2026-01-22 00:00:00+00:00,2026-01-29 00:00:00+00:00,2025-05-27 00:00:00+00:00,2066,3421,,0.8920426330437164,0.9981216942992266,0.8727812743271978,0.8718292361555547,0.7624007936507937,0.9341730911127726,0.43368298147971374,,,240,7,1.0,100.0,5,ungrouped
2026-01-29 00:00:00+00:00,2026-02-05 00:00:00+00:00,2025-06-03 00:00:00+00:00,2087,3422,,0.8983182356814832,0.9981345116442899,0.8621091728714968,0.9254775501408408,0.7272376543209876,0.9223151783745802,0.4455987899277108,,,240,7,1.0,100.0,5,ungrouped
2026-02-05 00:00:00+00:00,2026-02-12 00:00:00+00:00,2025-06-10 00:00:00+00:00,2104,3448,,0.8393101721048468,0.9981324715556186,0.8363136673858232,0.9188320545609548,0.8294201940035274,0.9735669230696031,0.4482915282862987,,,240,7,1.0,100.0,5,ungrouped
2026-02-12 00:00:00+00:00,2026-02-19 00:00:00+00:00,2025-06-17 00:00:00+00:00,2109,3466,,0.8460003483919701,0.9981524597525814,0.8662303900929167,0.9273719709348817,0.7343474426807761,0.9739820262828849,0.45520422951308037,,,240,7,1.0,100.0,5,ungrouped
2026-02-19 00:00:00+00:00,2026-02-26 00:00:00+00:00,2025-06-24 00:00:00+00:00,2122,3500,,0.8498948886967845,0.9981507104476093,0.8663434338133834,0.9490901956937564,0.7389553298383573,0.9364877141532497,0.4637715760233609,,,240,7,1.0,100.0,5,ungrouped
2026-02-26 00:00:00+00:00,2026-03-05 00:00:00+00:00,2025-07-01 00:00:00+00:00,2146,3572,,0.8896586472086236,0.998139169295407,0.8553989875239132,0.9678263714690806,0.7797619047619048,0.9431844262751204,0.4858408435627345,,,240,7,1.0,100.0,5,ungrouped
2026-03-05 00:00:00+00:00,2026-03-12 00:00:00+00:00,2025-07-08 00:00:00+00:00,2167,3618,,0.8161081632017059,0.9980543947835868,0.8874729492004659,0.9447880069313069,0.6973114169215086,0.9804602830032376,0.4902984226693448,,,240,7,1.0,100.0,5,ungrouped
2026-03-12 00:00:00+00:00,2026-03-19 00:00:00+00:00,2025-07-15 00:00:00+00:00,2194,3672,,0.8060793361757579,0.9980403152727862,0.835525247764876,0.9337904085257549,0.7604849279161205,0.8299009349322,0.5036275213192313,,,240,7,1.0,100.0,5,ungrouped
2026-03-19 00:00:00+00:00,2026-03-26 00:00:00+00:00,2025-07-22 00:00:00+00:00,2211,3711,,0.7046058845373566,0.9979984091202742,0.8697609875609434,0.9296933328681576,0.7550786369593709,0.9536290197045343,0.5215771660925326,,,240,7,1.0,100.0,5,ungrouped
2026-03-26 00:00:00+00:00,2026-04-02 00:00:00+00:00,2025-07-29 00:00:00+00:00,2242,3789,,0.9256055395173102,0.9979310501870997,0.9465783975923763,0.9811441772625502,0.7515290519877675,0.9535524788754143,0.5381745078052982,,,240,7,1.0,100.0,5,ungrouped
2026-04-02 00:00:00+00:00,2026-04-09 00:00:00+00:00,2025-08-05 00:00:00+00:00,2263,3820,,0.9053999319228841,0.9979289104005878,0.8751460856063529,0.9555981872271805,0.7389143730886849,0.9534501797749998,0.5584018580802311,,,240,7,1.0,100.0,5,ungrouped
2026-04-09 00:00:00+00:00,2026-04-16 00:00:00+00:00,2025-08-12 00:00:00+00:00,2289,3875,,0.3661259115363509,0.9978552273704204,0.652556947962674,0.8317635615235881,0.36609873307121016,0.5510938268353243,0.5814009246140651,,,240,7,1.0,100.0,5,ungrouped
2026-04-16 00:00:00+00:00,2026-04-23 00:00:00+00:00,2025-08-19 00:00:00+00:00,2313,3913,,0.8244677419756777,0.9978037340151229,0.8597440145538853,0.9623569378711396,0.7767038007863696,0.9592884164168192,0.5902395042045606,,,240,7,1.0,100.0,5,ungrouped
2026-04-23 00:00:00+00:00,2026-04-30 00:00:00+00:00,2025-08-26 00:00:00+00:00,2323,3915,,0.7615115480716363,0.9977395001633637,0.8914910339547991,0.933963383042341,0.7433923110528615,0.7695037734521869,0.6133703574800149,,,240,7,1.0,100.0,5,ungrouped
2026-04-30 00:00:00+00:00,2026-05-07 00:00:00+00:00,2025-09-02 00:00:00+00:00,2373,3971,,0.6026896794577254,0.9977076642329482,0.8135207284788576,0.8423247100091681,0.7520130863020771,0.9221512604373411,0.6142210782549371,,,240,7,1.0,100.0,5,ungrouped
2026-05-07 00:00:00+00:00,2026-05-14 00:00:00+00:00,2025-09-09 00:00:00+00:00,2373,3977,,0.47612224061324515,0.9976661494794872,0.8922675022827024,0.9644435013905834,0.7537878787878789,0.8928449720647351,0.6126998656370279,,,240,7,1.0,100.0,5,ungrouped
2026-05-14 00:00:00+00:00,2026-05-21 00:00:00+00:00,2025-09-16 00:00:00+00:00,2380,3974,,0.6224848974857244,0.9976384815946835,0.8570349832988174,0.899082692023584,0.6983766233766233,0.9166591331412031,0.5804169544037051,,,240,7,1.0,100.0,5,ungrouped
2026-05-21 00:00:00+00:00,2026-05-28 00:00:00+00:00,2025-09-23 00:00:00+00:00,2382,3976,,0.9362085487770953,0.9976600862997564,0.7233148884984429,0.9751020084775978,0.8045995670995671,0.9685304894858225,0.5827261213668321,,,240,7,1.0,100.0,5,ungrouped
2026-05-28 00:00:00+00:00,2026-06-04 00:00:00+00:00,2025-09-30 00:00:00+00:00,2360,3945,,0.8603796407743317,0.9976517378704651,0.849571248772903,0.92498749328343,0.7982142857142859,0.9719830545891791,0.6002842622603072,,,240,7,1.0,100.0,5,ungrouped
2026-06-04 00:00:00+00:00,2026-06-11 00:00:00+00:00,2025-10-07 00:00:00+00:00,2351,3923,,0.9303089578915328,0.9976313414604331,0.8454652305061443,0.963338073338981,0.8198885573885574,0.9522652274006411,0.6018246967198088,,,240,7,1.0,100.0,5,ungrouped
2026-06-11 00:00:00+00:00,2026-06-18 00:00:00+00:00,2025-10-14 00:00:00+00:00,2325,3872,,0.9446362623729954,0.9976557946001892,0.8637565123847879,0.9721648655171489,0.8590197340197341,0.9672242313273373,0.5852116834928424,,,240,7,1.0,100.0,5,ungrouped
2026-06-18 00:00:00+00:00,2026-06-25 00:00:00+00:00,2025-10-21 00:00:00+00:00,2279,3801,,0.9151032459420185,0.9976524073003155,0.8925967025360516,0.9671558696117672,0.8857250107250106,0.9754818170066539,0.6008472571865013,,,240,7,1.0,100.0,5,ungrouped
2026-06-25 00:00:00+00:00,2026-07-01 00:00:00+00:00,2025-10-28 00:00:00+00:00,2263,3741,,0.8947482431483943,0.9976624310938753,0.8825009754378711,0.9414496519361657,0.7824074074074073,0.9681780819160736,0.615938801699598,,,240,7,1.0,100.0,5,ungrouped
2025-08-14 00:00:00+00:00,2025-08-21 00:00:00+00:00,2024-12-17 00:00:00+00:00,1552,3446,,0.9727127131098707,0.9839741646446618,0.9274986558659799,0.9782103014478993,0.8899954212454213,0.9807688759358654,,,,240,7,1.0,100.0,10,ungrouped
2025-08-21 00:00:00+00:00,2025-08-28 00:00:00+00:00,2024-12-24 00:00:00+00:00,1549,3428,,0.9613419726967601,0.986161374929109,0.8100062155635347,0.9130565207609429,0.851304945054945,0.9709200664979464,,,,240,7,1.0,100.0,10,ungrouped
2025-08-28 00:00:00+00:00,2025-09-04 00:00:00+00:00,2024-12-31 00:00:00+00:00,1560,3481,,0.9820757108667889,0.9864417675080365,0.8932120779289214,0.9769157142052812,0.9051053113553112,0.9759367823003497,,,,240,7,1.0,100.0,10,ungrouped
2025-09-04 00:00:00+00:00,2025-09-11 00:00:00+00:00,2025-01-07 00:00:00+00:00,1564,3497,,0.9138899488630318,0.986733055992444,0.9116353237711271,0.9800256826042536,0.8987522893772893,0.9848577869710681,0.0956278312184375,,,240,7,1.0,100.0,10,ungrouped
2025-09-11 00:00:00+00:00,2025-09-18 00:00:00+00:00,2025-01-14 00:00:00+00:00,1573,3513,,0.5658814871620089,0.987347532278689,0.8615907039716602,0.9477662797890521,0.8129578754578753,0.8684639087623979,0.12379695752918944,,,240,7,1.0,100.0,10,ungrouped
2025-09-18 00:00:00+00:00,2025-09-25 00:00:00+00:00,2025-01-21 00:00:00+00:00,1588,3576,,0.38718552561574715,0.9871840380535521,0.7596626227752049,0.9215940916071913,0.834878663003663,0.686632343711218,0.17660728446240895,,,240,7,1.0,100.0,10,ungrouped
2025-09-25 00:00:00+00:00,2025-10-02 00:00:00+00:00,2025-01-28 00:00:00+00:00,1609,3627,,0.9365483607297121,0.9871590419098651,0.8143750537124994,0.934274366308086,0.836881868131868,0.8513523827902466,0.2067985762776479,,,240,7,1.0,100.0,10,ungrouped
2025-10-02 00:00:00+00:00,2025-10-09 00:00:00+00:00,2025-02-04 00:00:00+00:00,1638,3642,,0.881119493135822,0.986991383982573,0.9036145065888265,0.958063426534059,0.858259201116344,0.9199921051369654,0.22050120082557667,,,240,7,1.0,100.0,10,ungrouped
2025-10-09 00:00:00+00:00,2025-10-16 00:00:00+00:00,2025-02-11 00:00:00+00:00,1637,3685,,0.8687302566200144,0.9870497786572394,0.8405756157480114,0.9252537416136246,0.7559523809523809,0.8694910012829029,0.22399225170937934,,,240,7,1.0,100.0,10,ungrouped
2025-10-16 00:00:00+00:00,2025-10-23 00:00:00+00:00,2025-02-18 00:00:00+00:00,1643,3719,,0.8280609367351385,0.983286196799396,0.9234886604225617,0.9643632793851658,0.8277777777777777,0.8536981542096876,0.2335342343852693,,,240,7,1.0,100.0,10,ungrouped
2025-10-23 00:00:00+00:00,2025-10-30 00:00:00+00:00,2025-02-25 00:00:00+00:00,1644,3754,,0.8835886759618619,0.9832369325698468,0.8741822479995465,0.9266834315610816,0.7901927437641725,0.8895546620434988,0.2460786439765159,,,240,7,1.0,100.0,10,ungrouped
2025-10-30 00:00:00+00:00,2025-11-06 00:00:00+00:00,2025-03-04 00:00:00+00:00,1660,3797,,0.8644539248602114,0.9832043546747726,0.8058102450582738,0.9308718845012471,0.6663265306122449,0.8892860989388757,0.26067369684548347,,,240,7,1.0,100.0,10,ungrouped
2025-11-06 00:00:00+00:00,2025-11-13 00:00:00+00:00,2025-03-11 00:00:00+00:00,1663,3826,,0.42359042952086945,0.9833392471870352,0.8408703369498078,0.8546360284887485,0.6968050742309503,0.8605040727217922,0.2985056871746737,,,240,7,1.0,100.0,10,ungrouped
2025-11-13 00:00:00+00:00,2025-11-20 00:00:00+00:00,2025-03-18 00:00:00+00:00,1691,3880,,0.6892096443875699,0.9893883754450458,0.732655593166217,0.864683191656547,0.7261343216531895,0.8192491944941744,0.34199041564710375,,,240,7,1.0,100.0,10,ungrouped
2025-11-20 00:00:00+00:00,2025-11-27 00:00:00+00:00,2025-03-25 00:00:00+00:00,1687,3852,,0.7234199628499688,0.9887568318659373,0.7719499528852567,0.8592077957231796,0.7295482026349598,0.8791794589203012,0.3411542716405329,,,240,7,1.0,100.0,10,ungrouped
2025-11-27 00:00:00+00:00,2025-12-04 00:00:00+00:00,2025-04-01 00:00:00+00:00,1693,3828,,0.8129557396611007,0.9888684858829382,0.9022550325681522,0.9311278195488721,0.7453827325322652,0.8839812768172521,0.33906673195118037,,,240,7,1.0,100.0,10,ungrouped
2025-12-04 00:00:00+00:00,2025-12-11 00:00:00+00:00,2025-04-08 00:00:00+00:00,1675,3798,,0.9131393533192698,0.988803308738885,0.8762056783893855,0.9369484448791597,0.7416555407209613,0.9559454621429815,0.33262651385404735,,,240,7,1.0,100.0,10,ungrouped
2025-12-11 00:00:00+00:00,2025-12-18 00:00:00+00:00,2025-04-15 00:00:00+00:00,1647,3745,,0.9274950910959198,0.9885882430611144,0.9106877877318663,0.9546166805217353,0.7718624833110814,0.940976725753372,0.3566639394644197,,,240,7,1.0,100.0,10,ungrouped
2025-12-18 00:00:00+00:00,2025-12-25 00:00:00+00:00,2025-04-22 00:00:00+00:00,1612,3688,,0.9309035442299322,0.980989867609366,0.9018267065388043,0.9682652605735967,0.7871606586559856,0.9222733136638109,0.37966734155762527,,,240,7,1.0,100.0,10,ungrouped
2025-12-25 00:00:00+00:00,2026-01-01 00:00:00+00:00,2025-04-29 00:00:00+00:00,1604,3608,,0.8892240047856953,0.9891277049353815,0.8941172255766564,0.9372536738871406,0.8429572763684915,0.9481643670978527,0.39601353946960083,,,240,7,1.0,100.0,10,ungrouped
2026-01-01 00:00:00+00:00,2026-01-08 00:00:00+00:00,2025-05-06 00:00:00+00:00,1565,3557,,0.9256826067961803,0.9896429888367255,0.8395319190512744,0.8920151298264241,0.8721628838451267,0.9746038277785309,0.420089493968796,,,240,7,1.0,100.0,10,ungrouped
2026-01-08 00:00:00+00:00,2026-01-15 00:00:00+00:00,2025-05-13 00:00:00+00:00,1528,3433,,0.943832749609852,0.9900266016437038,0.8526121498861811,0.9607924540834967,0.8597579694737016,0.9754244362412284,0.41217289843257254,,,240,7,1.0,100.0,10,ungrouped
2026-01-15 00:00:00+00:00,2026-01-22 00:00:00+00:00,2025-05-20 00:00:00+00:00,1530,3410,,0.4267212995843688,0.9710573729186243,0.8164242286139805,0.9195619050492555,0.7906194885361553,0.7695201548572407,0.4246579820043197,,,240,7,1.0,100.0,10,ungrouped
2026-01-22 00:00:00+00:00,2026-01-29 00:00:00+00:00,2025-05-27 00:00:00+00:00,1554,3421,,0.7827562966016921,0.9935309073901687,0.8670106234367423,0.8680570718668825,0.7557319223985891,0.9178528999635157,0.4202174381813852,,,240,7,1.0,100.0,10,ungrouped
2026-01-29 00:00:00+00:00,2026-02-05 00:00:00+00:00,2025-06-03 00:00:00+00:00,1565,3422,,0.8912051048819751,0.9934942031388805,0.8588421566933433,0.9244693459756492,0.7213403880070547,0.9078373226906189,0.43814886856074303,,,240,7,1.0,100.0,10,ungrouped
2026-02-05 00:00:00+00:00,2026-02-12 00:00:00+00:00,2025-06-10 00:00:00+00:00,1588,3448,,0.8220030219435457,0.9934975475105018,0.8408793551681284,0.9276470588235294,0.8206018518518519,0.9644988965823452,0.43888483669291534,,,240,7,1.0,100.0,10,ungrouped
2026-02-12 00:00:00+00:00,2026-02-19 00:00:00+00:00,2025-06-17 00:00:00+00:00,1591,3466,,0.8456839672300087,0.9935031056980556,0.8660212678482393,0.9281107673052185,0.7334104938271605,0.9615257768288616,0.44414382575556927,,,240,7,1.0,100.0,10,ungrouped
2026-02-19 00:00:00+00:00,2026-02-26 00:00:00+00:00,2025-06-24 00:00:00+00:00,1595,3500,,0.850747018363112,0.9934097579028294,0.8648842079101435,0.9484280739614498,0.7345325065126289,0.9304454521745326,0.45691021710901125,,,240,7,1.0,100.0,10,ungrouped
2026-02-26 00:00:00+00:00,2026-03-05 00:00:00+00:00,2025-07-01 00:00:00+00:00,1613,3572,,0.8699614278051727,0.9934446036060496,0.850245936373103,0.9664085505507689,0.782383136740935,0.932170690807286,0.48029332785805023,,,240,7,1.0,100.0,10,ungrouped
2026-03-05 00:00:00+00:00,2026-03-12 00:00:00+00:00,2025-07-08 00:00:00+00:00,1628,3618,,0.8152827958592741,0.9933863103074544,0.883033002442139,0.9436115924518703,0.6966106014271153,0.9729446507202208,0.48926743630703107,,,240,7,1.0,100.0,10,ungrouped
2026-03-12 00:00:00+00:00,2026-03-19 00:00:00+00:00,2025-07-15 00:00:00+00:00,1646,3672,,0.8059093836690776,0.993390407692419,0.8368390958706877,0.9325541740674955,0.757262996941896,0.8200967310125411,0.5040207682141616,,,240,7,1.0,100.0,10,ungrouped
2026-03-19 00:00:00+00:00,2026-03-26 00:00:00+00:00,2025-07-22 00:00:00+00:00,1662,3711,,0.7260206361514343,0.9934120535142228,0.874595876298962,0.9333984579422949,0.7577544779379642,0.942031277004228,0.5270157777246748,,,240,7,1.0,100.0,10,ungrouped
2026-03-26 00:00:00+00:00,2026-04-02 00:00:00+00:00,2025-07-29 00:00:00+00:00,1678,3789,,0.9253108537628953,0.9933272208829408,0.9455369133667368,0.9807997244377401,0.7498361730013107,0.9435248925510491,0.5392268936027431,,,240,7,1.0,100.0,10,ungrouped
2026-04-02 00:00:00+00:00,2026-04-09 00:00:00+00:00,2025-08-05 00:00:00+00:00,1696,3820,,0.9062938841801952,0.9933351976602589,0.8753149554266674,0.9603525453888286,0.7379314110965487,0.9450728939778749,0.5617655802026464,,,240,7,1.0,100.0,10,ungrouped
2026-04-09 00:00:00+00:00,2026-04-16 00:00:00+00:00,2025-08-12 00:00:00+00:00,1709,3875,,0.3404086417275789,0.9932070012491976,0.5887685592093754,0.7877545936584383,0.3474770642201835,0.48083040942526417,0.5784785011588034,,,240,7,1.0,100.0,10,ungrouped
2026-04-16 00:00:00+00:00,2026-04-23 00:00:00+00:00,2025-08-19 00:00:00+00:00,1731,3913,,0.7970772315511387,0.9931244371376086,0.854784800489091,0.9625829606240968,0.7602664919178681,0.92590553918731,0.5849356809839776,,,240,7,1.0,100.0,10,ungrouped
2026-04-23 00:00:00+00:00,2026-04-30 00:00:00+00:00,2025-08-26 00:00:00+00:00,1750,3915,,0.7321777838339731,0.9931736406080063,0.8913426682114095,0.9332455258771902,0.7343818261249454,0.7630893343767339,0.6075112053259705,,,240,7,1.0,100.0,10,ungrouped
2026-04-30 00:00:00+00:00,2026-05-07 00:00:00+00:00,2025-09-02 00:00:00+00:00,1773,3971,,0.5936766691406836,0.9931114837479772,0.8111989073197788,0.8445330250727469,0.7505714087136106,0.8993985607200988,0.6077333453902113,,,240,7,1.0,100.0,10,ungrouped
2026-05-07 00:00:00+00:00,2026-05-14 00:00:00+00:00,2025-09-09 00:00:00+00:00,1781,3977,,0.4687537730209851,0.9930803888302223,0.8872642413402423,0.9610863980478785,0.7360930735930736,0.8413586729692848,0.607077825061339,,,240,7,1.0,100.0,10,ungrouped
2026-05-14 00:00:00+00:00,2026-05-21 00:00:00+00:00,2025-09-16 00:00:00+00:00,1788,3974,,0.5941211752640962,0.9930600289605324,0.8514952226931598,0.8929180600883732,0.6953463203463203,0.9072952598866489,0.587337285433319,,,240,7,1.0,100.0,10,ungrouped
2026-05-21 00:00:00+00:00,2026-05-28 00:00:00+00:00,2025-09-23 00:00:00+00:00,1784,3976,,0.9340427944112351,0.9930547773441761,0.7243563595475716,0.9754783504337836,0.8048701298701297,0.939710201723658,0.5584074910015095,,,240,7,1.0,100.0,10,ungrouped
2026-05-28 00:00:00+00:00,2026-06-04 00:00:00+00:00,2025-09-30 00:00:00+00:00,1766,3945,,0.8380738589984681,0.9930854995752909,0.8479110279312942,0.9255618758222008,0.7978896103896103,0.9655304927121151,0.5928197988873863,,,240,7,1.0,100.0,10,ungrouped
2026-06-04 00:00:00+00:00,2026-06-11 00:00:00+00:00,2025-10-07 00:00:00+00:00,1753,3923,,0.9270171084672508,0.9930572158500414,0.8418480482030043,0.9634061478881762,0.8173681798681798,0.9417988733178032,0.5983865364734143,,,240,7,1.0,100.0,10,ungrouped
2026-06-11 00:00:00+00:00,2026-06-18 00:00:00+00:00,2025-10-14 00:00:00+00:00,1731,3872,,0.9526131078200855,0.9930688034473804,0.8585321558241596,0.9707614884735369,0.8563384813384813,0.9545300125395675,0.5874335524064483,,,240,7,1.0,100.0,10,ungrouped
2026-06-18 00:00:00+00:00,2026-06-25 00:00:00+00:00,2025-10-21 00:00:00+00:00,1707,3801,,0.9101943664343096,0.993028623208365,0.887599181432198,0.965838151241126,0.8831510081510081,0.9589878555038406,0.5895664995473356,,,240,7,1.0,100.0,10,ungrouped
2026-06-25 00:00:00+00:00,2026-07-01 00:00:00+00:00,2025-10-28 00:00:00+00:00,1691,3741,,0.8876398099395857,0.9930425685065613,0.8773135825690914,0.9377944969071765,0.78003003003003,0.9639855004929888,0.6049076207405752,,,240,7,1.0,100.0,10,ungrouped
2025-08-14 00:00:00+00:00,2025-08-21 00:00:00+00:00,2024-12-17 00:00:00+00:00,1029,3446,,0.9628756438567637,0.9769786142010605,0.9124232318374458,0.962734393543793,0.8797504578754579,0.96817933497588,,,,240,7,1.0,100.0,25,ungrouped
2025-08-21 00:00:00+00:00,2025-08-28 00:00:00+00:00,2024-12-24 00:00:00+00:00,1028,3428,,0.95703172731476,0.9793404577837066,0.7858425248537464,0.8702847286453516,0.8380265567765567,0.961137792816924,,,,240,7,1.0,100.0,25,ungrouped
2025-08-28 00:00:00+00:00,2025-09-04 00:00:00+00:00,2024-12-31 00:00:00+00:00,1033,3481,,0.975601398638275,0.9796571641194194,0.8832479288559268,0.9624908507403862,0.8945169413919414,0.960296475882589,,,,240,7,1.0,100.0,25,ungrouped
2025-09-04 00:00:00+00:00,2025-09-11 00:00:00+00:00,2025-01-07 00:00:00+00:00,1039,3497,,0.905842992123363,0.9801151689667358,0.8870559217477896,0.9515498608077835,0.8868475274725276,0.9225927254576791,0.09717340984130508,,,240,7,1.0,100.0,25,ungrouped
2025-09-11 00:00:00+00:00,2025-09-18 00:00:00+00:00,2025-01-14 00:00:00+00:00,1033,3513,,0.5256158770357098,0.9792216992739168,0.8632522523045251,0.9400811499386658,0.8000228937728936,0.8364685964284672,0.10610675485692454,,,240,7,1.0,100.0,25,ungrouped
2025-09-18 00:00:00+00:00,2025-09-25 00:00:00+00:00,2025-01-21 00:00:00+00:00,1036,3576,,0.3641672568642442,0.9792007421785552,0.7625523570709828,0.918432107688138,0.7951007326007326,0.45936942562584526,0.1740258792384723,,,240,7,1.0,100.0,25,ungrouped
2025-09-25 00:00:00+00:00,2025-10-02 00:00:00+00:00,2025-01-28 00:00:00+00:00,1058,3627,,0.9322268288456568,0.9790671414844535,0.7937100233636917,0.9287045936150257,0.8159913003663003,0.8222019905799371,0.20200723260574477,,,240,7,1.0,100.0,25,ungrouped
2025-10-02 00:00:00+00:00,2025-10-09 00:00:00+00:00,2025-02-04 00:00:00+00:00,1075,3642,,0.8692319599311573,0.9789705503383695,0.8747668422054632,0.9420904484893976,0.8542320774463632,0.9076114038698941,0.21728612228141497,,,240,7,1.0,100.0,25,ungrouped
2025-10-09 00:00:00+00:00,2025-10-16 00:00:00+00:00,2025-02-11 00:00:00+00:00,1078,3685,,0.8379711238556253,0.9793145607167064,0.8185508018585596,0.9114699810768966,0.7475056689342403,0.8214609927136989,0.2196653095230589,,,240,7,1.0,100.0,25,ungrouped
2025-10-16 00:00:00+00:00,2025-10-23 00:00:00+00:00,2025-02-18 00:00:00+00:00,1070,3719,,0.8171873511689949,0.9740841047948454,0.9164856391320719,0.9549296342865595,0.8206349206349207,0.7995491104177451,0.2153549190756623,,,240,7,1.0,100.0,25,ungrouped
2025-10-23 00:00:00+00:00,2025-10-30 00:00:00+00:00,2025-02-25 00:00:00+00:00,1067,3754,,0.8736982330004995,0.9740670664382854,0.8610155211220678,0.9240596996333004,0.7802154195011338,0.8643928579531589,0.23025446180561082,,,240,7,1.0,100.0,25,ungrouped
2025-10-30 00:00:00+00:00,2025-11-06 00:00:00+00:00,2025-03-04 00:00:00+00:00,1071,3797,,0.8600174896904041,0.9740142780795761,0.7929844219465907,0.9242904218326142,0.6519274376417233,0.8586387947398999,0.25039252406684337,,,240,7,1.0,100.0,25,ungrouped
2025-11-06 00:00:00+00:00,2025-11-13 00:00:00+00:00,2025-03-11 00:00:00+00:00,1069,3826,,0.43850357688002506,0.9739245975977796,0.8322017056114894,0.8595647405488973,0.6887706969580285,0.831387127844898,0.29501233891332135,,,240,7,1.0,100.0,25,ungrouped
2025-11-13 00:00:00+00:00,2025-11-20 00:00:00+00:00,2025-03-18 00:00:00+00:00,1072,3880,,0.6775880195880531,0.9812309062944282,0.7045952971875228,0.8722623044503178,0.6893530997304582,0.7234023820950869,0.3280655947321506,,,240,7,1.0,100.0,25,ungrouped
2025-11-20 00:00:00+00:00,2025-11-27 00:00:00+00:00,2025-03-25 00:00:00+00:00,1080,3852,,0.7087828745870047,0.9811010593310179,0.7651794446610717,0.8533158891996752,0.7241521189678481,0.8403816353214136,0.32420250996291133,,,240,7,1.0,100.0,25,ungrouped
2025-11-27 00:00:00+00:00,2025-12-04 00:00:00+00:00,2025-04-01 00:00:00+00:00,1087,3828,,0.7652669501243151,0.9806637532818528,0.8923581245756658,0.9196308954203691,0.7423230974632844,0.7771028585702762,0.3313505258539273,,,240,7,1.0,100.0,25,ungrouped
2025-12-04 00:00:00+00:00,2025-12-11 00:00:00+00:00,2025-04-08 00:00:00+00:00,1067,3798,,0.903708735806043,0.9808725052307066,0.859300809212403,0.9305834349155834,0.7258010680907877,0.9167049192136417,0.31923088116601717,,,240,7,1.0,100.0,25,ungrouped
2025-12-11 00:00:00+00:00,2025-12-18 00:00:00+00:00,2025-04-15 00:00:00+00:00,1062,3745,,0.9131162278501301,0.9816751044348664,0.8796819045315936,0.93982240989914,0.7052180685358255,0.9132188737143557,0.333625958343364,,,240,7,1.0,100.0,25,ungrouped
2025-12-18 00:00:00+00:00,2025-12-25 00:00:00+00:00,2025-04-22 00:00:00+00:00,1046,3688,,0.9222410093983987,0.9732394723500278,0.8942922176720826,0.9573778038165384,0.7839341344014242,0.9135475907843846,0.3573602329103078,,,240,7,1.0,100.0,25,ungrouped
2025-12-25 00:00:00+00:00,2026-01-01 00:00:00+00:00,2025-04-29 00:00:00+00:00,1033,3608,,0.8792275671052475,0.9818195070182859,0.8872809411775604,0.9267437597384742,0.8297174009790831,0.918373650088415,0.36510375346062596,,,240,7,1.0,100.0,25,ungrouped
2026-01-01 00:00:00+00:00,2026-01-08 00:00:00+00:00,2025-05-06 00:00:00+00:00,1024,3557,,0.9157302592181413,0.9822305256605193,0.8204528366458622,0.8702778541431646,0.8613707165109035,0.964514928450809,0.3682126899876434,,,240,7,1.0,100.0,25,ungrouped
2026-01-08 00:00:00+00:00,2026-01-15 00:00:00+00:00,2025-05-13 00:00:00+00:00,997,3433,,0.9345132129960247,0.985621909988895,0.8368052205335621,0.9504301039556279,0.8568930384545649,0.965228474854449,0.3907762088099189,,,240,7,1.0,100.0,25,ungrouped
2026-01-15 00:00:00+00:00,2026-01-22 00:00:00+00:00,2025-05-20 00:00:00+00:00,995,3410,,0.418735250678239,0.966952279667554,0.786612854872445,0.894451400727141,0.767636684303351,0.7303921084757982,0.4041414844466351,,,240,7,1.0,100.0,25,ungrouped
2026-01-22 00:00:00+00:00,2026-01-29 00:00:00+00:00,2025-05-27 00:00:00+00:00,1004,3421,,0.7480795016669328,0.9925987988219319,0.8370778009663922,0.8594586454843203,0.7474096119929454,0.8692641297105193,0.4168517573252765,,,240,7,1.0,100.0,25,ungrouped
2026-01-29 00:00:00+00:00,2026-02-05 00:00:00+00:00,2025-06-03 00:00:00+00:00,1012,3422,,0.8884494275981226,0.9923920644392092,0.8578991757397618,0.9289639355365031,0.7096560846560845,0.8874793456667405,0.42526867549283365,,,240,7,1.0,100.0,25,ungrouped
2026-02-05 00:00:00+00:00,2026-02-12 00:00:00+00:00,2025-06-10 00:00:00+00:00,1021,3448,,0.8238796285591979,0.9924321399840749,0.8300927798587073,0.9299488491048593,0.8088073192239859,0.9340229099061055,0.41543317395657076,,,240,7,1.0,100.0,25,ungrouped
2026-02-12 00:00:00+00:00,2026-02-19 00:00:00+00:00,2025-06-17 00:00:00+00:00,1030,3466,,0.823367189346836,0.9924697364395499,0.8505023283867155,0.915177484963321,0.7244819223985891,0.946312908668814,0.4241132221761605,,,240,7,1.0,100.0,25,ungrouped
2026-02-19 00:00:00+00:00,2026-02-26 00:00:00+00:00,2025-06-24 00:00:00+00:00,1032,3500,,0.8590580122571961,0.9924551565131821,0.870692055018281,0.9521964457959358,0.735622663948352,0.8815053052218392,0.4346466472472919,,,240,7,1.0,100.0,25,ungrouped
2026-02-26 00:00:00+00:00,2026-03-05 00:00:00+00:00,2025-07-01 00:00:00+00:00,1040,3572,,0.8756326973508612,0.9924198143586584,0.8386807612777423,0.9606876927195391,0.764908256880734,0.9072143409462979,0.4604331104752731,,,240,7,1.0,100.0,25,ungrouped
2026-03-05 00:00:00+00:00,2026-03-12 00:00:00+00:00,2025-07-08 00:00:00+00:00,1052,3618,,0.8272643940364433,0.992487984189113,0.8691507795760849,0.937514903899655,0.681638634046891,0.9093152918842103,0.4709452936370531,,,240,7,1.0,100.0,25,ungrouped
2026-03-12 00:00:00+00:00,2026-03-19 00:00:00+00:00,2025-07-15 00:00:00+00:00,1071,3672,,0.8028574480014105,0.9922894602498615,0.8297801046058412,0.9261172291296625,0.7647444298820445,0.7917611823676023,0.4799381629155345,,,240,7,1.0,100.0,25,ungrouped
2026-03-19 00:00:00+00:00,2026-03-26 00:00:00+00:00,2025-07-22 00:00:00+00:00,1076,3711,,0.49313006584419283,0.9924575112666052,0.7088657172435864,0.8361581132470433,0.5875382262996942,0.7933832870095899,0.49514969230432804,,,240,7,1.0,100.0,25,ungrouped
2026-03-26 00:00:00+00:00,2026-04-02 00:00:00+00:00,2025-07-29 00:00:00+00:00,1079,3789,,0.928117727464978,0.9924045136574292,0.9424732731609465,0.9831039950588836,0.749563128003495,0.9259901187278924,0.5079503021070543,,,240,7,1.0,100.0,25,ungrouped
2026-04-02 00:00:00+00:00,2026-04-09 00:00:00+00:00,2025-08-05 00:00:00+00:00,1077,3820,,0.8937767045925337,0.992416916147247,0.8668285802801157,0.9593794311452164,0.7265727391874182,0.9096168957960571,0.5246970665425508,,,240,7,1.0,100.0,25,ungrouped
2026-04-09 00:00:00+00:00,2026-04-16 00:00:00+00:00,2025-08-12 00:00:00+00:00,1094,3875,,0.3862459109686811,0.9922769191187287,0.5832933944011037,0.7909989205347505,0.33513543031891657,0.4477994805267208,0.5400972499815325,,,240,7,1.0,100.0,25,ungrouped
2026-04-16 00:00:00+00:00,2026-04-23 00:00:00+00:00,2025-08-19 00:00:00+00:00,1100,3913,,0.7898261148186123,0.9922703351275801,0.8447893747782563,0.9591241275864194,0.7526212319790302,0.8936653267586497,0.5483053143454818,,,240,7,1.0,100.0,25,ungrouped
2026-04-23 00:00:00+00:00,2026-04-30 00:00:00+00:00,2025-08-26 00:00:00+00:00,1106,3915,,0.7140461546043575,0.9920507186028057,0.8864727523992958,0.9286637244926622,0.7243337702053299,0.6930043067819553,0.5726230857033023,,,240,7,1.0,100.0,25,ungrouped
2026-04-30 00:00:00+00:00,2026-05-07 00:00:00+00:00,2025-09-02 00:00:00+00:00,1120,3971,,0.5703412150548559,0.9920395261824543,0.8028223417822818,0.8456172519631682,0.7164090114778189,0.8602248432870568,0.5586854561470705,,,240,7,1.0,100.0,25,ungrouped
2026-05-07 00:00:00+00:00,2026-05-14 00:00:00+00:00,2025-09-09 00:00:00+00:00,1116,3977,,0.4646411181883954,0.9919632260004753,0.8700997567884657,0.9534476617737327,0.7432900432900433,0.8159550051434017,0.5595372673540726,,,240,7,1.0,100.0,25,ungrouped
2026-05-14 00:00:00+00:00,2026-05-21 00:00:00+00:00,2025-09-16 00:00:00+00:00,1117,3974,,0.5924887357974847,0.9919021853780644,0.84351602239372,0.8925487193950871,0.6918290043290043,0.8828691977579952,0.5446811623409561,,,240,7,1.0,100.0,25,ungrouped
2026-05-21 00:00:00+00:00,2026-05-28 00:00:00+00:00,2025-09-23 00:00:00+00:00,1113,3976,,0.9249165032521909,0.9920084814532887,0.6906312309030789,0.9695163015489443,0.780465367965368,0.8869681667552398,0.5275847071689405,,,240,7,1.0,100.0,25,ungrouped
2026-05-28 00:00:00+00:00,2026-06-04 00:00:00+00:00,2025-09-30 00:00:00+00:00,1098,3945,,0.7905815507221972,0.9920247917918472,0.8355968580588301,0.9240147486613182,0.7933441558441559,0.910178734177619,0.5561492798194816,,,240,7,1.0,100.0,25,ungrouped
2026-06-04 00:00:00+00:00,2026-06-11 00:00:00+00:00,2025-10-07 00:00:00+00:00,1094,3923,,0.9089105680047144,0.9919925115863846,0.8119488452952823,0.9513418250030256,0.8018027768027768,0.8636011111756006,0.5559465912766338,,,240,7,1.0,100.0,25,ungrouped
2026-06-11 00:00:00+00:00,2026-06-18 00:00:00+00:00,2025-10-14 00:00:00+00:00,1082,3872,,0.9359186374454589,0.9920745177458817,0.8383768055447935,0.9616171909218488,0.8501179751179752,0.9307465215298278,0.5555489202847613,,,240,7,1.0,100.0,25,ungrouped
2026-06-18 00:00:00+00:00,2026-06-25 00:00:00+00:00,2025-10-21 00:00:00+00:00,1076,3801,,0.8975714973070266,0.9920304448127574,0.86948830323169,0.9603860914825979,0.8724796224796226,0.934477102870039,0.5458270209574293,,,240,7,1.0,100.0,25,ungrouped
2026-06-25 00:00:00+00:00,2026-07-01 00:00:00+00:00,2025-10-28 00:00:00+00:00,1061,3741,,0.8831761443165634,0.9920069313915905,0.8690774004543861,0.9332667584495162,0.7776526526526527,0.9399987500302416,0.5650893696874772,,,240,7,1.0,100.0,25,ungrouped
