SCEDTimestamp,RepeatedHourFlag,SettlementPoint,LMP
06/25/2026 00:40:18,N,7RNCHSLR_ALL,       27.04
06/25/2026 00:40:18,N,A4_DGR1_RN,       27.10
06/25/2026 00:40:18,N,A4_DGR2_RN,       27.10
06/25/2026 00:40:18,N,ABINDUST_RN,       27.64
06/25/2026 00:40:18,N,ADL_RN,       27.16
06/25/2026 00:40:18,N,AEEC,       27.99
06/25/2026 00:40:18,N,AE_RN,       27.09
06/25/2026 00:40:18,N,AGUAYO_UNIT1,       27.22
06/25/2026 00:40:18,N,AJAXWIND_RN,       27.72
06/25/2026 00:40:18,N,ALAMO_ST_RN,       31.96
06/25/2026 00:40:18,N,ALGOD_ALL_RN,       26.05
06/25/2026 00:40:18,N,ALP_BESS_RN,       28.75
06/25/2026 00:40:18,N,ALVIN_RN,       27.12
06/25/2026 00:40:18,N,AMADEUS_ALL,       27.86
06/25/2026 00:40:18,N,AMAD_ESS_RN,       27.46
06/25/2026 00:40:18,N,AMISTAD_ALL,       27.06
06/25/2026 00:40:18,N,AMOCOOIL_CC1,       27.13
06/25/2026 00:40:18,N,AMOCOOIL_CC2,       27.13
06/25/2026 00:40:18,N,AMOCO_PUN1,       27.13
06/25/2026 00:40:18,N,AMOCO_PUN2,       27.13
06/25/2026 00:40:18,N,AMO_AMOCO_1,       27.13
06/25/2026 00:40:18,N,AMO_AMOCO_2,       27.13
06/25/2026 00:40:18,N,AMO_AMOCO_5,       27.13
06/25/2026 00:40:18,N,AMO_AMOCO_G1,       27.13
06/25/2026 00:40:18,N,AMO_AMOCO_G2,       27.13
06/25/2026 00:40:18,N,AMO_AMOCO_G3,       27.13
06/25/2026 00:40:18,N,AMO_AMOCO_S1,       27.13
06/25/2026 00:40:18,N,AMO_AMOCO_S2,       27.13
06/25/2026 00:40:18,N,ANACACHO_ANA,       28.71
06/25/2026 00:40:18,N,ANCHOR_ALL,       27.62
06/25/2026 00:40:18,N,ANDMDSLR_ALL,       27.90
06/25/2026 00:40:18,N,ANEM_ESS_RN,       24.27
06/25/2026 00:40:18,N,ANG_ALL,       26.74
06/25/2026 00:40:18,N,ANOL_ESS_RN,       27.48
06/25/2026 00:40:18,N,ANSON1_ALL,       27.85
06/25/2026 00:40:18,N,ANTL_ESS_ES1,       23.95
06/25/2026 00:40:18,N,APPALOSA_ALL,      -38.25
06/25/2026 00:40:18,N,APPLE_ESR_RN,       29.95
06/25/2026 00:40:18,N,AQLA_WND_RN,       27.48
06/25/2026 00:40:18,N,AQUI_ALL,       27.48
06/25/2026 00:40:18,N,ARAGORN_RN,       30.60
06/25/2026 00:40:18,N,ARY_BESS_RN,       24.88
06/25/2026 00:40:18,N,ASCK_SLR_RN,       27.48
06/25/2026 00:40:18,N,ASTRA_RN,       27.89
06/25/2026 00:40:18,N,ATK_ATKINSG7,       27.27
06/25/2026 00:40:18,N,AURO_SLR_RN,       27.29
06/25/2026 00:40:18,N,AUSTPL_ALL,       27.12
06/25/2026 00:40:18,N,AVIAT_ALL,       27.38
06/25/2026 00:40:18,N,AVIL_ESS_RN,       31.87
06/25/2026 00:40:18,N,AZSP_SLR_RN,       27.44
06/25/2026 00:40:18,N,AZURE_RN,       27.80
06/25/2026 00:40:18,N,AZ_ALL,       27.15
06/25/2026 00:40:18,N,BAC_RN_ALL,       27.13
06/25/2026 00:40:18,N,BAFFIN_ALL,       25.26
06/25/2026 00:40:18,N,BAIRDWND_ALL,       27.72
06/25/2026 00:40:18,N,BAKE_RN_ALL,       27.52
06/25/2026 00:40:18,N,BARROW_ALL,       29.81
06/25/2026 00:40:18,N,BART_SLR_RN,       27.51
06/25/2026 00:40:18,N,BASTEN_CC1,       27.12
06/25/2026 00:40:18,N,BASTEN_CCU,       27.12
06/25/2026 00:40:18,N,BATCAVE_RN,       26.73
06/25/2026 00:40:18,N,BAYC_BESS_RN,       26.94
06/25/2026 00:40:18,N,BBREEZE_1_2,       24.73
06/25/2026 00:40:18,N,BCATWD_WD_1,       27.68
06/25/2026 00:40:18,N,BCH_RN,       27.09
06/25/2026 00:40:18,N,BCK_RN,       27.09
06/25/2026 00:40:18,N,BCNV2_ES_RN,       27.12
06/25/2026 00:40:18,N,BCNV_RN,       27.12
06/25/2026 00:40:18,N,BELM_SLR_RN,       27.30
06/25/2026 00:40:18,N,BEXAR_ES_RN,       27.09
06/25/2026 00:40:18,N,BIGSAMWD_RN,       26.92
06/25/2026 00:40:18,N,BIGSTAR_ALL,       27.10
06/25/2026 00:40:18,N,BIRD_ESR1,       26.45
06/25/2026 00:40:18,N,BKSL_RN,       27.89
06/25/2026 00:40:18,N,BLACKJAK_RN,       26.12
06/25/2026 00:40:18,N,BLACKSPR_RN,       27.55
06/25/2026 00:40:18,N,BLSMT1_5_A_6,       27.77
06/25/2026 00:40:18,N,BLUEJAY_RN,       27.27
06/25/2026 00:40:18,N,BLVN_RN,       27.32
06/25/2026 00:40:18,N,BOARDCRK_ALL,       27.42
06/25/2026 00:40:18,N,BOCO_ESS_RN,       28.32
06/25/2026 00:40:18,N,BOOTLEG_UN1,       31.91
06/25/2026 00:40:18,N,BORDAS_345,       23.10
06/25/2026 00:40:18,N,BOSQUESW_CC1,       27.41
06/25/2026 00:40:18,N,BOSQUESW_CC2,       27.40
06/25/2026 00:40:18,N,BOSQ_BSQSU_5,       27.40
06/25/2026 00:40:18,N,BOSQ_BSQS_12,       27.40
06/25/2026 00:40:18,N,BOSQ_BSQS_34,       27.41
06/25/2026 00:40:18,N,BRANDON_RN,       28.05
06/25/2026 00:40:18,N,BRAUNIG_CC1,       27.03
06/25/2026 00:40:18,N,BRAUNIG_VHB1,       27.08
06/25/2026 00:40:18,N,BRAUNIG_VHB2,       27.08
06/25/2026 00:40:18,N,BRAUNIG_VHB3,       27.08
06/25/2026 00:40:18,N,BRAZ_WND_ALL,       28.09
06/25/2026 00:40:18,N,BRA_AVR1_CT2,       27.03
06/25/2026 00:40:18,N,BRA_AVR_CST1,       27.03
06/25/2026 00:40:18,N,BRHEIGHT_RN,       27.13
06/25/2026 00:40:18,N,BRIGHTSD_U1,       26.83
06/25/2026 00:40:18,N,BRISCOE_WIND,       27.87
06/25/2026 00:40:18,N,BRPANGLE_RN,       27.08
06/25/2026 00:40:18,N,BRPMAGNO_RN,       27.12
06/25/2026 00:40:18,N,BRP_BRAZ_RN,       27.08
06/25/2026 00:40:18,N,BRP_DIKN_RN,       27.13
06/25/2026 00:40:18,N,BRP_LOOP_RN,       26.66
06/25/2026 00:40:18,N,BRP_LOP1_RN,       22.89
06/25/2026 00:40:18,N,BRP_PBL1_RN,       30.70
06/25/2026 00:40:18,N,BRP_PBL2_RN,       30.70
06/25/2026 00:40:18,N,BRP_RN_UNIT1,       27.08
06/25/2026 00:40:18,N,BRP_SWNY_RN,       27.08
06/25/2026 00:40:18,N,BRP_ZPT1_RN,       22.18
06/25/2026 00:40:18,N,BRP_ZPT2_RN,       22.18
06/25/2026 00:40:18,N,BRTSW_BCW1,       27.59
06/25/2026 00:40:18,N,BR_ARROW_ALL,       27.51
06/25/2026 00:40:18,N,BR_VHB6CT5_6,       27.07
06/25/2026 00:40:18,N,BR_VHB6CT7_8,       27.07
06/25/2026 00:40:18,N,BSS_U1,       27.08
06/25/2026 00:40:18,N,BTE_BTE_G1,       27.16
06/25/2026 00:40:18,N,BTE_BTE_G2,       27.16
06/25/2026 00:40:18,N,BTE_BTE_G3,       27.16
06/25/2026 00:40:18,N,BTE_BTE_G4,       27.16
06/25/2026 00:40:18,N,BTE_CC1,       27.16
06/25/2026 00:40:18,N,BTE_PUN1,       27.16
06/25/2026 00:40:18,N,BTE_PUN2,       27.16
06/25/2026 00:40:18,N,BTM_ALL,       27.10
06/25/2026 00:40:18,N,BUCHAN_ALL,       27.10
06/25/2026 00:40:18,N,BUCKTHRN_RN,       27.49
06/25/2026 00:40:18,N,BUDA_RN,       27.10
06/25/2026 00:40:18,N,BUFF_GAP_ALL,       27.48
06/25/2026 00:40:18,N,BULLCRK_1_2,       28.29
06/25/2026 00:40:18,N,BUZI_SLR_RN,       27.89
06/25/2026 00:40:18,N,BVE_CC1,       27.12
06/25/2026 00:40:18,N,BVE_UNIT1,       27.12
06/25/2026 00:40:18,N,BVE_UNIT2,       27.12
06/25/2026 00:40:18,N,BVE_UNIT3,       27.12
06/25/2026 00:40:18,N,BYNM_SLR_RN,       27.39
06/25/2026 00:40:18,N,BYP_RN,       27.12
06/25/2026 00:40:18,N,BYRDR_ES_ALL,       27.08
06/25/2026 00:40:18,N,BYU_BYU_1,       27.14
06/25/2026 00:40:18,N,BYU_BYU_12,       27.14
06/25/2026 00:40:18,N,BYU_BYU_34,       27.14
06/25/2026 00:40:18,N,BYU_CC1,       27.14
06/25/2026 00:40:18,N,BYU_G4_RN,       27.14
06/25/2026 00:40:18,N,BYU_PUN1,       27.14
06/25/2026 00:40:18,N,BYU_PUN2,       27.14
06/25/2026 00:40:18,N,BYU_PUN3,       27.14
06/25/2026 00:40:18,N,BYU_PUN4,       27.14
06/25/2026 00:40:18,N,B_DAVIS_3,       25.86
06/25/2026 00:40:18,N,B_DAVIS_4,       25.86
06/25/2026 00:40:18,N,B_DAVIS_CC1,       25.86
06/25/2026 00:40:18,N,B_D_B_DAVIG1,       25.86
06/25/2026 00:40:18,N,B_D_B_DAVIG2,       25.86
06/25/2026 00:40:18,N,CABEZON_ALL,       23.75
06/25/2026 00:40:18,N,CACH_ESS_RN,       27.06
06/25/2026 00:40:18,N,CALAVER_JKS1,       27.00
06/25/2026 00:40:18,N,CALAVER_JKS2,       27.00
06/25/2026 00:40:18,N,CALAVER_JTD1,       27.08
06/25/2026 00:40:18,N,CALAVER_JTD2,       27.08
06/25/2026 00:40:18,N,CALAVER_OWS1,       27.07
06/25/2026 00:40:18,N,CALAVER_OWS2,       27.08
06/25/2026 00:40:18,N,CALHOUN_ALL,       26.66
06/25/2026 00:40:18,N,CALLAHA_WND1,       27.45
06/25/2026 00:40:18,N,CAL_CALGT1,       27.15
06/25/2026 00:40:18,N,CAL_CALSTG1,       27.15
06/25/2026 00:40:18,N,CAL_CC1,       27.15
06/25/2026 00:40:18,N,CAL_PUN1,       27.15
06/25/2026 00:40:18,N,CAL_PUN2,       27.15
06/25/2026 00:40:18,N,CAMWIND_RN,       24.81
06/25/2026 00:40:18,N,CANYONWD_ALL,       28.03
06/25/2026 00:40:18,N,CAPRIDG4_CR4,       27.38
06/25/2026 00:40:18,N,CAPRIDGE_ALL,       27.38
06/25/2026 00:40:18,N,CARA_ESS_RN,       24.50
06/25/2026 00:40:18,N,CARBN_BSP_1,       28.46
06/25/2026 00:40:18,N,CARN_ESS_RN,       25.91
06/25/2026 00:40:18,N,CARRIZO_ESR1,       33.55
06/25/2026 00:40:18,N,CARTWHL_RN,       27.51
06/25/2026 00:40:18,N,CASL_GAP_UN1,       32.84
06/25/2026 00:40:18,N,CAST_ESS_RN,       27.08
06/25/2026 00:40:18,N,CATARINA_B1,       38.57
06/25/2026 00:40:18,N,CBECII_89,       27.07
06/25/2026 00:40:18,N,CBECII_CC3,       27.07
06/25/2026 00:40:18,N,CBECII_CT7,       27.07
06/25/2026 00:40:18,N,CBEC_ALL,       27.06
06/25/2026 00:40:18,N,CBEC_CC1,       27.06
06/25/2026 00:40:18,N,CBEC_CC2,       27.06
06/25/2026 00:40:18,N,CBY4_ALL,       27.16
06/25/2026 00:40:18,N,CBY4_CC1,       27.16
06/25/2026 00:40:18,N,CBY_CBY_G1,       27.16
06/25/2026 00:40:18,N,CBY_CBY_G2,       27.16
06/25/2026 00:40:18,N,CCEC_CC1,       25.92
06/25/2026 00:40:18,N,CCEC_GT1,       25.92
06/25/2026 00:40:18,N,CCEC_GT2,       25.92
06/25/2026 00:40:18,N,CCEC_PUN1,       25.92
06/25/2026 00:40:18,N,CCEC_PUN2,       25.92
06/25/2026 00:40:18,N,CCEC_ST1,       25.92
06/25/2026 00:40:18,N,CDRVLE_U1_RN,       30.73
06/25/2026 00:40:18,N,CEDROHI_CHW1,       23.03
06/25/2026 00:40:18,N,CEDRVALE_RN,       30.73
06/25/2026 00:40:18,N,CFLATS_UNIT,       25.88
06/25/2026 00:40:18,N,CFLAT_ES_RN,       24.78
06/25/2026 00:40:18,N,CHALUP_ALL,       24.79
06/25/2026 00:40:18,N,CHAL_SLR_RN,       30.56
06/25/2026 00:40:18,N,CHAMON_UN1,       27.16
06/25/2026 00:40:18,N,CHAMON_UN2,       27.16
06/25/2026 00:40:18,N,CHAR_SLR_RN,       26.40
06/25/2026 00:40:18,N,CHEDPW_GT2,       27.17
06/25/2026 00:40:18,N,CHE_CC1,       27.17
06/25/2026 00:40:18,N,CHE_LYD,       27.16
06/25/2026 00:40:18,N,CHE_LYD2,       27.16
06/25/2026 00:40:18,N,CHE_PUN1,       27.16
06/25/2026 00:40:18,N,CHE_PUN2,       27.16
06/25/2026 00:40:18,N,CHIL_SLR,       27.28
06/25/2026 00:40:18,N,CHISMGRD_RN,       27.56
06/25/2026 00:40:18,N,CISC_RN,       27.57
06/25/2026 00:40:18,N,CITRUSCY_RN,       24.43
06/25/2026 00:40:18,N,CITYVICT_ALL,       26.63
06/25/2026 00:40:18,N,CLO_RN,       27.14
06/25/2026 00:40:18,N,CLT_RN,       27.14
06/25/2026 00:40:18,N,CMPD_SLR_RN,       27.49
06/25/2026 00:40:18,N,CNLY_ESS_RN,       27.56
06/25/2026 00:40:18,N,CNTRY_RN,       27.51
06/25/2026 00:40:18,N,CNTYRDS_RN,       30.76
06/25/2026 00:40:18,N,CN_BRKS_UNT1,       27.88
06/25/2026 00:40:18,N,COL_COLETOG1,       26.52
06/25/2026 00:40:18,N,CONIGLIO_RN,       27.52
06/25/2026 00:40:18,N,CONTINEN_RN,       23.76
06/25/2026 00:40:18,N,CORALSLR_ALL,       27.37
06/25/2026 00:40:18,N,CORAZON_RN,       22.79
06/25/2026 00:40:18,N,COTPLNS_RN,       27.89
06/25/2026 00:40:18,N,COTTON_PAP2,       25.98
06/25/2026 00:40:18,N,COTULLA_RN,       26.96
06/25/2026 00:40:18,N,COYANOSA_RN,       30.88
06/25/2026 00:40:18,N,COYOTSPR_AGR,       30.75
06/25/2026 00:40:18,N,COYOTSPR_RN,       30.75
06/25/2026 00:40:18,N,CPSES_UNIT1,       27.51
06/25/2026 00:40:18,N,CPSES_UNIT2,       27.51
06/25/2026 00:40:18,N,CRANELL_ALL,       26.12
06/25/2026 00:40:18,N,CRAWFISH_RN,       26.92
06/25/2026 00:40:18,N,CROSSETT_ALL,       32.38
06/25/2026 00:40:18,N,CROSSTRL_RN,       28.18
06/25/2026 00:40:18,N,CRWN_SLR_UN1,       27.35
06/25/2026 00:40:18,N,CR_RN,       27.15
06/25/2026 00:40:18,N,CSC_CSECG1_2,       28.07
06/25/2026 00:40:18,N,CST1_SLR_RN,       27.87
06/25/2026 00:40:18,N,CST2_SLR_RN,       27.87
06/25/2026 00:40:18,N,CS_RN,       27.16
06/25/2026 00:40:18,N,CTW_RN,       27.11
06/25/2026 00:40:18,N,CVC_CC1,       27.17
06/25/2026 00:40:18,N,CVC_CVCG1_5,       27.17
06/25/2026 00:40:18,N,CVC_CVC_G2,       27.17
06/25/2026 00:40:18,N,CVC_CVC_G3,       27.17
06/25/2026 00:40:18,N,DAG_ALL,       27.08
06/25/2026 00:40:18,N,DANSBY_ALL,       27.27
06/25/2026 00:40:18,N,DAN_ALL,       27.04
06/25/2026 00:40:18,N,DA_BESS,       27.08
06/25/2026 00:40:18,N,DA_BESS2,       27.08
06/25/2026 00:40:18,N,DC2SES_ALL,       27.51
06/25/2026 00:40:18,N,DC_E,       27.52
06/25/2026 00:40:18,N,DC_L,       21.25
06/25/2026 00:40:18,N,DC_N,       27.75
06/25/2026 00:40:18,N,DC_R,       24.44
06/25/2026 00:40:18,N,DDPEC_CC1,       27.15
06/25/2026 00:40:18,N,DDPEC_GT1,       27.15
06/25/2026 00:40:18,N,DDPEC_GT2,       27.15
06/25/2026 00:40:18,N,DDPEC_GT3,       27.15
06/25/2026 00:40:18,N,DDPEC_GT4,       27.15
06/25/2026 00:40:18,N,DDPEC_GT6,       27.15
06/25/2026 00:40:18,N,DDPEC_ST1,       27.15
06/25/2026 00:40:18,N,DECKER_GT,       27.13
06/25/2026 00:40:18,N,DENISON_G1_2,       27.53
06/25/2026 00:40:18,N,DERMOTT_ALL,       27.95
06/25/2026 00:40:18,N,DESN_ESS_RN,       27.08
06/25/2026 00:40:18,N,DGFS_ESR_RN,       31.98
06/25/2026 00:40:18,N,DIBOL_RN,       27.45
06/25/2026 00:40:18,N,DIB_CC1,       27.15
06/25/2026 00:40:18,N,DIB_DIB_G1,       27.15
06/25/2026 00:40:18,N,DIB_DIB_G2,       27.15
06/25/2026 00:40:18,N,DIB_DIB_G3,       27.15
06/25/2026 00:40:18,N,DIB_DIB_G4,       27.15
06/25/2026 00:40:18,N,DIB_PUN1,       27.15
06/25/2026 00:40:18,N,DIB_PUN2,       27.15
06/25/2026 00:40:18,N,DILEOS_UNIT1,       27.40
06/25/2026 00:40:18,N,DIVR_SLR_RN,       27.34
06/25/2026 00:40:18,N,DKNS_ESS_RN,       27.89
06/25/2026 00:40:18,N,DMA_RN,       27.08
06/25/2026 00:40:18,N,DORA_SLR_RN,       27.65
06/25/2026 00:40:18,N,DOWGEN_PUN1,       27.07
06/25/2026 00:40:18,N,DOWGEN_PUN2,       27.07
06/25/2026 00:40:18,N,DOWGEN_PUN3,       27.07
06/25/2026 00:40:18,N,DOWGEN_PUN4,       27.07
06/25/2026 00:40:18,N,DOWGEN_PUN5,       27.07
06/25/2026 00:40:18,N,DOWGEN_PUN6,       27.07
06/25/2026 00:40:18,N,DOW_61_2_63,       27.07
06/25/2026 00:40:18,N,DOW_64,       27.07
06/25/2026 00:40:18,N,DOW_81_2_84,       27.07
06/25/2026 00:40:18,N,DOW_G37_G35,       27.07
06/25/2026 00:40:18,N,DOW_G66_ST65,       27.07
06/25/2026 00:40:18,N,DOW_G67,       27.07
06/25/2026 00:40:18,N,DOW_G96_ST95,       27.07
06/25/2026 00:40:18,N,DRAK_ESS_RN,       27.51
06/25/2026 00:40:18,N,DRCK_SLR_RN,       27.46
06/25/2026 00:40:18,N,DRYFRIO_RN,       28.77
06/25/2026 00:40:18,N,DSWL_BES1,       27.49
06/25/2026 00:40:18,N,DUKE_CC1,       24.52
06/25/2026 00:40:18,N,DUKE_GST1CCU,       24.52
06/25/2026 00:40:18,N,DUKE_GT2_CCU,       24.52
06/25/2026 00:40:18,N,DUP_PUN1,       26.63
06/25/2026 00:40:18,N,DUP_PUN2,       26.63
06/25/2026 00:40:18,N,DUP_PUN3,       26.63
06/25/2026 00:40:18,N,DUP_PUN4,       26.63
06/25/2026 00:40:18,N,EBELLS_UNIT1,       27.29
06/25/2026 00:40:18,N,EBNY_ESS_RN,       27.06
06/25/2026 00:40:18,N,ECLIPSE_UN1,       28.48
06/25/2026 00:40:18,N,EIFSLR_UNIT1,       27.52
06/25/2026 00:40:18,N,ELB_ELBCREEK,       28.74
06/25/2026 00:40:18,N,ELECTRAW_1_2,       27.75
06/25/2026 00:40:18,N,ELMCRK_RN,       27.64
06/25/2026 00:40:18,N,ELM_ST_RN,       30.75
06/25/2026 00:40:18,N,ELM_ST_RN2,       30.75
06/25/2026 00:40:18,N,ELSAUZ_ALL,       24.73
06/25/2026 00:40:18,N,ELSA_ESR_RN,       24.57
06/25/2026 00:40:18,N,ELS_RN_1,       27.49
06/25/2026 00:40:18,N,ELZA_SLR_RN,       27.50
06/25/2026 00:40:18,N,EL_RAYO_ALL,       24.80
06/25/2026 00:40:18,N,EMPCT_RN,       27.51
06/25/2026 00:40:18,N,ENDPARK_ESS1,       27.99
06/25/2026 00:40:18,N,ERKA_SLR_RN,       27.48
06/25/2026 00:40:18,N,ERSL_RN,       28.87
06/25/2026 00:40:18,N,ESCONDID_ESR,       29.82
06/25/2026 00:40:18,N,ESTONIAN_ALL,       27.52
06/25/2026 00:40:18,N,ETCCS_CC1,       27.48
06/25/2026 00:40:18,N,ETCCS_CCU,       27.48
06/25/2026 00:40:18,N,EUNICE_ALL,       29.70
06/25/2026 00:40:18,N,EVLN_ESS_RN,       27.13
06/25/2026 00:40:18,N,EXGNSND_RN,       22.18
06/25/2026 00:40:18,N,EXGNWTL_1,       23.03
06/25/2026 00:40:18,N,EXN_14,       27.16
06/25/2026 00:40:18,N,EXN_1_3,       27.16
06/25/2026 00:40:18,N,EXN_4,       27.16
06/25/2026 00:40:18,N,EXN_8,       27.16
06/25/2026 00:40:18,N,EXN_9_13,       27.16
06/25/2026 00:40:18,N,EXN_PUN1,       27.16
06/25/2026 00:40:18,N,EXN_PUN2,       27.16
06/25/2026 00:40:18,N,EXN_PUN3,       27.16
06/25/2026 00:40:18,N,E_BLACK_RN,       27.16
06/25/2026 00:40:18,N,E_HARRIS_RN,       24.78
06/25/2026 00:40:18,N,FAGUSSLR_RN,       27.82
06/25/2026 00:40:18,N,FALFUR_RN,       24.54
06/25/2026 00:40:18,N,FALFUR_RN2,       24.54
06/25/2026 00:40:18,N,FAL_FALCONG1,       23.24
06/25/2026 00:40:18,N,FAL_FALCONG2,       23.24
06/25/2026 00:40:18,N,FAL_FALCONG3,       23.24
06/25/2026 00:40:18,N,FAULKNER_RN,       30.75
06/25/2026 00:40:18,N,FEGC_RN,       27.14
06/25/2026 00:40:18,N,FENCESLR_ALL,       27.45
06/25/2026 00:40:18,N,FERD_ESS_RN,       27.10
06/25/2026 00:40:18,N,FERGCC_CC1,       27.06
06/25/2026 00:40:18,N,FERGCC_GT1_1,       27.06
06/25/2026 00:40:18,N,FERGCC_GT2_3,       27.06
06/25/2026 00:40:18,N,FERGCC_ST1_5,       27.06
06/25/2026 00:40:18,N,FERMI_ALL,       23.95
06/25/2026 00:40:18,N,FILESSLR_PV1,       27.49
06/25/2026 00:40:18,N,FIVEWSLR_ALL,       27.28
06/25/2026 00:40:18,N,FLCNS_UNIT1,       28.75
06/25/2026 00:40:18,N,FLCNS_UNIT2,       28.75
06/25/2026 00:40:18,N,FLCNS_UNIT3,       28.75
06/25/2026 00:40:18,N,FLOWERII_RN,       31.02
06/25/2026 00:40:18,N,FLTBES1,       31.02
06/25/2026 00:40:18,N,FLTCK_SSI,       27.51
06/25/2026 00:40:18,N,FLUVANNA_1_2,       27.99
06/25/2026 00:40:18,N,FLVABES1_ESR,       31.02
06/25/2026 00:40:18,N,FOARDCTY_ALL,       27.80
06/25/2026 00:40:18,N,FORMOSA_CC1,       26.67
06/25/2026 00:40:18,N,FORMOSA_CC2,       26.67
06/25/2026 00:40:18,N,FORMOSA_PUN1,       26.67
06/25/2026 00:40:18,N,FORMOSA_PUN2,       26.67
06/25/2026 00:40:18,N,FORTMA_RN,       26.73
06/25/2026 00:40:18,N,FOXTROT_ALL,       26.55
06/25/2026 00:40:18,N,FO_FORMOSA11,       26.67
06/25/2026 00:40:18,N,FO_FORMOSA12,       26.67
06/25/2026 00:40:18,N,FO_FORMOSG1,       26.67
06/25/2026 00:40:18,N,FO_FORMOSG10,       26.67
06/25/2026 00:40:18,N,FO_FORMOSG13,       26.67
06/25/2026 00:40:18,N,FO_FORMOSG14,       26.67
06/25/2026 00:40:18,N,FO_FORMOSG15,       26.67
06/25/2026 00:40:18,N,FO_FORMOSG2,       26.67
06/25/2026 00:40:18,N,FO_FORMOSG3,       26.67
06/25/2026 00:40:18,N,FO_FORMOSG4,       26.67
06/25/2026 00:40:18,N,FO_FORMOSG5,       26.67
06/25/2026 00:40:18,N,FO_FORMOSG6,       26.67
06/25/2026 00:40:18,N,FO_FORMOSG7,       26.67
06/25/2026 00:40:18,N,FO_FORMOSG8,       26.67
06/25/2026 00:40:18,N,FO_FORMOSG9,       26.67
06/25/2026 00:40:18,N,FPPYD_FPP_G1,       27.11
06/25/2026 00:40:18,N,FPPYD_FPP_G2,       27.11
06/25/2026 00:40:18,N,FPPYD_FPP_G3,       27.10
06/25/2026 00:40:18,N,FREC_1_CCU,       27.42
06/25/2026 00:40:18,N,FREC_2_CCU,       27.42
06/25/2026 00:40:18,N,FREC_CC1,       27.42
06/25/2026 00:40:18,N,FREC_CC2,       27.42
06/25/2026 00:40:18,N,FRMRSVLW_RN,       27.51
06/25/2026 00:40:18,N,FRMR_BS2_RN1,       27.51
06/25/2026 00:40:18,N,FRNYPP_1_CCU,       27.49
06/25/2026 00:40:18,N,FRNYPP_2_CCU,       27.49
06/25/2026 00:40:18,N,FRNYPP_CC1,       27.49
06/25/2026 00:40:18,N,FRNYPP_CC2,       27.49
06/25/2026 00:40:18,N,FRONT_EC_CC1,       24.37
06/25/2026 00:40:18,N,FRONT_EC_RN1,       24.37
06/25/2026 00:40:18,N,FRONT_EC_RN2,       24.37
06/25/2026 00:40:18,N,FRONT_EC_RN3,       24.37
06/25/2026 00:40:18,N,FRYE_SLR_ALL,       27.88
06/25/2026 00:40:18,N,FTDUNCAN_RN,       30.27
06/25/2026 00:40:18,N,FTR_CC1,       27.25
06/25/2026 00:40:18,N,FTR_FTR_G1_4,       27.25
06/25/2026 00:40:18,N,FTWIND_UNIT1,       27.34
06/25/2026 00:40:18,N,FWLR_SLR_1,       32.35
06/25/2026 00:40:18,N,GAIA_SLR_RN,       27.45
06/25/2026 00:40:18,N,GALO_RN1,       26.98
06/25/2026 00:40:18,N,GAMBIT_RN,       27.08
06/25/2026 00:40:18,N,GARC_BESS_RN,       23.67
06/25/2026 00:40:18,N,GBY_GT,       27.16
06/25/2026 00:40:18,N,GID_GIDEONG1,       27.12
06/25/2026 00:40:18,N,GID_GIDEONG2,       27.12
06/25/2026 00:40:18,N,GID_GIDEONG3,       27.12
06/25/2026 00:40:18,N,GIGA_ESS_RN,       27.14
06/25/2026 00:40:18,N,GKS_BESS_RN,       24.55
06/25/2026 00:40:18,N,GOA_GOATWIND,       27.53
06/25/2026 00:40:18,N,GODY_SLR_RN,       27.52
06/25/2026 00:40:18,N,GOLINDA_UN1,       27.35
06/25/2026 00:40:18,N,GOMZ_RN,       31.41
06/25/2026 00:40:18,N,GOODNIT1_ALL,       27.87
06/25/2026 00:40:18,N,GOODWIN_ESR,       24.29
06/25/2026 00:40:18,N,GPASTURE_ALL,       27.74
06/25/2026 00:40:18,N,GRANDVW1_A_B,       27.87
06/25/2026 00:40:18,N,GRAN_SLR_RN,       27.20
06/25/2026 00:40:18,N,GRDNE_ESR_RN,       29.27
06/25/2026 00:40:18,N,GREASWOD_ALL,       31.98
06/25/2026 00:40:18,N,GREGORY_RN,       26.08
06/25/2026 00:40:18,N,GRIF_TRL_RN,       27.80
06/25/2026 00:40:18,N,GRIM_SLR_RN,       27.27
06/25/2026 00:40:18,N,GRND_SLR_RN,       31.73
06/25/2026 00:40:18,N,GRSES_UNIT1,       27.67
06/25/2026 00:40:18,N,GRSES_UNIT2,       27.68
06/25/2026 00:40:18,N,GRYH_SLR_RN,       29.99
06/25/2026 00:40:18,N,GUADG_CC1,       27.06
06/25/2026 00:40:18,N,GUADG_CC2,       27.06
06/25/2026 00:40:18,N,GUADG_CCU1,       27.06
06/25/2026 00:40:18,N,GUADG_CCU2,       27.06
06/25/2026 00:40:18,N,GUNMTN_NODE,       28.58
06/25/2026 00:40:18,N,GWEC_G1,       27.21
06/25/2026 00:40:18,N,GZ_RN,       27.17
06/25/2026 00:40:18,N,HALO_RN1,       27.28
06/25/2026 00:40:18,N,HAMI_BESS_RN,       27.06
06/25/2026 00:40:18,N,HARLIN_1_RN,       24.78
06/25/2026 00:40:18,N,HART_WND_RN,       27.91
06/25/2026 00:40:18,N,HAYSEN1_2,       27.08
06/25/2026 00:40:18,N,HAYSEN3_4,       27.08
06/25/2026 00:40:18,N,HB_BUSAVG,       27.36
06/25/2026 00:40:18,N,HB_HOUSTON,       27.15
06/25/2026 00:40:18,N,HB_HUBAVG,       27.39
06/25/2026 00:40:18,N,HB_NORTH,       27.47
06/25/2026 00:40:18,N,HB_PAN,       27.87
06/25/2026 00:40:18,N,HB_SOUTH,       26.72
06/25/2026 00:40:18,N,HB_WEST,       28.20
06/25/2026 00:40:18,N,HDNLAKES_RN,       27.13
06/25/2026 00:40:18,N,HEADCAMP_RN,       31.98
06/25/2026 00:40:18,N,HEARN_RD_RN,       25.91
06/25/2026 00:40:18,N,HELIOS_RN,       29.02
06/25/2026 00:40:18,N,HEN_RN,       27.12
06/25/2026 00:40:18,N,HHGT_KENDAL,       27.02
06/25/2026 00:40:18,N,HHOLLW2_WND1,       27.48
06/25/2026 00:40:18,N,HHOLLW3_WND1,       27.48
06/25/2026 00:40:18,N,HHOLLW4_WND1,       27.48
06/25/2026 00:40:18,N,HICK_G1_G2,       26.91
06/25/2026 00:40:18,N,HI_LONEB_RN1,       26.93
06/25/2026 00:40:18,N,HI_LONE_ALL,       26.93
06/25/2026 00:40:18,N,HKSN_SLR_ALL,       27.63
06/25/2026 00:40:18,N,HLSES_UNIT3,       27.52
06/25/2026 00:40:18,N,HLSES_UNIT4,       27.52
06/25/2026 00:40:18,N,HLSES_UNIT5,       27.52
06/25/2026 00:40:18,N,HLY_RN,       27.16
06/25/2026 00:40:18,N,HMNG_ESS_RN,       27.58
06/25/2026 00:40:18,N,HNY_COMB_RN,       26.47
06/25/2026 00:40:18,N,HOLCOMB_RN1,       22.32
06/25/2026 00:40:18,N,HOLSTEIN_ALL,       27.60
06/25/2026 00:40:18,N,HOLZ_SLR_RN,       29.71
06/25/2026 00:40:18,N,HOL_ALL,       27.06
06/25/2026 00:40:18,N,HONEY_WD_RN,       28.47
06/25/2026 00:40:18,N,HOPKNSLR_ALL,       27.51
06/25/2026 00:40:18,N,HORSCR_RN,       32.45
06/25/2026 00:40:18,N,HORSECRK_RN,       27.80
06/25/2026 00:40:18,N,HOUSEMTN_RN,       31.52
06/25/2026 00:40:18,N,HOVEY_GEN,       31.31
06/25/2026 00:40:18,N,HRBESS_BESS,       31.31
06/25/2026 00:40:18,N,HRFDWIND_ALL,       27.89
06/25/2026 00:40:18,N,HRMS_SLR_RN,       27.28
06/25/2026 00:40:18,N,HRNT_SLR_RN,       27.89
06/25/2026 00:40:18,N,HRZN_SLR_UN1,       28.38
06/25/2026 00:40:18,N,HV_BESS1_RN,       27.17
06/25/2026 00:40:18,N,HWF_HWFG1,       27.73
06/25/2026 00:40:18,N,HWY6_RN,       27.27
06/25/2026 00:40:18,N,HYDR_ESS_RN,       31.91
06/25/2026 00:40:18,N,H_HOLLO_WND1,       27.48
06/25/2026 00:40:18,N,IMP_RN1,       27.52
06/25/2026 00:40:18,N,INDNENR_1_RN,       30.17
06/25/2026 00:40:18,N,INDNENR_2_RN,       31.83
06/25/2026 00:40:18,N,INDNNWP_RN,       30.83
06/25/2026 00:40:18,N,IND_INADALE1,       28.02
06/25/2026 00:40:18,N,INGLCOSW_CC1,       26.05
06/25/2026 00:40:18,N,INGLCOSW_STG,       26.05
06/25/2026 00:40:18,N,INGLCOS_CTG1,       26.05
06/25/2026 00:40:18,N,INGLCOS_CTG2,       26.05
06/25/2026 00:40:18,N,INGLCO_PUN1,       26.05
06/25/2026 00:40:18,N,INGLCO_PUN2,       26.05
06/25/2026 00:40:18,N,INGLCO_PUN3,       26.05
06/25/2026 00:40:18,N,INKS_INKS_G1,       27.05
06/25/2026 00:40:18,N,INRT_W_ALL,       27.80
06/25/2026 00:40:18,N,JACKCNTY_CC1,       27.56
06/25/2026 00:40:18,N,JACKCNTY_CT1,       27.56
06/25/2026 00:40:18,N,JACKCNTY_CT2,       27.56
06/25/2026 00:40:18,N,JACKCNTY_STG,       27.56
06/25/2026 00:40:18,N,JADE_SLR_ALL,       27.94
06/25/2026 00:40:18,N,JAD_RN,       27.16
06/25/2026 00:40:18,N,JAG_SLR_RN,       27.42
06/25/2026 00:40:18,N,JAR_RN,       27.11
06/25/2026 00:40:18,N,JAY_RN_1,       27.10
06/25/2026 00:40:18,N,JCKCNTY2_CC1,       27.62
06/25/2026 00:40:18,N,JCKCNTY2_CT3,       27.62
06/25/2026 00:40:18,N,JCKCNTY2_CT4,       27.62
06/25/2026 00:40:18,N,JCKCNTY2_ST2,       27.62
06/25/2026 00:40:18,N,JC_BAT_RN,       27.08
06/25/2026 00:40:18,N,JDKNS_RN,       30.13
06/25/2026 00:40:18,N,JKLP_SLR_RN,       26.04
06/25/2026 00:40:18,N,JUNCTION_RN,       26.29
06/25/2026 00:40:18,N,JUNG_SLR_RN,       27.23
06/25/2026 00:40:18,N,JUNORTH_RN,       26.29
06/25/2026 00:40:18,N,JUNO_ALL,       28.32
06/25/2026 00:40:18,N,K2_DGR1_RN,       27.06
06/25/2026 00:40:18,N,K2_DGR2_RN,       27.06
06/25/2026 00:40:18,N,KARAKAW1_1,       26.16
06/25/2026 00:40:18,N,KARAKAW2_1,       26.16
06/25/2026 00:40:18,N,KEECHI_U1,       27.56
06/25/2026 00:40:18,N,KEG_RN,       27.15
06/25/2026 00:40:18,N,KELAMSL_U1,       27.45
06/25/2026 00:40:18,N,KEO_KEO_SM1,       32.45
06/25/2026 00:40:18,N,KINGE_ALL,       33.33
06/25/2026 00:40:18,N,KINGW_ALL,       32.90
06/25/2026 00:40:18,N,KMCHI_CC1,       27.52
06/25/2026 00:40:18,N,KMCHI_CC2,       27.52
06/25/2026 00:40:18,N,KNAPP_RN,       28.16
06/25/2026 00:40:18,N,LACASAWD_RN,       27.59
06/25/2026 00:40:18,N,LACY_CRK_ALL,       28.39
06/25/2026 00:40:18,N,LAMESASLR_G,       28.75
06/25/2026 00:40:18,N,LANTANA_RN,       25.91
06/25/2026 00:40:18,N,LAPETUS_U1,       29.79
06/25/2026 00:40:18,N,LARDVFTN_G4,       21.25
06/25/2026 00:40:18,N,LARDVFTN_G5,       21.25
06/25/2026 00:40:18,N,LASSO_GEN,       31.52
06/25/2026 00:40:18,N,LAUR_BESS_RN,       24.78
06/25/2026 00:40:18,N,LBRA_BES1,       27.03
06/25/2026 00:40:18,N,LEAKEY_RN,       28.31
06/25/2026 00:40:18,N,LEG_LEG_G1,       27.34
06/25/2026 00:40:18,N,LEG_LEG_G2,       27.34
06/25/2026 00:40:18,N,LEONLCPCT1_2,       27.10
06/25/2026 00:40:18,N,LEONLCPCT3_4,       27.10
06/25/2026 00:40:18,N,LEON_SLR_RN,       27.39
06/25/2026 00:40:18,N,LFSTH_RN,       27.45
06/25/2026 00:40:18,N,LGDRAW_S_ALL,       28.32
06/25/2026 00:40:18,N,LGD_LANGFORD,       23.59
06/25/2026 00:40:18,N,LGE_CC1,       26.05
06/25/2026 00:40:18,N,LGE_LGE_GT1,       26.05
06/25/2026 00:40:18,N,LGE_LGE_GT2,       26.05
06/25/2026 00:40:18,N,LGE_LGE_STG,       26.05
06/25/2026 00:40:18,N,LGW_UNIT_ALL,       27.33
06/25/2026 00:40:18,N,LHM_CVC_G4,       27.16
06/25/2026 00:40:18,N,LHM_PUN1,       27.16
06/25/2026 00:40:18,N,LHM_PUN2,       27.16
06/25/2026 00:40:18,N,LHORN_N_U1_2,       27.87
06/25/2026 00:40:18,N,LHSES_UNIT1,       27.50
06/25/2026 00:40:18,N,LHSES_UNIT2,       27.50
06/25/2026 00:40:18,N,LIGSW_RN,       27.52
06/25/2026 00:40:18,N,LIG_RN,       27.16
06/25/2026 00:40:18,N,LILY_RN,       27.48
06/25/2026 00:40:18,N,LK_RN,       27.15
06/25/2026 00:40:18,N,LMAJADAS_ALL,       24.88
06/25/2026 00:40:18,N,LMO_ESR_RN,       27.25
06/25/2026 00:40:18,N,LMWD_SLR_RN,       27.30
06/25/2026 00:40:18,N,LNCRK_ALL,       27.74
06/25/2026 00:40:18,N,LONESTAR_RN,       30.54
06/25/2026 00:40:18,N,LONEWOLF_ALL,       28.13
06/25/2026 00:40:18,N,LON_RN1,       27.10
06/25/2026 00:40:18,N,LOSTPI_CC1,       27.12
06/25/2026 00:40:18,N,LOS_LOSTPGT1,       27.12
06/25/2026 00:40:18,N,LOS_LOSTPGT2,       27.12
06/25/2026 00:40:18,N,LOS_LOSTPST1,       27.12
06/25/2026 00:40:18,N,LOWR_ESS_RN,       24.57
06/25/2026 00:40:18,N,LPCCS_CC1,       27.52
06/25/2026 00:40:18,N,LPCCS_CC2,       27.52
06/25/2026 00:40:18,N,LPCCS_CT11,       27.52
06/25/2026 00:40:18,N,LPCCS_CT12,       27.52
06/25/2026 00:40:18,N,LPCCS_CT21,       27.52
06/25/2026 00:40:18,N,LPCCS_CT22,       27.52
06/25/2026 00:40:18,N,LPCCS_UNIT1,       27.52
06/25/2026 00:40:18,N,LPCCS_UNIT2,       27.52
06/25/2026 00:40:18,N,LUCKYBLU_RN,       27.45
06/25/2026 00:40:18,N,LV1A_LV1B,       24.85
06/25/2026 00:40:18,N,LV3_RN,       24.14
06/25/2026 00:40:18,N,LV3_UNIT1,       24.05
06/25/2026 00:40:18,N,LV4_UNIT_1,       24.05
06/25/2026 00:40:18,N,LV5_UNIT1,       23.95
06/25/2026 00:40:18,N,LYNX_ESS_RN,       25.77
06/25/2026 00:40:18,N,LYSSY_RN,       27.07
06/25/2026 00:40:18,N,LZ_AEN,       27.12
06/25/2026 00:40:18,N,LZ_CPS,       27.09
06/25/2026 00:40:18,N,LZ_HOUSTON,       27.14
06/25/2026 00:40:18,N,LZ_LCRA,       27.10
06/25/2026 00:40:18,N,LZ_NORTH,       27.49
06/25/2026 00:40:18,N,LZ_RAYBN,       27.51
06/25/2026 00:40:18,N,LZ_SOUTH,       26.18
06/25/2026 00:40:18,N,LZ_WEST,       28.90
06/25/2026 00:40:18,N,L_FRE_ESR_RN,       24.74
06/25/2026 00:40:18,N,MADERO_RN,       24.44
06/25/2026 00:40:18,N,MAG_RN,       27.07
06/25/2026 00:40:18,N,MAINLAND_RN,       27.12
06/25/2026 00:40:18,N,MAND_SLR_RN,       27.29
06/25/2026 00:40:18,N,MARBFA,       27.08
06/25/2026 00:40:18,N,MARIAH_ALL,       27.89
06/25/2026 00:40:18,N,MAR_MARSFOG1,       27.12
06/25/2026 00:40:18,N,MAR_MARSFOG2,       27.12
06/25/2026 00:40:18,N,MAR_MARSFOG3,       27.12
06/25/2026 00:40:18,N,MASSENGL_G6,       28.05
06/25/2026 00:40:18,N,MASSENGL_G7,       28.05
06/25/2026 00:40:18,N,MASSENGL_G8,       28.03
06/25/2026 00:40:18,N,MAVCRK_W_ALL,       26.98
06/25/2026 00:40:18,N,MCDLD_FCSBW1,       28.91
06/25/2026 00:40:18,N,MCLNSLR_RN,       34.83
06/25/2026 00:40:18,N,MCSES_UNIT6,       27.50
06/25/2026 00:40:18,N,MCSES_UNIT7,       27.50
06/25/2026 00:40:18,N,MCSES_UNIT8,       27.50
06/25/2026 00:40:18,N,MDANP_CT1_2,       27.49
06/25/2026 00:40:18,N,MDANP_CT3_4,       27.50
06/25/2026 00:40:18,N,MDANP_CT5_6,       27.49
06/25/2026 00:40:18,N,MDWPK_RN,       27.55
06/25/2026 00:40:18,N,MEDILA_RN,       27.14
06/25/2026 00:40:18,N,MEDINA1_RN,       27.27
06/25/2026 00:40:18,N,MERCURY_ALL,       27.48
06/25/2026 00:40:18,N,MESQCRK_ALL,       28.32
06/25/2026 00:40:18,N,MESQUITE_RN,       24.72
06/25/2026 00:40:18,N,MESQUITE_RN2,       24.72
06/25/2026 00:40:18,N,MESTENO_RN,       24.05
06/25/2026 00:40:18,N,MGSES_CT123,       28.22
06/25/2026 00:40:18,N,MGSES_CT456,       28.22
06/25/2026 00:40:18,N,MIAM1_G1_G2,       27.85
06/25/2026 00:40:18,N,MIDP_SLR_RN,       27.46
06/25/2026 00:40:18,N,MIDWY_RN,       30.13
06/25/2026 00:40:18,N,MILTON_RN,       26.93
06/25/2026 00:40:18,N,MIL_MILG1_2,       27.52
06/25/2026 00:40:18,N,MIL_MILG345,       27.52
06/25/2026 00:40:18,N,MIRAGE_G1,       27.14
06/25/2026 00:40:18,N,MIRASOLE_GEN,       24.27
06/25/2026 00:40:18,N,MISAE_GEN_RN,       27.82
06/25/2026 00:40:18,N,MLB_SLR_RN,       27.80
06/25/2026 00:40:18,N,MLSES_UNIT1,       27.46
06/25/2026 00:40:18,N,MLSES_UNIT2,       27.46
06/25/2026 00:40:18,N,MLSES_UNIT3,       27.46
06/25/2026 00:40:18,N,MNWL_BESS_RN,       27.55
06/25/2026 00:40:18,N,MONTECR1_RN,       24.41
06/25/2026 00:40:18,N,MONT_WND_RN,       27.80
06/25/2026 00:40:18,N,MOORE_FL_RN,       24.46
06/25/2026 00:40:18,N,MOZART_WIND1,       27.89
06/25/2026 00:40:18,N,MRKM_SLR_RN,       27.38
06/25/2026 00:40:18,N,MROW_SLR_RN,       28.38
06/25/2026 00:40:18,N,MUENSTER_RN,       27.56
06/25/2026 00:40:18,N,MUSTNGCK_ALL,       26.86
06/25/2026 00:40:18,N,MU_RN,       27.12
06/25/2026 00:40:18,N,MV_VALV4_RN,       24.57
06/25/2026 00:40:18,N,MWEC_G1,       27.95
06/25/2026 00:40:18,N,MYRY_BES2_RN,       24.42
06/25/2026 00:40:18,N,MYRY_ESR_RN,       24.42
06/25/2026 00:40:18,N,MYR_ALL,       27.09
06/25/2026 00:40:18,N,NACPW_UNIT1,       27.45
06/25/2026 00:40:18,N,NBOHR_RN,       28.47
06/25/2026 00:40:18,N,NCARBIDEG8,       26.59
06/25/2026 00:40:18,N,NCARBIDE_1_7,       26.59
06/25/2026 00:40:18,N,NCARBID_PUN1,       26.59
06/25/2026 00:40:18,N,NCARBID_PUN2,       26.59
06/25/2026 00:40:18,N,NCO_RN,       27.08
06/25/2026 00:40:18,N,NEBULA_RN,       24.72
06/25/2026 00:40:18,N,NEDIN_CC1,       24.51
06/25/2026 00:40:18,N,NEDIN_RN,       24.51
06/25/2026 00:40:18,N,NED_NEDIN_G1,       24.51
06/25/2026 00:40:18,N,NED_NEDIN_G2,       24.51
06/25/2026 00:40:18,N,NED_NEDIN_G3,       24.51
06/25/2026 00:40:18,N,NFAL_RN,       28.97
06/25/2026 00:40:18,N,NF_BRP_RN,       27.14
06/25/2026 00:40:18,N,NHKY_SLR_RN,       27.01
06/25/2026 00:40:18,N,NOBLESLR_ALL,       27.58
06/25/2026 00:40:18,N,NOVA1SLR_ALL,       27.92
06/25/2026 00:40:18,N,NOVA2S_UNIT1,       27.92
06/25/2026 00:40:18,N,NRTN_SLR_RN,       27.06
06/25/2026 00:40:18,N,NUECES_B_CC1,       25.92
06/25/2026 00:40:18,N,NUE_NUECESG7,       25.92
06/25/2026 00:40:18,N,NUE_NUECESG8,       25.92
06/25/2026 00:40:18,N,NUE_NUECESG9,       25.92
06/25/2026 00:40:18,N,NWF_NWF1,       29.94
06/25/2026 00:40:18,N,N_AL_BESS_RN,       24.54
06/25/2026 00:40:18,N,N_MRD_ESR_RN,       24.64
06/25/2026 00:40:18,N,OBERON_U1,       30.09
06/25/2026 00:40:18,N,ODESW_RN,       29.95
06/25/2026 00:40:18,N,OECCS_1,       29.89
06/25/2026 00:40:18,N,OECCS_2,       29.89
06/25/2026 00:40:18,N,OECCS_CC1,       29.89
06/25/2026 00:40:18,N,OECCS_CC2,       29.89
06/25/2026 00:40:18,N,OGSES_1,       27.31
06/25/2026 00:40:18,N,OGSES_2,       27.31
06/25/2026 00:40:18,N,OGS_SLR_RN,       26.20
06/25/2026 00:40:18,N,OLIN_OLING_1,       27.51
06/25/2026 00:40:18,N,OLIN_OLING_2,       27.51
06/25/2026 00:40:18,N,OLIN_OLING_3,       27.51
06/25/2026 00:40:18,N,OLIN_OLING_4,       27.51
06/25/2026 00:40:18,N,OLMITO_RN,       24.73
06/25/2026 00:40:18,N,OLNEYTN_AGR1,       27.66
06/25/2026 00:40:18,N,OLNEYTN_RN,       27.66
06/25/2026 00:40:18,N,ORIANA_RN,       26.72
06/25/2026 00:40:18,N,OR_BESS_RN,       27.11
06/25/2026 00:40:18,N,OUTP_SLR_RN,       22.80
06/25/2026 00:40:18,N,OWF_OWF,       28.90
06/25/2026 00:40:18,N,OXY_OXY_CCG1,       25.90
06/25/2026 00:40:18,N,OXY_PUN1,       25.90
06/25/2026 00:40:18,N,OXY_PUN2,       25.90
06/25/2026 00:40:18,N,OYST_SLR_RN,       27.47
06/25/2026 00:40:18,N,P2_DGR1_RN,       27.07
06/25/2026 00:40:18,N,P2_DGR2_RN,       27.07
06/25/2026 00:40:18,N,PAD1_ESS_RN,       27.07
06/25/2026 00:40:18,N,PAD2_ESS_RN,       27.07
06/25/2026 00:40:18,N,PALACIOS_RN,       26.84
06/25/2026 00:40:18,N,PALE_ESS_EN,       27.99
06/25/2026 00:40:18,N,PALMVIEW_RN,       24.39
06/25/2026 00:40:18,N,PALMWI_UNIT1,       24.83
06/25/2026 00:40:18,N,PANDA_S_CC1,       27.54
06/25/2026 00:40:18,N,PANDA_S_CT1,       27.54
06/25/2026 00:40:18,N,PANDA_S_CT2,       27.54
06/25/2026 00:40:18,N,PANDA_S_ST1,       27.54
06/25/2026 00:40:18,N,PANDA_T1_CC1,       27.28
06/25/2026 00:40:18,N,PANDA_T1_CT1,       27.28
06/25/2026 00:40:18,N,PANDA_T1_CT2,       27.28
06/25/2026 00:40:18,N,PANDA_T1_ST1,       27.28
06/25/2026 00:40:18,N,PANDA_T2_CC1,       27.28
06/25/2026 00:40:18,N,PANDA_T2_CT1,       27.28
06/25/2026 00:40:18,N,PANDA_T2_CT2,       27.28
06/25/2026 00:40:18,N,PANDA_T2_ST1,       27.28
06/25/2026 00:40:18,N,PAP1_PAP1,       25.98
06/25/2026 00:40:18,N,PAR_RN,       27.21
06/25/2026 00:40:18,N,PAULN_RN,       27.45
06/25/2026 00:40:18,N,PAVLOV_BT_RN,       26.92
06/25/2026 00:40:18,N,PAVO_ESS_ALL,       32.45
06/25/2026 00:40:18,N,PB2SES_CT1,       30.34
06/25/2026 00:40:18,N,PB2SES_CT2,       30.34
06/25/2026 00:40:18,N,PB2SES_CT3,       30.34
06/25/2026 00:40:18,N,PB2SES_CT4,       30.34
06/25/2026 00:40:18,N,PB2SES_CT5,       30.34
06/25/2026 00:40:18,N,PCT_RN,       27.02
06/25/2026 00:40:18,N,PC_NORTH_1,       28.74
06/25/2026 00:40:18,N,PC_SOUTH_ALL,       28.74
06/25/2026 00:40:18,N,PDRA_SLR_RN,       27.38
06/25/2026 00:40:18,N,PEARSALL_RN,       28.38
06/25/2026 00:40:18,N,PEARSA_1_24,       28.38
06/25/2026 00:40:18,N,PENA_ALL,       25.26
06/25/2026 00:40:18,N,PERE_SLR_RN,       26.24
06/25/2026 00:40:18,N,PEY_RN,       27.02
06/25/2026 00:40:18,N,PH1_UNIT1_2,       27.86
06/25/2026 00:40:18,N,PH2_U1_U2,       27.86
06/25/2026 00:40:18,N,PHILLWND_ALL,       27.39
06/25/2026 00:40:18,N,PHOEBE_ALL,       30.18
06/25/2026 00:40:18,N,PHOENIX_RN,       27.52
06/25/2026 00:40:18,N,PHO_ALL,       27.07
06/25/2026 00:40:18,N,PINEFRST_RN,       27.52
06/25/2026 00:40:18,N,PINN_SLR_RN,       27.65
06/25/2026 00:40:18,N,PIN_BESS_RN,       26.12
06/25/2026 00:40:18,N,PIONR_DJ_RN,       29.72
06/25/2026 00:40:18,N,PIRATE_RN,       26.28
06/25/2026 00:40:18,N,PISG_RN_ALL,       27.42
06/25/2026 00:40:18,N,PITSDD_UNIT1,       27.44
06/25/2026 00:40:18,N,PLATINUM_RN,       27.52
06/25/2026 00:40:18,N,PLN_ALL,       27.04
06/25/2026 00:40:18,N,PNPI_GT2_RN,       27.13
06/25/2026 00:40:18,N,PORTSL_UNIT1,       27.58
06/25/2026 00:40:18,N,POTEETS_RN,       27.00
06/25/2026 00:40:18,N,POTSVIL_RN,       27.38
06/25/2026 00:40:18,N,PPEC_RN,       27.42
06/25/2026 00:40:18,N,PRCRK_RN,       27.50
06/25/2026 00:40:18,N,PRID_RN,       27.22
06/25/2026 00:40:18,N,PROSPERO_ALL,       29.75
06/25/2026 00:40:18,N,PRO_RN,       27.14
06/25/2026 00:40:18,N,PRSPERO2_ALL,       29.75
06/25/2026 00:40:18,N,PR_PR_ALL,       27.15
06/25/2026 00:40:18,N,PSA_CC1,       27.16
06/25/2026 00:40:18,N,PSA_PSA_G1,       27.16
06/25/2026 00:40:18,N,PSA_PSA_G2,       27.16
06/25/2026 00:40:18,N,PSA_PSA_G3,       27.16
06/25/2026 00:40:18,N,PSA_PSA_G4,       27.16
06/25/2026 00:40:18,N,PSA_PSA_G5,       27.16
06/25/2026 00:40:18,N,PSA_PSA_G6,       27.16
06/25/2026 00:40:18,N,PSA_PSA_G7,       27.16
06/25/2026 00:40:18,N,PSA_PUN1,       27.16
06/25/2026 00:40:18,N,PSA_PUN2,       27.16
06/25/2026 00:40:18,N,PSA_PUN3,       27.16
06/25/2026 00:40:18,N,PSA_PUN4,       27.16
06/25/2026 00:40:18,N,PSA_PUN5,       27.16
06/25/2026 00:40:18,N,PSG_CC1,       27.15
06/25/2026 00:40:18,N,PSG_PSG_GT2,       27.15
06/25/2026 00:40:18,N,PSG_PSG_GT3,       27.15
06/25/2026 00:40:18,N,PSG_PSG_ST1,       27.15
06/25/2026 00:40:18,N,PTLBES_BESS1,       26.66
06/25/2026 00:40:18,N,PYOTE_RN,       30.48
06/25/2026 00:40:18,N,PYR_PYRON1,       28.02
06/25/2026 00:40:18,N,Q1_DGR1_RN,       27.09
06/25/2026 00:40:18,N,QALSW_ALL,       29.87
06/25/2026 00:40:18,N,QALSW_CC1,       29.87
06/25/2026 00:40:18,N,QALSW_CC2,       29.87
06/25/2026 00:40:18,N,QUEEN_BA_RN,       31.73
06/25/2026 00:40:18,N,QUEEN_SL_RN,       31.73
06/25/2026 00:40:18,N,RAB_G1-8,       27.12
06/25/2026 00:40:18,N,RADN_SLR_ALL,       27.22
06/25/2026 00:40:18,N,RAMBLER_UNIT,       26.74
06/25/2026 00:40:18,N,RANCHERO_ALL,       26.92
06/25/2026 00:40:18,N,RAT_RN_1,       25.47
06/25/2026 00:40:18,N,RAYBURN_CC1,       26.69
06/25/2026 00:40:18,N,RAYB_G78910,       26.69
06/25/2026 00:40:18,N,RBN_BESS1,       27.13
06/25/2026 00:40:18,N,RDCAN_RDCNY1,       28.07
06/25/2026 00:40:18,N,REDBARN_RN,       31.91
06/25/2026 00:40:18,N,REDFISH_ALL,       24.91
06/25/2026 00:40:18,N,REDGATE_RN,       24.51
06/25/2026 00:40:18,N,RELOJ_ALL,       23.28
06/25/2026 00:40:18,N,REROCK_ALL,       31.31
06/25/2026 00:40:18,N,RHESS2_ESS1,       27.18
06/25/2026 00:40:18,N,RIGGIN_UNIT1,       31.79
06/25/2026 00:40:18,N,RIOG_ESR2_RN,       23.78
06/25/2026 00:40:18,N,RIOG_ESR_RN,       23.78
06/25/2026 00:40:18,N,RIONOG_CC1,       27.07
06/25/2026 00:40:18,N,RIONOG_CT1,       27.07
06/25/2026 00:40:18,N,RIONOG_CT2,       27.07
06/25/2026 00:40:18,N,RIONOG_CT3,       27.07
06/25/2026 00:40:18,N,RIONOG_ST1,       27.07
06/25/2026 00:40:18,N,RIPPEY_ALL,       27.54
06/25/2026 00:40:18,N,RN_APOGEE,       27.73
06/25/2026 00:40:18,N,RN_BYU_G8,       27.14
06/25/2026 00:40:18,N,RN_BY_ESR1,       27.16
06/25/2026 00:40:18,N,RN_DEC_AGR_A,       27.55
06/25/2026 00:40:18,N,RN_DEC_AGR_B,       27.55
06/25/2026 00:40:18,N,RN_DEC_AGR_C,       27.55
06/25/2026 00:40:18,N,RN_DEC_AGR_D,       27.55
06/25/2026 00:40:18,N,RN_ECEC_HOLT,       29.91
06/25/2026 00:40:18,N,RN_LNP_SLR,       27.10
06/25/2026 00:40:18,N,RN_OCI_ALAMO,       27.09
06/25/2026 00:40:18,N,RN_PAD3_ESS,       27.07
06/25/2026 00:40:18,N,RN_QTUM_SLR,       27.80
06/25/2026 00:40:18,N,RN_RHN_ESR,       27.16
06/25/2026 00:40:18,N,RN_RTS1,       27.09
06/25/2026 00:40:18,N,RN_SOLC_SLR,       27.83
06/25/2026 00:40:18,N,RN_SR_WIND1,       24.77
06/25/2026 00:40:18,N,RN_TOSBATT,       28.75
06/25/2026 00:40:18,N,ROSELAND_ALL,       27.39
06/25/2026 00:40:18,N,ROUTE66_RN,       27.87
06/25/2026 00:40:18,N,ROW_ALL,       27.10
06/25/2026 00:40:18,N,RPUBRDS_RN,       27.28
06/25/2026 00:40:18,N,RRANCHES_ALL,       30.64
06/25/2026 00:40:18,N,RRC_WIND_ALL,       27.65
06/25/2026 00:40:18,N,RSK_RN,       28.47
06/25/2026 00:40:18,N,RTLSNAKE_BT,       30.58
06/25/2026 00:40:18,N,RUSSEKST_RN,       -2.21
06/25/2026 00:40:18,N,RVN_RN,       27.11
06/25/2026 00:40:18,N,RVRVLYS_ALL,       27.17
06/25/2026 00:40:18,N,SADLBACK_RN,       30.83
06/25/2026 00:40:18,N,SADLBCK_AGR1,       30.83
06/25/2026 00:40:18,N,SAH_RN,       27.11
06/25/2026 00:40:18,N,SALVTION_GEN,       27.80
06/25/2026 00:40:18,N,SAMSON_ALL,       27.51
06/25/2026 00:40:18,N,SANDHSYD1_2,       27.12
06/25/2026 00:40:18,N,SANDHSYD3_4,       27.12
06/25/2026 00:40:18,N,SANDHSYD6_7,       27.12
06/25/2026 00:40:18,N,SANDHSYD_5AC,       27.12
06/25/2026 00:40:18,N,SANDHSYD_CC1,       27.12
06/25/2026 00:40:18,N,SANDLAKE_RN,       30.72
06/25/2026 00:40:18,N,SANTACRU_ALL,       25.70
06/25/2026 00:40:18,N,SAN_SANMIGG1,       26.93
06/25/2026 00:40:18,N,SBEAN_BESS,       30.56
06/25/2026 00:40:18,N,SBE_RN_1,       27.09
06/25/2026 00:40:18,N,SC2SES_UNIT1,       27.45
06/25/2026 00:40:18,N,SCES_UNIT1,       27.39
06/25/2026 00:40:18,N,SCLP_PUN1,       27.08
06/25/2026 00:40:18,N,SCLP_PUN2,       27.08
06/25/2026 00:40:18,N,SCLP_PUN3,       27.08
06/25/2026 00:40:18,N,SCLP_PUN4,       27.08
06/25/2026 00:40:18,N,SCLP_SCLPC_1,       27.08
06/25/2026 00:40:18,N,SCLP_SCLPC_2,       27.08
06/25/2026 00:40:18,N,SCLP_SCLPC_3,       27.08
06/25/2026 00:40:18,N,SCLP_SCLPC_4,       27.08
06/25/2026 00:40:18,N,SCSES_UNIT2,       27.45
06/25/2026 00:40:18,N,SENATEWD_1,       27.65
06/25/2026 00:40:18,N,SEVNF_ES_RN,       20.55
06/25/2026 00:40:18,N,SE_EDINB_RN,       24.53
06/25/2026 00:40:18,N,SGM_SIGNALMT,       28.27
06/25/2026 00:40:18,N,SGSA_DGR,       31.31
06/25/2026 00:40:18,N,SG_BES_BESS1,       31.79
06/25/2026 00:40:18,N,SHAFFER_ALL,       25.66
06/25/2026 00:40:18,N,SHAMROCK_RN,       26.91
06/25/2026 00:40:18,N,SHANNONW_RN,       27.67
06/25/2026 00:40:18,N,SHAW_SLR_RN,       27.11
06/25/2026 00:40:18,N,SHEEPCRK_1,       27.65
06/25/2026 00:40:18,N,SIG_SLR_RN,       27.51
06/25/2026 00:40:18,N,SILASRAY_CC1,       24.72
06/25/2026 00:40:18,N,SIL_SILAS_10,       24.72
06/25/2026 00:40:18,N,SIL_SILAS_6,       24.72
06/25/2026 00:40:18,N,SIL_SILAS_9,       24.72
06/25/2026 00:40:18,N,SIRIUS_UNIT1,       31.46
06/25/2026 00:40:18,N,SJS_SJS_G1,       27.15
06/25/2026 00:40:18,N,SJS_SJS_G2,       27.15
06/25/2026 00:40:18,N,SKY1,       26.99
06/25/2026 00:40:18,N,SLCN_ESS_ALL,       27.15
06/25/2026 00:40:18,N,SLK_BESS_RN,       32.38
06/25/2026 00:40:18,N,SLTFRK_UN1_2,       27.85
06/25/2026 00:40:18,N,SMTH_ESS_RN,       27.50
06/25/2026 00:40:18,N,SNY_BESS_RN,       28.16
06/25/2026 00:40:18,N,SOLARA_UNIT1,       27.73
06/25/2026 00:40:18,N,SPARTA_ALL,       26.55
06/25/2026 00:40:18,N,SPLAIN1_RN,       27.89
06/25/2026 00:40:18,N,SPLAIN2_RN,       27.89
06/25/2026 00:40:18,N,SPNC_SPNCE_4,       27.54
06/25/2026 00:40:18,N,SPNC_SPNCE_5,       27.54
06/25/2026 00:40:18,N,SPTX12B_RN,       32.84
06/25/2026 00:40:18,N,SP_RN,       27.15
06/25/2026 00:40:18,N,SROSA_ESR_RN,       24.80
06/25/2026 00:40:18,N,SRWE1_UNIT1,       28.32
06/25/2026 00:40:18,N,SSPURT_WIND1,       27.88
06/25/2026 00:40:18,N,STADIUM_RN,       25.49
06/25/2026 00:40:18,N,STAGHORN_RN,       30.47
06/25/2026 00:40:18,N,STAM_SLR_ALL,       27.51
06/25/2026 00:40:18,N,STAR_SLR_RN,       23.42
06/25/2026 00:40:18,N,STEAM_ENG123,       27.51
06/25/2026 00:40:18,N,STEA_STEAM_1,       27.51
06/25/2026 00:40:18,N,STEA_STEAM_2,       27.51
06/25/2026 00:40:18,N,STEA_STEAM_3,       27.51
06/25/2026 00:40:18,N,STELLA_RN,       25.26
06/25/2026 00:40:18,N,STLHS_SL_RN,       27.28
06/25/2026 00:40:18,N,STP_STP_G1,       27.00
06/25/2026 00:40:18,N,STP_STP_G2,       27.00
06/25/2026 00:40:18,N,STRATEGC_RN,       27.46
06/25/2026 00:40:18,N,STRG_SLR_ALL,       27.20
06/25/2026 00:40:18,N,STWF_T1,       27.89
06/25/2026 00:40:18,N,SUNVASLR_ALL,       27.47
06/25/2026 00:40:18,N,SWEC_G1,       29.07
06/25/2026 00:40:18,N,SWEETWN2_2_4,       27.95
06/25/2026 00:40:18,N,SWEETWN3_3,       27.95
06/25/2026 00:40:18,N,SWEETWND_1,       27.95
06/25/2026 00:40:18,N,SWFT_SLR_RN,       30.08
06/25/2026 00:40:18,N,SWOOSE1_U1,       30.48
06/25/2026 00:40:18,N,SWOOSEII_RN,       30.48
06/25/2026 00:40:18,N,SWTWN4_WND45,       27.95
06/25/2026 00:40:18,N,SWT_BESS_RN,       28.00
06/25/2026 00:40:18,N,SYBR_SLR_RN,       27.25
06/25/2026 00:40:18,N,S_HILLS_RN,       27.67
06/25/2026 00:40:18,N,TAHOKA_ALL,       28.24
06/25/2026 00:40:18,N,TANZ_ESS_RN,       27.45
06/25/2026 00:40:18,N,TAV_RN,       27.11
06/25/2026 00:40:18,N,TAYGETE2_ALL,       31.16
06/25/2026 00:40:18,N,TAYGETE_ALL,       31.16
06/25/2026 00:40:18,N,TBWF_ES_BES1,       32.90
06/25/2026 00:40:18,N,TC_GTG2_RN,       27.14
06/25/2026 00:40:18,N,TC_PUN1,       27.14
06/25/2026 00:40:18,N,TC_PUN2,       27.14
06/25/2026 00:40:18,N,TC_TCHP1,       27.14
06/25/2026 00:40:18,N,TDWLPR_1_RN,       27.30
06/25/2026 00:40:18,N,TEN_CC1,       27.50
06/25/2026 00:40:18,N,TEN_CT1_STG,       27.50
06/25/2026 00:40:18,N,TGCCS_ALL,       27.46
06/25/2026 00:40:18,N,TGCCS_CC1,       27.46
06/25/2026 00:40:18,N,TGS_GT01,       27.05
06/25/2026 00:40:18,N,TGW_T1_T2,       25.26
06/25/2026 00:40:18,N,THREEW_S_RN,       27.44
06/25/2026 00:40:18,N,THW_1_CCU,       27.16
06/25/2026 00:40:18,N,THW_2_CCU,       27.16
06/25/2026 00:40:18,N,THW_CC1,       27.16
06/25/2026 00:40:18,N,THW_CC2,       27.16
06/25/2026 00:40:18,N,THW_THWGT5X,       27.17
06/25/2026 00:40:18,N,THW_THWGT_1,       27.17
06/25/2026 00:40:18,N,TIMPP_RN1,       27.10
06/25/2026 00:40:18,N,TIMPP_RN2,       27.10
06/25/2026 00:40:18,N,TIMPP_RN3,       27.10
06/25/2026 00:40:18,N,TIMPP_RN4,       27.10
06/25/2026 00:40:18,N,TI_SOLAR_ALL,       30.60
06/25/2026 00:40:18,N,TKWSW_CHAMP,       28.02
06/25/2026 00:40:18,N,TKWSW_ROSCOE,       28.02
06/25/2026 00:40:18,N,TMPP_RN3,       27.10
06/25/2026 00:40:18,N,TMPP_RN4,       27.10
06/25/2026 00:40:18,N,TNFS_RN,       31.96
06/25/2026 00:40:18,N,TNG_RN,       27.08
06/25/2026 00:40:18,N,TNP_TNP_O_1,       27.30
06/25/2026 00:40:18,N,TNP_TNP_O_2,       27.30
06/25/2026 00:40:18,N,TNSKA_CC1,       27.52
06/25/2026 00:40:18,N,TNSKA_CCU,       27.52
06/25/2026 00:40:18,N,TNS_SLR_ALL,       27.34
06/25/2026 00:40:18,N,TOPAZ_ALL,       27.13
06/25/2026 00:40:18,N,TORR_ALL,       22.79
06/25/2026 00:40:18,N,TORT_ESS_RN,       27.12
06/25/2026 00:40:18,N,TOYAH_RN,       31.31
06/25/2026 00:40:18,N,TRBT_SLR_RN,       31.98
06/25/2026 00:40:18,N,TREB_SOLAR1,       26.66
06/25/2026 00:40:18,N,TRENT_TRENT,       27.89
06/25/2026 00:40:18,N,TRINITY_ALL,       27.69
06/25/2026 00:40:18,N,TRIPBUT1_RN,       31.67
06/25/2026 00:40:18,N,TROJ_SLR_RN,       27.57
06/25/2026 00:40:18,N,TRSES_UNIT6,       27.45
06/25/2026 00:40:18,N,TRUENO_ALL,       24.80
06/25/2026 00:40:18,N,TRUSGILL_RN,       27.80
06/25/2026 00:40:18,N,TSECA_ES_RN,       27.06
06/25/2026 00:40:18,N,TTRSW_RN,       27.51
06/25/2026 00:40:18,N,TTWEC_G1,       27.19
06/25/2026 00:40:18,N,TUL_SLR_ALL,       26.74
06/25/2026 00:40:18,N,TURQ_BESS1,       27.51
06/25/2026 00:40:18,N,TV_RN,       27.14
06/25/2026 00:40:18,N,TXCTY_CC1,       27.13
06/25/2026 00:40:18,N,TXCTY_CTA,       27.13
06/25/2026 00:40:18,N,TXCTY_CTB,       27.13
06/25/2026 00:40:18,N,TXCTY_CTC,       27.13
06/25/2026 00:40:18,N,TXCTY_ST,       27.13
06/25/2026 00:40:18,N,TYLRWIND_RN,       27.56
06/25/2026 00:40:18,N,TYNAN_RN,       26.47
06/25/2026 00:40:18,N,TYSN_SLR_RN,       27.52
06/25/2026 00:40:18,N,T_CK_GT2_RN,       28.06
06/25/2026 00:40:18,N,T_CK_GT3_RN,       28.06
06/25/2026 00:40:18,N,UCC_COG_PUN2,       27.13
06/25/2026 00:40:18,N,UCC_UCC_C_2,       27.13
06/25/2026 00:40:18,N,ULYS_SLR_RN,       27.02
06/25/2026 00:40:18,N,UTOPIA_RN,       27.92
06/25/2026 00:40:18,N,V2_DGR1_RN,       27.08
06/25/2026 00:40:18,N,V2_DGR2_RN,       27.08
06/25/2026 00:40:18,N,V2_DGR3_RN,       27.08
06/25/2026 00:40:18,N,V4_DGR1_RN,       27.10
06/25/2026 00:40:18,N,VANCOURT_RN,       24.72
06/25/2026 00:40:18,N,VENADO_ALL,       22.89
06/25/2026 00:40:18,N,VERAWIND_ALL,       27.80
06/25/2026 00:40:18,N,VERTIGO_UN1,       27.74
06/25/2026 00:40:18,N,VERT_ESS_RN,       27.12
06/25/2026 00:40:18,N,VICTORIA_CC1,       26.63
06/25/2026 00:40:18,N,VICTPORT_RN,       26.63
06/25/2026 00:40:18,N,VIC_VICTORG5,       26.63
06/25/2026 00:40:18,N,VIC_VICTORG6,       26.63
06/25/2026 00:40:18,N,VISION_RN,       27.44
06/25/2026 00:40:18,N,VLSES_UNIT3,       27.52
06/25/2026 00:40:18,N,VORT_ALL_RN,       27.77
06/25/2026 00:40:18,N,WAKEWE_ALL,       27.89
06/25/2026 00:40:18,N,WAL_RN,       27.12
06/25/2026 00:40:18,N,WAP_WAPGT_1,       27.13
06/25/2026 00:40:18,N,WAP_WAP_G1,       27.13
06/25/2026 00:40:18,N,WAP_WAP_G2,       27.13
06/25/2026 00:40:18,N,WAP_WAP_G3,       27.13
06/25/2026 00:40:18,N,WAP_WAP_G4,       27.13
06/25/2026 00:40:18,N,WAP_WAP_G5,       27.13
06/25/2026 00:40:18,N,WAP_WAP_G6,       27.12
06/25/2026 00:40:18,N,WAP_WAP_G7,       27.12
06/25/2026 00:40:18,N,WAP_WAP_G8,       27.12
06/25/2026 00:40:18,N,WAYMARK_RN,       31.91
06/25/2026 00:40:18,N,WCPP_CC1,       27.61
06/25/2026 00:40:18,N,WCPP_CT1,       27.61
06/25/2026 00:40:18,N,WCPP_CT2,       27.61
06/25/2026 00:40:18,N,WCPP_ST1,       27.61
06/25/2026 00:40:18,N,WEBBER_WS_T1,       27.13
06/25/2026 00:40:18,N,WEC_WECG1,       27.84
06/25/2026 00:40:18,N,WES_ALL,       27.09
06/25/2026 00:40:18,N,WFCOGEN_13,       27.70
06/25/2026 00:40:18,N,WFCOGEN_24,       27.70
06/25/2026 00:40:18,N,WFCOGEN_CC1,       27.70
06/25/2026 00:40:18,N,WFTANK_ESS1,       22.42
06/25/2026 00:40:18,N,WGU_RN,       27.10
06/25/2026 00:40:18,N,WHCCS2_4,       27.52
06/25/2026 00:40:18,N,WHCCS2_5_6,       27.52
06/25/2026 00:40:18,N,WHCCS2_CC2,       27.52
06/25/2026 00:40:18,N,WHCCS_CC1,       27.52
06/25/2026 00:40:18,N,WHCCS_CT1_ST,       27.52
06/25/2026 00:40:18,N,WHCCS_CT2,       27.52
06/25/2026 00:40:18,N,WHITE_PT_UN1,       26.01
06/25/2026 00:40:18,N,WHMESA_U1,       26.91
06/25/2026 00:40:18,N,WHTTAIL_WR1,       27.57
06/25/2026 00:40:18,N,WH_WIND_ALL,       27.98
06/25/2026 00:40:18,N,WIG_BESS_RN,       27.51
06/25/2026 00:40:18,N,WILDWIND_ALL,       27.57
06/25/2026 00:40:18,N,WIPOPA_1_2,       27.10
06/25/2026 00:40:18,N,WIPOPA_3_4,       27.10
06/25/2026 00:40:18,N,WIR_WIRTZ_G1,       27.07
06/25/2026 00:40:18,N,WIR_WIRTZ_G2,       27.07
06/25/2026 00:40:18,N,WLTC_ESR_RN,       25.91
06/25/2026 00:40:18,N,WL_RANCH_RN,       26.88
06/25/2026 00:40:18,N,WNDTS2_UNIT1,       27.65
06/25/2026 00:40:18,N,WND_WHITNEY,       27.41
06/25/2026 00:40:18,N,WOODWRD1_RN,       32.42
06/25/2026 00:40:18,N,WOODWRD2_RN,       32.42
06/25/2026 00:40:18,N,WOV_BESS_RN,       29.93
06/25/2026 00:40:18,N,WRSBES_BESS1,       30.64
06/25/2026 00:40:18,N,WR_RN,       27.07
06/25/2026 00:40:18,N,WZRD_ESS_RN,       27.13
06/25/2026 00:40:18,N,W_HRL_ESR_RN,       24.78
06/25/2026 00:40:18,N,W_PECO_UNIT1,       30.54
06/25/2026 00:40:18,N,X1_DGR_RN,       27.10
06/25/2026 00:40:18,N,X443ESRN,       27.11
06/25/2026 00:40:18,N,YAPN_SLR_RN,       27.29
06/25/2026 00:40:18,N,YNG_WND_ALL,       27.73
06/25/2026 00:40:18,N,Z0_DGR1_RN,       27.07
06/25/2026 00:40:18,N,Z0_DGR2_RN,       27.07
06/25/2026 00:40:18,N,Z5_DGR1_RN,       27.08
06/25/2026 00:40:18,N,ZIER_SLR_ALL,       27.97
