PHYSICAL_LOAD,NOIE,VOLTAGE_NAME,SUBSTATION,ELECTRICAL_BUS
AMD_T1X,LZ_AEN,138,ADVANCE,AMDX
AMD_T1Y,LZ_AEN,138,ADVANCE,AMDY
AG_123,LZ_AEN,138,ANGUS,ANGUSVAL
AG_456,LZ_AEN,138,ANGUS,ANGUSVALZ
AD_123,LZ_AEN,138,AUSTIN,AUSTIN_KN
AD_456,LZ_AEN,138,AUSTIN,AUSTIN_KQ
BAL_T1,LZ_AEN,138,BALCNRS,UTBALCY
BAL_T2,LZ_AEN,138,BALCNRS,UTBALCZ
BA_101112,LZ_AEN,138,BARTON,BARTONZ
BA_123,LZ_AEN,138,BARTON,BARTONW
BA_456,LZ_AEN,138,BARTON,BARTONX
BA_789,LZ_AEN,138,BARTON,BARTONY
BC_1234,LZ_AEN,138,BEECREEK,BCN4
BC_5678,LZ_AEN,138,BEECREEK,5678
BC_91011,LZ_AEN,138,BEECREEK,BEECREEKZ
BE_123,LZ_AEN,138,BERGSTRO,BERGSTRM
BE_456,LZ_AEN,138,BERGSTRO,BERGSTRMZ
BF_1234,LZ_AEN,138,BLUFFSPG,BF1234
BF_5678,LZ_AEN,138,BLUFFSPG,BF5678
BR_123,LZ_AEN,69,BRACKENR,BRACK
BR_456,LZ_AEN,69,BRACKENR,BRACKY
BR_789,LZ_AEN,69,BRACKENR,BRACKZ
BL_123,LZ_AEN,138,BRODIE,BRODIEX
BL_456,LZ_AEN,138,BRODIE,BRODIEY
BL_789,LZ_AEN,138,BRODIE,BRODIEZ
BU_123,LZ_AEN,138,BURLESON,BURLES13X
BU_456,LZ_AEN,138,BURLESON,BURLES13Y
BU_789,LZ_AEN,138,BURLESON,BU789
CM_101112,LZ_AEN,138,CAMERON,CAMERON_Z
CM_123,LZ_AEN,138,CAMERON,CAMERON
CM_456,LZ_AEN,138,CAMERON,CAMERONY
CM_789,LZ_AEN,138,CAMERON,CAMERONZ
CL_101112,LZ_AEN,138,CARDINAL,CARDINAL_KF
CL_123,LZ_AEN,138,CARDINAL,CARDINAL_K
CL_456,LZ_AEN,138,CARDINAL,EB_CARD_0008
CL_789,LZ_AEN,138,CARDINAL,CARDINAL_KO
CC_123,LZ_AEN,138,CARSON,CARSONY
CC_456,LZ_AEN,138,CARSON,CARSONZ
CC_789,LZ_AEN,138,CARSON,CARSONX
CA_123,LZ_AEN,69,CENAUS,CENTAUS
CA_456,LZ_AEN,69,CENAUS,CENTAUSZ
CF_123,LZ_AEN,138,COMMON,CF123
CF_456,LZ_AEN,138,COMMON,COMMONFDY
CF_789,LZ_AEN,138,COMMON,COMMONFDZ
DG_123,LZ_AEN,138,DAFFIN,DAFFIN_G
DG_456,LZ_AEN,138,DAFFIN,DAFFIN_GZ
ST-1,LZ_AEN,138,DECKER,EB_ST_1
ST-2,LZ_AEN,138,DECKER,EB_ST_2
DE_123,LZ_AEN,138,DESSAU,DESSAUV
DE_222324,LZ_AEN,138,DESSAU,DESSAU_L
DL_123,LZ_AEN,138,DUNLAP,DNLP123
EV_1234,LZ_AEN,138,EASTVILL,EV_EB2
EB_101112,LZ_AEN,138,ED_BLUES,ED_BLUEZ
EB_123,LZ_AEN,138,ED_BLUES,ED_BLUE
EB_456,LZ_AEN,138,ED_BLUES,ED_BLUEX
EB_789,LZ_AEN,138,ED_BLUES,ED_BLUEY
ER123,LZ_AEN,138,ELROY,ELROY
FI_123,LZ_AEN,69,FIESTA,FIESTA
FI_456,LZ_AEN,69,FIESTA,FIESTAZ
FV_123,LZ_AEN,138,FISKVILL,FISKVILLY
FV_456,LZ_AEN,138,FISKVILL,FISKVILLZ
GR_123,LZ_AEN,138,GROVE,GROVEX
GR_456,LZ_AEN,138,GROVE,GROVE3
GR_9101112,LZ_AEN,138,GROVE,GROVE4
HM_101112,LZ_AEN,138,HAMILTN,HAMILMB2Z
HM_123,LZ_AEN,138,HAMILTN,HAMILMB1X
HM_13141516,LZ_AEN,138,HAMILTN,8411
HM_789,LZ_AEN,138,HAMILTN,HAMILMB2
HA_HT1W,LZ_AEN,69,HARRIS,HARRISW
HA_HT2E,LZ_AEN,69,HARRIS,HARRISX
HA_HT3N,LZ_AEN,69,HARRIS,HARRISY
HA_HT4S,LZ_AEN,69,HARRIS,HARRISZ
HA_IP,LZ_AEN,69,HARRIS,HARRISV
HC_101112,LZ_AEN,138,HICROSS,HICRSMB2Z
HC_123,LZ_AEN,138,HICROSS,HC123
HC_456,LZ_AEN,138,HICROSS,HC456
HC_789,LZ_AEN,138,HICROSS,HC789
HV_123,LZ_AEN,138,HIDDENVL,HIDDENVL
HV_456,LZ_AEN,138,HIDDENVL,HIDDENVL_L_A
HL_123,LZ_AEN,138,HWRDLN,HL123
HL_456,LZ_AEN,138,HWRDLN,HOWARDLNZ
JE_123,LZ_AEN,138,JETT,JE123
JE_456,LZ_AEN,138,JETT,JETTZ
JE_9101112,LZ_AEN,138,JETT,JETT13
JV_123,LZ_AEN,138,JOLLYVIL,JOLLYVILX
JV_13141516,LZ_AEN,138,JOLLYVIL,JOLLYVILW
JV_456,LZ_AEN,138,JOLLYVIL,JOLLYVILY
JV_789,LZ_AEN,138,JOLLYVIL,JOLLYVILZ
JL123,LZ_AEN,69,JUSTINLN,JUSTINLN_K
JL456,LZ_AEN,69,JUSTINLN,JUSTINLN_KD
KB_123,LZ_AEN,138,KINGSBER,KINGSBDC
KB_456,LZ_AEN,138,KINGSBER,KINGSDBY
KB_9101112,LZ_AEN,138,KINGSBER,KINGS9101112
KL1234,LZ_AEN,69,KOENIG,KOENIG
KL5678,LZ_AEN,69,KOENIG,KOENIG_Z
KA_1234,LZ_AEN,138,KRAMER,KA_EB2
LS_123,LZ_AEN,138,LAKESHOR,LAKESHORY
LS_456,LZ_AEN,138,LAKESHOR,LAKESHORZ
LW_123,LZ_AEN,138,LAKEWAY,LAKEWAYX
LW_456,LZ_AEN,138,LAKEWAY,LAKEWAYZ
MP_123,LZ_AEN,138,MAGPLANT,MAGPLANTX
MP_456,LZ_AEN,138,MAGPLANT,MAGPLANTY
MP_789,LZ_AEN,138,MAGPLANT,MAGPLANTZ
MC_101112,LZ_AEN,138,MCNEIL,MCNEILNZ
MC_123,LZ_AEN,138,MCNEIL,MCNEILP
MC_456,LZ_AEN,138,MCNEIL,CN2
MC_789,LZ_AEN,138,MCNEIL,MCNEILNY
MT_101112,LZ_AEN,138,METCENTR,METCENTR
MT_123,LZ_AEN,138,METCENTR,METCENTR_X
MT_5678,LZ_AEN,138,METCENTR,MT5678
MU_123,LZ_AEN,138,MUELLER,MUELLERX
MU_456,LZ_AEN,138,MUELLER,MUELLERY
NL_123,LZ_AEN,138,NORTHLAN,NORTHL138M
NL_131415,LZ_AEN,138,NORTHLAN,NORTHL13Z
NL_101112,LZ_AEN,69,NORTHLAN,NORTHL69Z
NL_789,LZ_AEN,69,NORTHLAN,NORTHL69Y
NW_11121314,LZ_AEN,138,NORTHWES,NW_11
NW_123,LZ_AEN,138,NORTHWES,NORTHWES
NW_456,LZ_AEN,138,NORTHWES,NORTHWES_4
NW_78910,LZ_AEN,138,NORTHWES,NW_7
OH_123,LZ_AEN,138,OAKHILL,OAKHILL
OH_456,LZ_AEN,138,OAKHILL,OAKHILLY
OH_789,LZ_AEN,138,OAKHILL,OAKHILLZ
PL_101112,LZ_AEN,138,PATTON,PATTONLNY
PL_123,LZ_AEN,138,PATTON,PATTONLNW
PL_131415,LZ_AEN,138,PATTON,PATTONLNZ
PL_789,LZ_AEN,138,PATTON,PATTONLNX
PE_1234,LZ_AEN,69,PEDERNAL,PEDERNAL
PE_5678,LZ_AEN,69,PEDERNAL,PEDERNALZ
RS_123,LZ_AEN,138,RAINEYST,EB123LD
RS_456,LZ_AEN,138,RAINEYST,EB456LD
RS_789,LZ_AEN,138,RAINEYST,EB789LD
RP_13141516,LZ_AEN,138,RIVER,RIVERPLSZ
RP_789,LZ_AEN,138,RIVER,RIVERPLSX
SW_123,LZ_AEN,138,SALEM1,SALEMWLX
SW_456,LZ_AEN,138,SALEM1,SALEMWLKW
SW_789,LZ_AEN,138,SALEM1,SALEMWLY
SH_123,LZ_AEN,138,SANDHSYD,SH123
SH_456,LZ_AEN,138,SANDHSYD,SHLD456
SP_101112,LZ_AEN,138,SEAHOLM,SEAHM8X
SP_123,LZ_AEN,138,SEAHOLM,SEAHM8V
SP_131415,LZ_AEN,138,SEAHOLM,SEAHM8Y
SP_161718,LZ_AEN,138,SEAHOLM,SEAHM8Z
SP_192021,LZ_AEN,138,SEAHOLM,EB192021
SP_789,LZ_AEN,138,SEAHOLM,SEAHM8W
SP_SN_T1,LZ_AEN,138,SEAHOLM,SEAHM8T
SP_SN_T2,LZ_AEN,138,SEAHOLM,SEAHM8U
SL_123,LZ_AEN,138,SLAUGHTE,SLAUGHTRX
SL_456,LZ_AEN,138,SLAUGHTE,SL456
SL_789,LZ_AEN,138,SLAUGHTE,SLAUGHTRZ
SK_123,LZ_AEN,138,SPRINKLE,SPRINKLEY
SK_456,LZ_AEN,138,SPRINKLE,SPRINKLEZ
ST_123,LZ_AEN,138,STECK,STECK
ST_456,LZ_AEN,138,STECK,STECKY
ST_789,LZ_AEN,138,STECK,STECKZ
SR_123,LZ_AEN,138,STONEY_R,STONEY_R
SU_101112,LZ_AEN,138,SUMMIT,SUMMITSY
SU_123,LZ_AEN,138,SUMMIT,SUMMITNW
SU_131415,LZ_AEN,138,SUMMIT,SUMMITSZ
SU_456,LZ_AEN,138,SUMMIT,SUMMITS
SU_789,LZ_AEN,138,SUMMIT,SUMMITNX
TP_123,LZ_AEN,138,TRADPOST,TRADPOST
TP_456,LZ_AEN,138,TRADPOST,TRADPOSTZ
TP_789,LZ_AEN,138,TRADPOST,TRADPOSTX
TR_123,LZ_AEN,138,TRIDGE,TECHRIDGX
TR_456,LZ_AEN,138,TRIDGE,TECHRIDGY
TR_789,LZ_AEN,138,TRIDGE,TECHRIDGZ
VE_123,LZ_AEN,138,VEGA,VEGA_L_A
WC_101112,LZ_AEN,138,WALNUT,WALNUTCKZ
WC_789,LZ_AEN,138,WALNUT,WALNUTCK
WA_123,LZ_AEN,138,WARREN,WARREN
WA_456,LZ_AEN,138,WARREN,WARRENZ
WA_789,LZ_AEN,138,WARREN,WARRENY
WB_123,LZ_AEN,138,WELLBR,WELLSBR
WB_456,LZ_AEN,138,WELLBR,WELLSBRZ
WL_123,LZ_AEN,138,WHELESS,WHELESS
WL_456,LZ_AEN,138,WHELESS,WHELESSY
WL_789,LZ_AEN,138,WHELESS,WHELESSZ
WI_101112,LZ_AEN,138,WILLIAMS,WILIAMSNZ
WI_123,LZ_AEN,138,WILLIAMS,WILIAMSNV
WI_456,LZ_AEN,138,WILLIAMS,WILIAMSNX
WI_789,LZ_AEN,138,WILLIAMS,WILIAMSNY
LXFMR2,LZ_CPS,138,A0,EB_LXFMR2
LXFMR4,LZ_CPS,138,A0,CHULIE_D
LXFMR5,LZ_CPS,138,A0,CHULIE_A
LXFMR2,LZ_CPS,138,A3,A3_LXFMR2
LXFMR1,LZ_CPS,138,A4,A4_LXFMR1
LXFMR4,LZ_CPS,138,A4,PEARSAL_B
LXFMR1,LZ_CPS,138,A5,A5_LXFMR1
LXFMR2,LZ_CPS,138,A5,EB_0202
LXFMR3,LZ_CPS,138,A5,EB_0302
LXFMR1,LZ_CPS,138,B1,B1_LD1
LXFMR2,LZ_CPS,138,B1,B1_LD2
LXFMR1,LZ_CPS,138,B2,VLSI_A
LXFMR2,LZ_CPS,138,B2,VLSI_B
LXFMR3,LZ_CPS,138,B2,VLSI_L_A
LXFMR4,LZ_CPS,138,B2,VLSI_K
LXFMR1,LZ_CPS,138,B3,BROADVIEW_C
LXFMR2,LZ_CPS,138,B3,BROADVEW_B
LXFMR3,LZ_CPS,138,B3,BROADVEW_A
LXFMR1,LZ_CPS,138,B4,B4_LXFMR1
LXFMR2,LZ_CPS,138,B4,CHAVANEA_A
LXFMR3,LZ_CPS,138,B4,CHAVANEA_B
LXFMR4,LZ_CPS,138,B4,CHAVANEA_C
AUX_T12,LZ_CPS,138,BRAUNIG,EB_1
AUX_T34,LZ_CPS,138,BRAUNIG,EB_2
LXFMR2,LZ_CPS,138,C0,ENCINO_A
LXFMR4,LZ_CPS,138,C0,ENCINO_B
LXFMR1,LZ_CPS,138,C2,USAA2_AA
LD1,LZ_CPS,138,C3,FLORESVI_B
LD3,LZ_CPS,138,C3,FLORESVI_C
LXFMR2,LZ_CPS,138,C3,FLORESVI_A
LXFMR4,LZ_CPS,138,C3,EB1_LXFMR4
LXFMR1,LZ_CPS,138,C4,KIRBY_A
LXFMR2,LZ_CPS,138,C4,KIRBY_B
LXFMR3,LZ_CPS,138,C4,KIRBY_C
LXFMR1,LZ_CPS,138,C5,C5_LXFMR1
LXFMR3,LZ_CPS,138,C5,C5_LXFMR3
LXFMR2,LZ_CPS,138,CAGNON,CAGNON_L_A
LXFMR4,LZ_CPS,138,CAGNON,CAGNON_AA
LXFMR1,LZ_CPS,138,D0,TENTH_ST_D
LXFMR2,LZ_CPS,138,D0,TENTH_ST_E
LXFMR3,LZ_CPS,138,D0,TENTH_ST_B
LXFMR4,LZ_CPS,138,D0,TENTH_ST_A
LXFMR6,LZ_CPS,138,D0,TENTH_ST_C
LXFMR7,LZ_CPS,138,D0,TENTH_ST_F
LXFMR8,LZ_CPS,138,D0,TENTH_ST_G
LXFMR1,LZ_CPS,138,D1,CASTRVLL_KO
LXFMR3,LZ_CPS,138,D1,D1_LXFMR3
LXFMR1,LZ_CPS,138,D2,AUSTIN1_KT
LXFMR2,LZ_CPS,138,D2,AUSTIN1_KED
LXFMR4,LZ_CPS,138,D2,D2_LXFMR4
LXFMR1,LZ_CPS,138,D3,ELMENDRF_A
LXFMR3,LZ_CPS,138,D3,ELMENDRF_B
LXFMR1,LZ_CPS,138,D4,D4_0100
LXFMR3,LZ_CPS,138,D4,PINN_RD_B
LXFMR4,LZ_CPS,138,D4,D4_0210
LXFMR1,LZ_CPS,138,E1,WSTSIDE_B
LXFMR2,LZ_CPS,138,E1,WSTSIDE_C
LXFMR3,LZ_CPS,138,E1,WSTSIDE_A
LXFMR2,LZ_CPS,138,E3,SOMERSET_A
LXFMR4,LZ_CPS,138,E3,SOMERSET_B
LXFMR3,LZ_CPS,138,E4,EB_0013
LXFMR2,LZ_CPS,138,F0,GREEN_MT_L_A
LXFMR4,LZ_CPS,138,F0,GREEN_MT_A
LXFMR1,LZ_CPS,138,F2,FALLSCTY_A
LXFMR2,LZ_CPS,138,F2,FALLCIT_B
LXFMR4,LZ_CPS,138,F3,EB_0210
XFMR1,LZ_CPS,138,F3,HONDO_A
LXFMR2,LZ_CPS,138,F5,F5_0210
LXFMR4,LZ_CPS,138,F5,0001_C
LXFMR1,LZ_CPS,138,G0,GRANDVEW_A
LXFMR3,LZ_CPS,138,G0,GRANDVEW_B
LXFMR1,LZ_CPS,138,G1,EXETER_LD1
LXFMR2,LZ_CPS,138,G1,EXETER_LD2
LXFMR3,LZ_CPS,138,G1,EXETER_LD3
LXFMR1,LZ_CPS,138,G2,HAMWOLF_A
LXFMR2,LZ_CPS,138,G2,HAMWOLF_B
LXFMR1,LZ_CPS,138,G3,EAGLECK_A
LXFMR2,LZ_CPS,138,G3,EAGLECK_B
LXFMR2,LZ_CPS,138,G4,G4_LD2
LXFMR3,LZ_CPS,138,G4,G4_LD3
LXFMR1,LZ_CPS,138,H0,USAA_H0
LXFMR1,LZ_CPS,138,H1,OLMOS_B
LXFMR2,LZ_CPS,138,H1,EB_XFMR2
LXFMR3,LZ_CPS,138,H1,OLMOS_D
LXFMR4,LZ_CPS,138,H1,OLMOS_C
LXFMR3,LZ_CPS,138,H2,H2_LD3
LXFMR1,LZ_CPS,138,H3,HELOTES_A
LXFMR4,LZ_CPS,138,H3,HELOTES_B
LXFMR2,LZ_CPS,138,H4,H4_LXFMR2
LXFMR2,LZ_CPS,138,HILLCTRY,EB_LOAD2
LXFMR1,LZ_CPS,138,J0,SOUTHSAN_A
LXFMR2,LZ_CPS,138,J0,J0_LXFMR2
LXFMR3,LZ_CPS,138,J0,SOUTHSAN_B
LXFMR4,LZ_CPS,138,J0,SOUTHSAN_C
LXFMR1,LZ_CPS,138,J2,CASTLE_B
LXFMR2,LZ_CPS,138,J2,CASTLE_A
LXFMR3,LZ_CPS,138,J2,CASTLE_C
LXFMR1,LZ_CPS,138,J3,DRESDEN_A
LXFMR2,LZ_CPS,138,J3,DRESDEN_B
LXFMR3,LZ_CPS,138,J3,DRESDEN_C
LXFMR2,LZ_CPS,138,J4,HARMONY_A
LXFMR3,LZ_CPS,138,J4,HARMONY_B
LXFMR4,LZ_CPS,138,J4,J4_LXFMR4
LXFMR1,LZ_CPS,138,K0,K0_A
LXFMR2,LZ_CPS,138,K0,K0_B
LXFMR2,LZ_CPS,138,K1,K1_LXFMR2
LXFMR4,LZ_CPS,138,K1,K1_LXFMR4
LXFMR1,LZ_CPS,138,K2,NACDCHES_B
LXFMR2,LZ_CPS,138,K2,EB_0200
LXFMR3,LZ_CPS,138,K2,NACDCHES_KS
LXFMR4,LZ_CPS,138,K2,NACDCHES_C
LXFMR1,LZ_CPS,138,K3,LAREDO1_A
LXFMR2,LZ_CPS,138,K3,LAREDO1_B
LXFMR3,LZ_CPS,138,K3,LAREDO1_C
LXFMR4,LZ_CPS,138,K3,LAREDO1_D
LXFMR3,LZ_CPS,138,K5,K5_LD3
LXFMR2,LZ_CPS,138,L0,ANDERSON_A
LXFMR3,LZ_CPS,138,L0,ANDERSON_L_A
LXFMR4,LZ_CPS,138,L0,L0_LXFMR4
LXFMR1,LZ_CPS,138,L2,1314_EB
LXFMR3,LZ_CPS,138,L2,EB3_LXFMR3
LXFMR4,LZ_CPS,138,L2,ST_HEDWG_C
AUX_XF1,LZ_CPS,138,LEON_CRK,LEON_CRK_E_2
LXFMR1,LZ_CPS,138,M1,FIVE_PTS_C
LXFMR2,LZ_CPS,138,M1,FIVE_PTS_B
LXFMR6,LZ_CPS,138,M1,FIVE_PTS_A
LXFMR7,LZ_CPS,138,M1,FIVE_PTS_F
LXFMR8,LZ_CPS,138,M1,FIVE_PTS_E
LXFMR9,LZ_CPS,138,M1,FIVE_PTS_D
LXFMR1,LZ_CPS,138,M2,COLISEUM_B
LXFMR2,LZ_CPS,138,M2,COLISEUM_A
LXFMR3,LZ_CPS,138,M2,COLISEUM_C
LXFMR1,LZ_CPS,138,M3,MED_CTR_C
LXFMR2,LZ_CPS,138,M3,MED_CTR_D
LXFMR3,LZ_CPS,138,M3,MED_CTR_A
LXFMR4,LZ_CPS,138,M3,MEDCTR_0113
LXFMR1,LZ_CPS,138,M4,UTSA_A
LXFMR2,LZ_CPS,138,M4,UTSA_L_B
LXFMR3,LZ_CPS,138,M4,UTSA_B
LXFMR4,LZ_CPS,138,M4,UTSA_C
LXFMR2,LZ_CPS,138,O2,BANDERA_A
LXFMR3,LZ_CPS,138,O2,BANDERA_B
LXFMR4,LZ_CPS,138,O2,BANDERA_C
LXFMR1,LZ_CPS,138,O3,WALZEM_A
LXFMR2,LZ_CPS,138,O3,WALZEM_B
LXFMR3,LZ_CPS,138,O3,WALZEM_C
LXFMR4,LZ_CPS,138,O3,WALZEM_D
LXFMR1,LZ_CPS,138,P0,HARLANDA_A
LXFMR2,LZ_CPS,138,P0,HARLANDA_B
LXFMR1,LZ_CPS,138,P2,P2_LXFMR1
LXFMR2,LZ_CPS,138,P2,P2_LXFMR2
LXFMR1,LZ_CPS,138,P5,EB_HN_LXFMR1
LXFMR2,LZ_CPS,138,P5,EB_HN_LXFMR2
LXFMR3,LZ_CPS,138,P5,EB__LXFMR3
LXFMR2,LZ_CPS,138,Q1,VALLEY_B
LXFMR4,LZ_CPS,138,Q1,VALLEY_C
LXFMR1,LZ_CPS,138,Q5,TR_1
LXFMR2,LZ_CPS,138,Q5,TR_2
LXFMR1,LZ_CPS,138,R0,FAIRRA_A
LXFMR3,LZ_CPS,138,R0,FAIRRA_B
LXFMR1,LZ_CPS,138,R1,QUINTANA_A
LXFMR2,LZ_CPS,138,R1,QUINTANA_B
LXFMR2,LZ_CPS,138,R2,MERIDA_B
LXFMR3,LZ_CPS,138,R2,MERIDA_A
LXFMR4,LZ_CPS,138,R2,R2_LXFMR2
LXFMR1,LZ_CPS,138,S3,CIBOLOCR_K
LXFMR2,LZ_CPS,138,S3,CIBOLOCR_KT
LXFMR2,LZ_CPS,138,S4,T_0110
LXFMR3,LZ_CPS,138,S4,FRATT_B
LXFMR4,LZ_CPS,138,S4,FRATT_C
LXFMR1,LZ_CPS,138,S5,S5_0100
LXFMR3,LZ_CPS,138,SKYLINE,SKYLINE_AA
LXFMR5,LZ_CPS,138,SKYLINE,SKYLINE_AB
LD1,LZ_CPS,138,SUTHRLND,SUTHRLND_K
LD2,LZ_CPS,138,SUTHRLND,SUTHRLND_KL
LXFMR1,LZ_CPS,138,T0,L_A_HTS_C
LXFMR2,LZ_CPS,138,T0,L_A_HTS_B
LXFMR4,LZ_CPS,138,T0,L_A_HTS_D
LXFMR1,LZ_CPS,138,T1,FRED_RD_A
LXFMR2,LZ_CPS,138,T1,FRED_RD_B
LXFMR3,LZ_CPS,138,T1,FRED_RD_C
LXFMR1,LZ_CPS,138,T2,FORT_SAM_A
LXFMR2,LZ_CPS,138,T2,FORT_SAM_B
LXFMR2,LZ_CPS,138,T3,TOYOTA_A
LXFMR3,LZ_CPS,138,T3,TOYOTA_B
LXFMR1,LZ_CPS,138,U1,LASIERRA_A
LXFMR3,LZ_CPS,138,U1,LASIERRA_B
LXFMR2,LZ_CPS,138,U4,36TH_2
LXFMR3,LZ_CPS,138,U4,36TH_3
LXFMR2,LZ_CPS,138,U5,U5_LXFMR2
LXFMR3,LZ_CPS,138,U5,U5_LXFMR3
LXFMR2,LZ_CPS,138,V0,STONEGAT_B
LXFMR3,LZ_CPS,138,V0,STONEGAT_A
LXFMR1,LZ_CPS,138,V2,BROOKS_B
LXFMR2,LZ_CPS,138,V2,BROOKS_A
LXFMR3,LZ_CPS,138,V2,BROOKS_L_A
LXFMR2,LZ_CPS,138,V3,TXRESRCH_L_A
LXFMR3,LZ_CPS,138,V3,TXRESRCH_L_B
LXFMR1,LZ_CPS,138,V4,EB_V4_LXFMR1
LXFMR2,LZ_CPS,138,V4,EB_V4_LXFMR2
LXFMR3,LZ_CPS,138,V5,EB_TRN3
LXFMR3,LZ_CPS,138,V6,V6_LD3
LXFMR2,LZ_CPS,138,W1,0202_EB
LXFMR3,LZ_CPS,138,W1,0302_EB
LXFMR1,LZ_CPS,138,W2,RANDOLPH_B
LXFMR2,LZ_CPS,138,W2,RANDOLPH_C
LXFMR3,LZ_CPS,138,W2,RANDOLPH_A
LXFMR2,LZ_CPS,138,W4,DEZAVALA_A
LXFMR3,LZ_CPS,138,W4,DEZAVALA_B
LXFMR4,LZ_CPS,138,W4,DEZAVALA_C
LXFMR3,LZ_CPS,138,W5,W5_LXFMR3
LXFMR4,LZ_CPS,138,W5,W5_LXFMR4
LXFMR1,LZ_CPS,138,X1,MEDINABS_A
LXFMR2,LZ_CPS,138,X1,MEDINABS_B
LXFMR3,LZ_CPS,138,X1,MEDINABS_C
LXFMR4,LZ_CPS,138,X1,X1_LXFMR4
LXFMR1,LZ_CPS,138,X2,LYTLE_A
LXFMR2,LZ_CPS,138,X2,X2_LD2
LXFMR3,LZ_CPS,138,X2,LYTLE_B
LXFMR4,LZ_CPS,138,X3,STREICH_A
LXFMR1,LZ_CPS,138,X4,X4_LD1
LXFMR2,LZ_CPS,138,X4,SWRI_A
LXFMR3,LZ_CPS,138,X4,SWRI_B
LXFMR4,LZ_CPS,138,X4,SWRI_K
LXFMR1,LZ_CPS,138,X6,X6_LXFMR1
LXFMR4,LZ_CPS,138,X6,X6_LXFMR4
LXFMR2,LZ_CPS,138,Y1,HOLB_0006_EB
LXFMR3,LZ_CPS,138,Y1,EB_0011
LXFMR2,LZ_CPS,138,Y2,GRISSOM_A
LXFMR4,LZ_CPS,138,Y2,GRISSOM_C
LXFMR1,LZ_CPS,138,Y3,PARSONS_A
LXFMR2,LZ_CPS,138,Y3,PARSONS_B
LXFMR2,LZ_CPS,138,Y4,BUCKEYE_L_A
LXFMR3,LZ_CPS,138,Y4,BUCKEYE_A
LXFMR1,LZ_CPS,138,Y5,Y5_TR1_EB
LXFMR1,LZ_CPS,138,Z0,BECK_RD_A
LXFMR3,LZ_CPS,138,Z0,BECK_RD_C
LXFMR1,LZ_CPS,138,Z1,Z1_LD1
LXFMR2,LZ_CPS,138,Z1,Z1_LD2
LXFMR3,LZ_CPS,138,Z1,Z1_LD3
LXFMR4,LZ_CPS,138,Z1,Z1_LD4
LXFMR5,LZ_CPS,138,Z1,Z1_LD5
LXFMR6,LZ_CPS,138,Z1,Z1_LD6
LXFMR7,LZ_CPS,138,Z1,Z1_LD7
LXFMR8,LZ_CPS,138,Z1,Z1_LXFMR8
LXFMR9,LZ_CPS,138,Z1,Z1_LXFMR9
LXFMR1,LZ_CPS,138,Z2,HOLLYWD_A
LXFMR4,LZ_CPS,138,Z2,HOLLYWD_B
LXFMR3,LZ_CPS,138,Z4,BALL_PARK_B
LXFMR4,LZ_CPS,138,Z4,BALL_PARK_C
LXFMR5,LZ_CPS,138,Z4,EB_XFMR5
LXFMR1,LZ_CPS,138,Z5,Z5_LXFMR1
LXFMR3,LZ_CPS,138,Z5,Z5_LXFMR3
ADAMSVT1,LZ_LCRA,138,ADAMSV,L_ADAMSV8_1Y
ALUMCRT1,LZ_LCRA,138,ALUMCR,L_ALCRSW8_1Y
ANDICET1,LZ_LCRA,138,ANDICE,L_ANDICE8_1Z
ANDICET2,LZ_LCRA,138,ANDICE,L_ANDICE8_1X
ANTLER_T2,LZ_LCRA,138,ANTLER,L_ANTLER8_1Y
T1,LZ_LCRA,138,ANTLER,L_ANTLER8_1Z
AVERRAT3,LZ_LCRA,138,AVERRA,AVERRAT3
AVERYT1,LZ_LCRA,138,AVERRA,AVERRA_KN
AVERYT2,LZ_LCRA,138,AVERRA,AVERRA_KKL
BALCONT1,LZ_LCRA,138,BALCON,L_BALCON8_1V
BALCONT2,LZ_LCRA,138,BALCON,L_BALCON8_1X
BALCONT3,LZ_LCRA,138,BALCON,L_BALCON8_1W
BALCONT4,LZ_LCRA,138,BALCON,L_BALCON8_1Z
BANDERT1,LZ_LCRA,138,BANDER,L_BANDER8_1Y
BASTCIT1,LZ_LCRA,138,BASTCI,L_BASTCI8_1Z
BASTCIT2,LZ_LCRA,138,BASTCI,L_BASTCI8_1X
BASTWET1,LZ_LCRA,138,BASTWE,L_BASTWE8_1Y
BEBACKT1,LZ_LCRA,138,BEBACK,LOADT1
T-1,LZ_LCRA,138,BEECRE,L_BEECRE8_1X
T-2,LZ_LCRA,138,BEECRE,L_BEECRE8_1Z
T-3,LZ_LCRA,138,BEECRE,BEECRE_KG
BELLSOT1,LZ_LCRA,138,BELLSO,L_BELLSO8_1X
BERGHET1,LZ_LCRA,138,BERGHE,L_BERGHE8_1Z
LOADT1,LZ_LCRA,138,BLANCO,LOADT1_
LOADT2,LZ_LCRA,138,BLANCO,LOADT2_2
BLOCKHT1,LZ_LCRA,138,BLOCKH,L_BLOCKH8_1Z
BLOCKHT2,LZ_LCRA,138,BLOCKH,L_BLOCKH8_1X
BLUEBOT1,LZ_LCRA,138,BLUEBO,L_BLUEBO8_1Z
BLUEBOT2,LZ_LCRA,138,BLUEBO,L_BLUEBO8_1Y
BOERNET2,LZ_LCRA,138,BOERNE,L_BOERNE8_1X
LOAD1,LZ_LCRA,69,BRADYCIT,BRDC_L_B
LOAD2,LZ_LCRA,69,BRADYCIT,BRDC_L_A
BRENHAT1,LZ_LCRA,138,BRENHA,L_BRENHA8_1W
BRENHAT2,LZ_LCRA,138,BRENHA,L_BRENHA8_1V
BRENHAT3,LZ_LCRA,138,BRENHA,L_BRENHA8_1X
T1,LZ_LCRA,138,BRENNO,L_BRENNO8_1Y
T2,LZ_LCRA,138,BRENNO,L_BRENNO8_1Z
T1,LZ_LCRA,138,BUBORA,0001
BUDA_T1,LZ_LCRA,138,BUDA,L_BUDA__8_1X
BUDA_T3,LZ_LCRA,138,BUDA,L_BUDA__8_1Z
BURNETT2,LZ_LCRA,138,BURNET,GH
BUTLERT1,LZ_LCRA,138,BUTLER,L_BUTLER8_1Y
BUTTERT1,LZ_LCRA,138,BUTTER,L_BUTTER8_1X
BUTTERT2,LZ_LCRA,138,BUTTER,L_BUTTER8_1W
BUTTERT3,LZ_LCRA,138,BUTTER,L_BUTTER8_1Z
CANYONT4,LZ_LCRA,138,CANYON,EBT4
T-3,LZ_LCRA,138,CANYON,L_CANYON8_2Y
CEDAHIT1,LZ_LCRA,138,CEDAHI,L_CEDAHI8_1Z
CEDAVAT1,LZ_LCRA,138,CEDAVA,L_CEDAVA8_1Y
CEDAVAT2,LZ_LCRA,138,CEDAVA,L_CEDAVA8_1Z
CHAPHIT1,LZ_LCRA,138,CHAPHI,L_CHAPHI8_1Y
CICO_T3,LZ_LCRA,138,CICO,L_CICO__8_1X
CICO_T4,LZ_LCRA,138,CICO,L_CICO__8_1Z
LOAD1,LZ_LCRA,69,CIEN,CIEN_L_A
COLTONT1,LZ_LCRA,138,COLTON,L_COLTON8_1Y
COLTONT2,LZ_LCRA,138,COLTON,EBCOLT
COPPCVT1,LZ_LCRA,138,COPPCV,L_COPPCO8_1Y
COPPCVT2,LZ_LCRA,138,COPPCV,COPPCVT2_
CRANMIT1,LZ_LCRA,138,CRANMI,L_CRANMI8_1X
CRANMIT2,LZ_LCRA,138,CRANMI,L_CRANMI8_1Z
CYPRCRT1,LZ_LCRA,138,CYPRCR,L_CYPRCR8_1Y
DALE_T1,LZ_LCRA,69,DALE,L_DALE__9_1Y
DCPROCT1,LZ_LCRA,138,DCPROC,DCP1
DEVIHIT1,LZ_LCRA,138,DEVIHI,L_DEVIHI8_1Y
DEVIHIT2,LZ_LCRA,138,DEVIHI,DEVIHIT2_
T1,LZ_LCRA,138,DOBYVI,L_DOBYVI8_1Y
DRIPSPT1,LZ_LCRA,138,DRIPSP,L_DRIPSP8_1Y
DRIPSPT2,LZ_LCRA,138,DRIPSP,L_DRIPSP8_1Z
T1,LZ_LCRA,138,EBABES,EBABASM8_1Y
ENGLE_T1,LZ_LCRA,138,ENGLE,L_ENGLE_8_1Y
ESCARP_T_1,LZ_LCRA,138,ESCARP,L_ESCARP8_1Y
ESCARP_T_2,LZ_LCRA,138,ESCARP,L_ESCARP8_1Z
ESPERA_T1,LZ_LCRA,138,ESPERA,ESPERAT1
EVANT_T1,LZ_LCRA,138,EVANT,L_EVANT_8_1Y
FAIRLA,LZ_LCRA,138,FAIRLA,FAIRLA_KWH
FAIRLAT1,LZ_LCRA,138,FAIRLA,L_FAIRLA8_1Z
FAIROAT1,LZ_LCRA,138,FAIROA,L_FAIROA8_1Y
T_2,LZ_LCRA,138,FAIROA,FAIROA_K
FAYETT_T3,LZ_LCRA,138,FAYETT,L_FAYETT8_1Z
FISCHET-2,LZ_LCRA,138,FISCHE,L_FISCHE8_1Z
FISCHET1,LZ_LCRA,138,FISCHE,L_FISCHE8_1Y
FLATONT2,LZ_LCRA,138,FLATON,L_FLATON8_1Z
FLATROT1,LZ_LCRA,138,FLATRO,L_FLATRO8_1Y
FM237YT2,LZ_LCRA,138,FM237Y,0T2
FORTMAT1,LZ_LCRA,138,FORTMA,FOR
T1,LZ_LCRA,138,FPP138,L_FAYEPL8_1X
FREDERT1,LZ_LCRA,138,FREDER,L_FREDER8_1X
FREDERT3,LZ_LCRA,138,FREDER,L_FREDER8_1Z
FRIENDT1,LZ_LCRA,138,FRIEND,L_FRIEND8_1Z
FRIENDT2,LZ_LCRA,138,FRIEND,FRIEND_L_A
GAYHILT1,LZ_LCRA,138,GAYHIL,L_GAYHIL8_1Z
GIDDINT1,LZ_LCRA,138,GIDDIN,L_GIDDIN8_1X
GIDDINT3,LZ_LCRA,138,GIDDIN,L_GIDDIN8_1Z
GLASSCT1,LZ_LCRA,138,GLASSC,L_GLASSC8_1Z
GOFOR_T1,LZ_LCRA,138,GOFORT,L_GOFORT8_1Y
GOFOR_T2,LZ_LCRA,138,GOFORT,L_GOFORT8_1Z
GOLDTHT1,LZ_LCRA,138,GOLDTH,L_GOLDTH8_2Y
GONZALT1,LZ_LCRA,138,GONZAL,L_GONZAL8_1Z
GRANMOT1,LZ_LCRA,138,GRANMO,L_GRANMO8_1Y
GRANMOT2,LZ_LCRA,138,GRANMO,L_GRANMO8_1Z
GRAPMIT1,LZ_LCRA,138,GRAPMI,L_GRAPMI8_1Y
GUYBURT1,LZ_LCRA,138,GUYBUR,L_GUYBUR8_1Y
GUYBURT2,LZ_LCRA,138,GUYBUR,L_GUYBUR8_1Z
HALLETT2,LZ_LCRA,138,HALLET,L_HALLET8_1Z
HARRBR_T1,LZ_LCRA,138,HARRBR,L_HARRBR8_1Y
T-2,LZ_LCRA,138,HARRBR,HARRBR_L_C
HARWOOT1,LZ_LCRA,69,HARWOO,L_HARWOO9_1Y
HAYTRNT1,LZ_LCRA,138,HAYTER,L_HAYTER8_1Y
HENLYT1,LZ_LCRA,138,HENLY,L_HENLY_8_1Y
HIGH32T1,LZ_LCRA,138,HIGH32,L_HIGH328_1Y
HILLTOT1,LZ_LCRA,138,HILLTO,L_HILLTO8_1Z
HILLTOT2,LZ_LCRA,138,HILLTO,SMT2
HORSBAT1,LZ_LCRA,138,HORSBA,L_HORSBA8_1Y
HORSBAT2,LZ_LCRA,138,HORSBA,L_HORSBA8_1Z
HUNTERT1,LZ_LCRA,138,HUNTER,L_HUNTER8_1Y
JOHNCIT2,LZ_LCRA,138,JOHNCI,LOT2
KEMPNET1,LZ_LCRA,138,KEMPNE,L_KEMPNE8_1Y
T-1,LZ_LCRA,138,KENTST,KENTST_KX
T-2,LZ_LCRA,138,KENTST,_T2
T-1,LZ_LCRA,138,KYLE,KYLE_KC
LAGOV1T1,LZ_LCRA,138,LAGOVI,L_LAGOVI8_1X
LAGOV1T2,LZ_LCRA,138,LAGOVI,L_LAGOVI8_1Z
LAGRANT1,LZ_LCRA,138,LAGRAN,L_LAGRAN8_1Z
LAGRANT2,LZ_LCRA,138,LAGRAN,L_LAGRAN8_1X
LAKEWYT1,LZ_LCRA,138,LAKEWY,L_LAKEWY8_4Y
LAMPAST2,LZ_LCRA,138,LAMPAS,L_LAMPAS_6Y
LAMPAST3,LZ_LCRA,138,LAMPAS,L_LAMPAS8_4Y
LEAKEYT1,LZ_LCRA,69,LEAKEY,L_LEAKEY9_1Z
LEAKEYT2,LZ_LCRA,69,LEAKEY,L_LEAKEY9_1X
LEANDET2,LZ_LCRA,138,LEANDE,L_LEANDE8_1X
LEANDET3,LZ_LCRA,138,LEANDE,L_LEANDE8_1W
LOADT-4,LZ_LCRA,138,LEANDE,L_LEANDE8_1Z
LEHIGHT3,LZ_LCRA,138,LEHIGH,T3EE
LEHIGH_T1,LZ_LCRA,138,LEHIGH,L_LEHIGH8_1Y
LEXINGT1,LZ_LCRA,138,LEXING,L_LEXING8_1Y
LINCOLT1,LZ_LCRA,138,LINCOL,LET1
LOCKHAT1,LZ_LCRA,138,LOCKHA,L_LOCKHA8_1Z
LOCKHAT2,LZ_LCRA,138,LOCKHA,L_LOCKHA8_1X
LOADT1,LZ_LCRA,138,LOMETA,LT1
LOSTCRT3,LZ_LCRA,138,LOSTCR,LDT3
LOSTCRT4,LZ_LCRA,138,LOSTCR,LDT4
LULINGT2,LZ_LCRA,138,LULING,L_LULING8_1Z
LULINGT3,LZ_LCRA,138,LULING,L_LULING8_1X
LYLEWOT1,LZ_LCRA,138,LYLEWO,L_LYLEWO8_1Z
LYLEWOT2,LZ_LCRA,138,LYLEWO,L_LYLEWO8_2Z
LYONS_T1,LZ_LCRA,138,LYONS,L_LYONS_8_1Y
MANCHAT1,LZ_LCRA,138,MANCHA,L_MANCHA8_1Y
MANCHAT2,LZ_LCRA,138,MANCHA,L_MANCHA8_1Z
T1,LZ_LCRA,138,MANOR,L_MANOR_8_1Y
MASOCR_T1,LZ_LCRA,138,MASOCR,L_MASOCR8_1Y
T-2,LZ_LCRA,138,MAXZUE,MAXZUE_L_A
MCCALAT1,LZ_LCRA,138,MCCALA,L_MCCALA8_2Y
T1,LZ_LCRA,138,MEDILA,EB_0010
T2,LZ_LCRA,138,MEDILA,MEDI_0006_EB
MEDINAT1,LZ_LCRA,69,MEDINA1,L_MEDICI9_1Y
MENDOZT1,LZ_LCRA,138,MENDOZ,L_MENDOZ8_1Z
MENGCR_T1,LZ_LCRA,138,MENGCR,L_MENGCR8_1Y
MENGCR_T2,LZ_LCRA,138,MENGCR,MENGCRT2
MOULTO1,LZ_LCRA,138,MOULTO,MOULTO1_
NARUNAT1,LZ_LCRA,138,NARUNA,NARUNA_L_A
LOAD1,LZ_LCRA,69,NEWROS,L_NEWROS9_1Y
NIMITZT1,LZ_LCRA,138,NIMITZ,L_NIMITZ8_1Y
PAIGE_T1,LZ_LCRA,138,PAIGE,L_PAIGE_8_1Y
PALEPET2,LZ_LCRA,138,PALEPE,L_PALEPE8_1Z
T1,LZ_LCRA,138,PALEPE,L_PALEPE8_1Y
PHILJC_T1,LZ_LCRA,138,PHILJC,L_PHJOCI8_1Y
PIPECRT2,LZ_LCRA,138,PIPECR,L_PIPECR8_1Z
PIPELIT1,LZ_LCRA,138,PIPELI,PIT1
PISEK,LZ_LCRA,138,PISEK,L_PISEK_8_1Y
PITSBU_T2,LZ_LCRA,138,PITSBU,L_PITSBU8_1X
PLUM_T1,LZ_LCRA,138,PLUM,L_PLUM__8_1Y
PURGROT1,LZ_LCRA,138,PURGRO,PRT1_
REDROCT1,LZ_LCRA,138,REDROC,L_REDROC8_1Y
REDWOOT1,LZ_LCRA,138,REDWOO,L_REDWOO8_1W
REDWOOT2,LZ_LCRA,138,REDWOO,L_REDWOO8_1X
REDWOOT3,LZ_LCRA,138,REDWOO,L_REDWOO8_1Z
RIDGMAT1,LZ_LCRA,138,RIDGMA,RIT1
T1,LZ_LCRA,138,RIVEOA,L_RIVEOA8_1Y
RNRD12T2,LZ_LCRA,138,RNRD12,L_RARO128_1X
ROHR_T1,LZ_LCRA,138,ROHR,L_ROHR__8_1Y
RUTHERT1,LZ_LCRA,138,RUTHER,L_RUTHER8_1Z
RUTHERT2,LZ_LCRA,138,RUTHER,RUTHERT2_
SANDHIT1,LZ_LCRA,138,SANDHI,L_SANDHI8_1Y
SANMART1,LZ_LCRA,138,SANMAR,L_SANMAR8_1Z
SANMART2,LZ_LCRA,138,SANMAR,L_SANMAR8_1X
SANSABT4,LZ_LCRA,138,SANSAB,ET4
SATTLET2,LZ_LCRA,138,SATTLE,L_SATTLE8_1Y
SCHULET1,LZ_LCRA,138,SCHULE,L_SCHULE8_1Z
SCHULET2,LZ_LCRA,138,SCHULE,L_SCHULE8_1Y
SEGOVIL1,LZ_LCRA,69,SEGOVI,L_SEGOVI9_1Z
SEWAJU_T1,LZ_LCRA,138,SEWAJU,SEWAJU_L_B
SEWAJU_T2,LZ_LCRA,138,SEWAJU,SEWAJU_L_A
T-1,LZ_LCRA,138,SHADGL,SHADGL_KR
SHERSHT1,LZ_LCRA,138,SHERSH,L_SHERSH8_1Y
SHERSHT2,LZ_LCRA,138,SHERSH,L_SHERSH8_1Z
SHINERT1,LZ_LCRA,138,SHINER,LOADT_1
SMITHVT1,LZ_LCRA,138,SMITHV,L_SMITHV8_1X
SMITHVT2,LZ_LCRA,138,SMITHV,L_SMITHV8_1Z
SPANOAT1,LZ_LCRA,138,SPANOA,ST1
SPICEWT1,LZ_LCRA,138,SPICEW,L_SPICEW8_1X
SPICEWT2,LZ_LCRA,138,SPICEW,L_SPICEW8_1Z
T_1,LZ_LCRA,138,STARCK,STARCK_K
L1,LZ_LCRA,138,STRAHAT1,L_STRAHA8_1Y
SWIFTET1,LZ_LCRA,138,SWIFTE,L_SWIFTE8_1Y
TAHIVIT1,LZ_LCRA,138,TAHIVI,L_TAHIVI8_1Y
TARPLET1,LZ_LCRA,69,TARPLE,L_TARPLE9_1Y
T2,LZ_LCRA,138,TURNER,TURNER_K
TURNERT1,LZ_LCRA,138,TURNER,L_TURNER8_1Y
TURTCRT1,LZ_LCRA,138,TURTCR,L_TURTCR8_1Z
UTOPIAT1,LZ_LCRA,69,UTOPIA,L_UTOPIA9_1Y
T-1,LZ_LCRA,69,WAELDE,L_WAELDE9_1Y
WALLERT2,LZ_LCRA,138,WALLER,L_WALLER8_1Z
WARDA_T1,LZ_LCRA,138,WARDA,L_WARDA8_1Y
WEBBERT1,LZ_LCRA,138,WEBBER,L_WEBBER8_1Y
WEIMART1,LZ_LCRA,138,WEIMAR,L_WEIMAR8_1Y
WELCOME,LZ_LCRA,138,WELCOM,L_WELCOM8_1Y
WELFART1,LZ_LCRA,138,WELFAR,L_WELFAR8_1Z
WELFART2,LZ_LCRA,138,WELFAR,L_WELFAR8_1Y
WHITEST1,LZ_LCRA,138,WHITES,L_WHITES8_1Z
WHITEST2,LZ_LCRA,138,WHITES,L_WHITES8_1X
LOADT1,LZ_LCRA,138,WIMBER,MWL1
LOADT2,LZ_LCRA,138,WIMBER,WML2
T5,LZ_LCRA,138,WIRTZ,WIRTZ_K
T6,LZ_LCRA,138,WIRTZ,WIRTZ_KB
WYLDWOT1,LZ_LCRA,138,WYLDWO,WYLWOT1
YOAKUMT2,LZ_LCRA,138,YOAKUM,L_YOAKUM8_1Z
YOAKUMT3,LZ_LCRA,138,YOAKUM,L_YOAKUM8_1X
ABLSPRC1,LZ_RAYBN,138,ABLSPRRC,ABLSPRRC_K
ABLSPRC2,LZ_RAYBN,138,ABLSPRRC,ABLSPRRC_KX
ALHUB_RC1,LZ_RAYBN,138,ALHUB_RC,ALHUB_RC_L_B
ALHUB_RC2,LZ_RAYBN,138,ALHUB_RC,ALHUB_RC_L_A
ANNA_RC1,LZ_RAYBN,138,ANNA_RC,ANNA_RC_L_A
ANNA_RC2,LZ_RAYBN,138,ANNA_RC,ANNA_RC_L_B
ANTLD1RC,LZ_RAYBN,138,ANTSS_RC,ALD1
ANTLD2RC,LZ_RAYBN,138,ANTSS_RC,ALD2
BELLSN1,LZ_RAYBN,138,BELSN_RC,BELLSN1
BELLSN2,LZ_RAYBN,138,BELSN_RC,BELLSN2
BLRDG_1,LZ_RAYBN,69,BLRDG_RC,BLRDG_RC_1
BLRDG_2,LZ_RAYBN,69,BLRDG_RC,BLRDG_RC_2
BLRDG_3,LZ_RAYBN,69,BLRDG_RC,BLRDG_RC_3
BONLK_RC,LZ_RAYBN,138,BONLK_RC,BONLK_RC_AG1
BRINKR1,LZ_RAYBN,138,BRINKRRC,BRINKR1_L_A
BRINKR2,LZ_RAYBN,138,BRINKRRC,BRINKR2_L_B
BRTNL1RC,LZ_RAYBN,138,BRTNSSRC,BLD1
BRTNL2RC,LZ_RAYBN,138,BRTNSSRC,BLD2
BURORC_1,LZ_RAYBN,138,BUROW_RC,BURORC_1
BURORC_2,LZ_RAYBN,138,BUROW_RC,BURORC_2
CAVDR_RC1,LZ_RAYBN,138,CAVDR_RC,ELB1
CAVDR_RC2,LZ_RAYBN,138,CAVDR_RC,ELB2
CAVDR_RC3,LZ_RAYBN,138,CAVDR_RC,ELB3
CDRLD1RC,LZ_RAYBN,138,CDRSS_RC,CDRLD1
CDRLD2RC,LZ_RAYBN,138,CDRSS_RC,CDRL2
CELINA_RC1,LZ_RAYBN,138,CELINARC,CELINARC_L_B
CELINA_RC2,LZ_RAYBN,138,CELINARC,CELINARC_L_A
CHAMB_RC1,LZ_RAYBN,138,CHAMB_RC,CHAMB_RC_L_A
CHAMB_RC2,LZ_RAYBN,138,CHAMB_RC,CHAMB_RC_L_B
CHERY_RC,LZ_RAYBN,138,CHERY_RC,CHERY_RC_L_A
CLIMAX,LZ_RAYBN,138,CLMX_RC,CLMX_RC_L_A
CNTLD1RC,LZ_RAYBN,138,CNTSUBRC,CL1
COFLD1RC,LZ_RAYBN,138,COFESSRC,CFL1
COMBINRC,LZ_RAYBN,138,COMBINRC,COMBINRC_L_A
COMBINRC2,LZ_RAYBN,138,COMBINRC,0180
COMBINE_NT1_RC,LZ_RAYBN,138,COMBNTRC,CNT1
COMBINE_NT2_RC,LZ_RAYBN,138,COMBNTRC,CNT2
COMSW_RC1,LZ_RAYBN,138,COMSW_RC,COMSW_RC1
COMSW_RC2,LZ_RAYBN,138,COMSW_RC,COMSW_RC2
CPR_RC_1,LZ_RAYBN,138,CPR_RC,CPR1
CPR_RC_2,LZ_RAYBN,138,CPR_RC,CPR2
CRNDL2RC,LZ_RAYBN,138,CRNDL_RC,CRNDL_RC_L_A
CRNDL_RC,LZ_RAYBN,138,CRNDL_RC,CRNDL_RC_L_A
CWCRK_RC_1,LZ_RAYBN,138,CWCRK_RC,CWCRK_RC_1
CWCRK_RC_2,LZ_RAYBN,138,CWCRK_RC,CWCRK_RC_2
LDXFMR1,LZ_RAYBN,69,DCKCV,DUCKCOVE_9
DUCKCVRC1,LZ_RAYBN,138,DUCKCVRC,DCK1
ECTOR_RC1,LZ_RAYBN,138,ECTOR_RC,ECTOR_RC_L_A
ECTOR_RC2,LZ_RAYBN,138,ECTOR_RC,ECTOR_RC_L_B
EFORKRC1,LZ_RAYBN,138,EFORK_RC,EF1
EFORKRC2,LZ_RAYBN,138,EFORK_RC,EF2
ELMNT_RC1,LZ_RAYBN,138,ELMNT_RC,EB_ELMN_0001
ELMNT_RC2,LZ_RAYBN,138,ELMNT_RC,EB_ELMN_0002
EMORY_RC1,LZ_RAYBN,138,EMORY_RC,EMORY_RC_L_B
EMORY_RC2,LZ_RAYBN,138,EMORY_RC,EMORY_RC_L_A
ENTPR_RC1,LZ_RAYBN,138,ENTPR_RC,ENTPR_RC_L_A
ENTPR_RC2,LZ_RAYBN,138,ENTPR_RC,ENTPR_RC_L_B
XFMR1,LZ_RAYBN,138,EPCO_RC,EPCO_RC_K
XFMR2,LZ_RAYBN,138,EPCO_RC,EPCO_RC_KX
EVANALRC1,LZ_RAYBN,138,EVANALRC,EVANALRC_L_B
EVANALRC2,LZ_RAYBN,138,EVANALRC,EVANALRC_L_A
EXPLORRC,LZ_RAYBN,138,EXPLORRC,EXPLORRC_L_A
FRNYW1,LZ_RAYBN,138,FRNYW_RC,1
FRNYW2,LZ_RAYBN,138,FRNYW_RC,2
GLENPLD1,LZ_RAYBN,138,GLNPSSRC,CN6LD1
GLENPLD2,LZ_RAYBN,138,GLNPSSRC,CN4LD2
GLENPLD3,LZ_RAYBN,138,GLNPSSRC,CN5LD3
GORDVLRC1,LZ_RAYBN,138,GORDVLRC,ELB887
GORDVLRC2,LZ_RAYBN,138,GORDVLRC,ELB888
I20RC1,LZ_RAYBN,138,I20_RC,EB_I201
I20RC2,LZ_RAYBN,138,I20_RC,EB_I202
I20RC3,LZ_RAYBN,138,I20_RC,I203
I20RC4,LZ_RAYBN,138,I20_RC,I204
JKSNL1RC,LZ_RAYBN,138,JKSSUBRC,JL1
JKSNL2RC,LZ_RAYBN,138,JKSSUBRC,JL2
JOSPH_RC1,LZ_RAYBN,138,JOSPH_RC,JOSPH_RC1
JOSPH_RC2,LZ_RAYBN,138,JOSPH_RC,JOSPH_RC2
KWARC1,LZ_RAYBN,138,KIOWA_RC,KIOWA1
KWARC2,LZ_RAYBN,138,KIOWA_RC,KIOWA2
LAVON_RC_1,LZ_RAYBN,138,LAVON_RC,LAVON_RC_2
LAVON_RC_2,LZ_RAYBN,138,LAVON_RC,LAVON_RC_1
LBDRX1RC,LZ_RAYBN,138,LBDARCRC,BX2
LBDRX2RC,LZ_RAYBN,138,LBDARCRC,BX1
LNRDX1RC,LZ_RAYBN,138,LEONRDRC,LX1
LNRDX2RC,LZ_RAYBN,138,LEONRDRC,LX2
LNRDX5RC,LZ_RAYBN,138,LEONRDRC,LX5
LIBTY_RC1,LZ_RAYBN,138,LIBTY_RC,LIBTY_RC_L_A
LIBTY_RC2,LZ_RAYBN,138,LIBTY_RC,LIBTY_RC_L_B
LKVEW_RC,LZ_RAYBN,138,LKVEW_RC,LKVEW_RC_L_A
MBNKL1RC,LZ_RAYBN,138,MBNKSSRC,MLD1
MBNKL2RC,LZ_RAYBN,138,MBNKSSRC,MLD2
MLSSA_RC1,LZ_RAYBN,138,MLSSA_RC,MLSSA_RC_L_A
MLSSA_RC2,LZ_RAYBN,138,MLSSA_RC,MLSSA_RC_L_B
MNTLB1,LZ_RAYBN,69,MNTLB2RC,BB_A
NEV_RC1,LZ_RAYBN,138,NEVAD_RC,0014
NEV_RC2,LZ_RAYBN,138,NEVAD_RC,014
NHSW_RC_1,LZ_RAYBN,138,NHSW_RC,NHSWRC1
NHSW_RC_2,LZ_RAYBN,138,NHSW_RC,NHSWRC2
NHSW_RC_3,LZ_RAYBN,138,NHSW_RC,NHSWRC3
NHSW_RC_4,LZ_RAYBN,138,NHSW_RC,NHSWRC4
NTHANNA_RC_1,LZ_RAYBN,138,NTHANARC,NTHANNA1
NTHANNA_RC_2,LZ_RAYBN,138,NTHANARC,NTHANNA2
NWTER_RC,LZ_RAYBN,138,NWTER_RC,NWTER_RC_L_A
NWWYL1,LZ_RAYBN,138,NWWYL_RC,NWWYL_RC_L_A
NWWYL2,LZ_RAYBN,138,NWWYL_RC,NWWYL_RC_L_B
NYLD1RC,LZ_RAYBN,138,NYSS_RC,NYL1
NYLD2RC,LZ_RAYBN,138,NYSS_RC,NYL2
NYLD3RC,LZ_RAYBN,138,NYSS_RC,NYL3
PATN_RC,LZ_RAYBN,138,PATN_RC,PATN_RC_L_A
PKRMX_RC1,LZ_RAYBN,138,PKRMX_RC,PKRMX_RC1BUS
PKRMX_RC2,LZ_RAYBN,138,PKRMX_RC,PKRMX_RC2BUS
PNKHL1,LZ_RAYBN,138,PNKHL_RC,PNKHL_RC_L_A
PNKHL2,LZ_RAYBN,138,PNKHL_RC,PNKHL_RC_L_B
QUINL_RC1,LZ_RAYBN,138,QUINL_RC,QUINL_RC_L_A
QUINL_RC2,LZ_RAYBN,138,QUINL_RC,QUINL_RC_L_B
RAND_RC_1,LZ_RAYBN,138,RAND_RC,RAND_RC_L_A
RAND_RC_2,LZ_RAYBN,138,RAND_RC,RAND_RC_L_B
SCURY_RC1,LZ_RAYBN,138,SCURY_RC,SCURY_RC_L_A
SCURY_RC2,LZ_RAYBN,138,SCURY_RC,SCURY_RC_L_B
SHMW1,LZ_RAYBN,138,SHMW_RC,SHMW_RC1
SHRWD_RC1,LZ_RAYBN,138,SHRWD_RC,SHRWD_RC_L_B
SHRWD_RC2,LZ_RAYBN,138,SHRWD_RC,SHRWD_RC_L_A
SUNPT_RC1,LZ_RAYBN,138,SNYPT_RC,SUNPTRC1
SUNPT_RC2,LZ_RAYBN,138,SNYPT_RC,SUNPTRC2
STONYRC1,LZ_RAYBN,138,STNPT_RC,STNPT_RC_L_A
STONYRC2,LZ_RAYBN,138,STNPT_RC,STNPT_RC_L_B
SUNOCORC1,LZ_RAYBN,138,SUNOCORC,BB_1
SUNOCORC2,LZ_RAYBN,138,SUNOCORC,BB_2
TALTY_RC_1,LZ_RAYBN,138,TALTY_RC,TALTY_RC_L_B
TALTY_RC_2,LZ_RAYBN,138,TALTY_RC,TALTY_RC_L_A
TALTY_RC_3,LZ_RAYBN,138,TALTY_RC,TALT3
TAWK_RC_1,LZ_RAYBN,138,TAWK_RC,TAWK_RC_L_A
TAWK_RC_2,LZ_RAYBN,138,TAWK_RC,TAWK_RC_L_B
TCKER_RC,LZ_RAYBN,138,TCKER_RC,TCKER_RC_L_A
TOOL_RC_1,LZ_RAYBN,138,TOOL_RC,TLT1
TOOL_RC_2,LZ_RAYBN,138,TOOL_RC,TLT2
TRNFLS1_1,LZ_RAYBN,138,TRNFLSRC,TRNFLS1
TRNFLS2_2,LZ_RAYBN,138,TRNFLSRC,TRNFLS2
UVSS_RC_1,LZ_RAYBN,138,UVSS_RC,UV01
UVSS_RC_2,LZ_RAYBN,138,UVSS_RC,UV02
WHTMD_RC1,LZ_RAYBN,138,WHTMD_RC,WHTMD_RC_L_A
WHTMD_RC2,LZ_RAYBN,138,WHTMD_RC,WHTMD_RC_L_B
SULPHR1,LZ_RAYBN,138,WHTOAKRC,SULBLF1_L_A
SULPHR2,LZ_RAYBN,138,WHTOAKRC,SULBLF2_L_B
XFMR_1,LZ_RAYBN,138,WHTS_RC,WHTS_RC_K
WIELD_RC1,LZ_RAYBN,138,WIELD_RC,WIELD_RC_L_A
WIELD_RC2,LZ_RAYBN,138,WIELD_RC,WIELD_RC_L_B
WINDM_RC,LZ_RAYBN,69,WINDM_RC,WINDM_RC_L_A
WLF_C_RC,LZ_RAYBN,138,WLF_C_RC,WLF_C_RC_L_A
WLTNL1RC,LZ_RAYBN,138,WLTN_RC,WLTN
WMFMWLD1,LZ_RAYBN,138,WMFMW_RC,EB1AAA
WMFMWLD2,LZ_RAYBN,138,WMFMW_RC,EB2AAA
WMUNS_RC1,LZ_RAYBN,138,WMUNS_RC,WMUNS_RC_L_A
WMUNS_RC2,LZ_RAYBN,138,WMUNS_RC,WMUNS_RC_L_B
WYLIE_RC1,LZ_RAYBN,138,WYLIE_RC,WYLIE_RC_L_A
WYLIE_RC2,LZ_RAYBN,138,WYLIE_RC,WYLIE_RC_L_B
