Unit Code,Generator Station Code,Generator Station Description,Generator Type,Nameplate Capacity (MW)
7RNCHSLR_UNIT1,7RNCHSLR,7V SOLAR RANCH,Solar,140
7RNCHSLR_UNIT2,7RNCHSLR,7V SOLAR RANCH,Solar,96
7RNCHSLR_UNIT3,7RNCHSLR,7V SOLAR RANCH,Solar,6
A4_DGR1,A4,PEARSAL,Thermal,35
A4_DGR2,A4,PEARSAL,Thermal,35
ABINDUST_BESS1,ABINDUST,ABILENE INDUSTRIAL PARK,Battery,10
ADL_BESS1,ADL,ADLONG SOLAR,Battery,60
ADL_SOLAR1,ADL,ADLONG SOLAR,Solar,60
AE_BESS,AE,ANGLETON,Battery,10
AEEC_ANTLP_1,AEEC,ANTELOPE ELK ENERGY CENTER,Thermal,56
AEEC_ANTLP_2,AEEC,ANTELOPE ELK ENERGY CENTER,Thermal,56
AEEC_ANTLP_3,AEEC,ANTELOPE ELK ENERGY CENTER,Thermal,56
AEEC_ELK_1,AEEC,ANTELOPE ELK ENERGY CENTER,Thermal,202
AEEC_ELK_2,AEEC,ANTELOPE ELK ENERGY CENTER,Thermal,202
AEEC_ELK_3,AEEC,ANTELOPE ELK ENERGY CENTER,Thermal,202
AGUAYO_UNIT1,AGUAYO,AGUAYO WIND,Wind,194
AJAXWIND_UNIT1,AJAXWIND,AJAX WIND,Wind,226
AJAXWIND_UNIT2,AJAXWIND,AJAX WIND,Wind,141
ALGODON_UNIT1,ALGODON,EL ALGODON ALTO WIND FARM,Wind,172
ALGODON_UNIT2,ALGODON,EL ALGODON ALTO WIND FARM,Wind,29
ALP_BESS_BESS1,ALP_BESS,AL PASTOR BESS,Battery,103
ALVIN_UNIT1,ALVIN,ALVIN TNP,Battery,10
AMADEUS1_UNIT1,AMADEUS1,AMADEUS WIND 1,Wind,37
AMADEUS1_UNIT2,AMADEUS1,AMADEUS WIND 1,Wind,36
AMADEUS2_UNIT3,AMADEUS2,AMADEUS WIND 2,Wind,178
AMISTAD_AMISTAG1,AMISTAD,AMISTAD PLANT,Hydro,35
AMISTAD_AMISTAG2,AMISTAD,AMISTAD PLANT,Hydro,35
ANACACHO_ANA,ANACACHO,ANACACHO,Wind,100
ANCHOR_BESS1,ANCHOR,ANCHOR WIND AND BESS,Battery,35
ANCHOR_BESS2,ANCHOR,ANCHOR WIND AND BESS,Battery,36
ANCHOR_WIND1,ANCHOR,ANCHOR WIND AND BESS,Wind,16
ANCHOR_WIND2,ANCHOR,ANCHOR WIND AND BESS,Wind,99
ANCHOR_WIND3,ANCHOR,ANCHOR WIND AND BESS,Wind,90
ANCHOR_WIND4,ANCHOR,ANCHOR WIND AND BESS,Wind,39
ANCHOR_WIND5,ANCHOR,ANCHOR WIND AND BESS,Wind,19
ANDMDSLR_BESS1,ANDMDSLR,ANDROMEDA SOLAR,Battery,82
ANDMDSLR_BESS2,ANDMDSLR,ANDROMEDA SOLAR,Battery,78
ANDMDSLR_UNIT1,ANDMDSLR,ANDROMEDA SOLAR,Solar,159
ANDMDSLR_UNIT2,ANDMDSLR,ANDROMEDA SOLAR,Solar,162
ANEM_ESS_BESS1,ANEM_ESS,ANEMOI ENERGY STORAGE,Battery,201
ANG_SLR_BESS1,ANG_SLR,ANGELO SOLAR,Battery,103
ANG_SLR_UNIT1,ANG_SLR,ANGELO SOLAR,Solar,195
ANGLETON_UNIT1,ANGLETON,ANGLETON TNP,Battery,10
ANOL_ESS_BES1,ANOL_ESS,ANOLE BESS,Battery,247
ANSON1_UNIT1,ANSON1,ANSON SOLAR 1,Solar,101
ANSON1_UNIT2,ANSON1,ANSON SOLAR 1,Solar,101
ANTL_ESS_BES1,ANTL_ESS,ANTLIA BESS,Battery,72
APOGEE_UNIT1,APOGEE,APOGEE WIND,Wind,25
APOGEE_UNIT2,APOGEE,APOGEE WIND,Wind,14
APOGEE_UNIT3,APOGEE,APOGEE WIND,Wind,30
APOGEE_UNIT4,APOGEE,APOGEE WIND,Wind,115
APOGEE_UNIT5,APOGEE,APOGEE WIND,Wind,110
APOGEE_UNIT6,APOGEE,APOGEE WIND,Wind,24
APOGEE_UNIT7,APOGEE,APOGEE WIND,Wind,75
APPALOSA_UNIT1,APPALOSA,APPALOOSA RUN WIND,Wind,158
APPALOSA_UNIT2,APPALOSA,APPALOOSA RUN WIND,Wind,14
AQUILLA_U1_23,AQUILLA,AQUILLA LAKE WIND,Wind,14
AQUILLA_U1_28,AQUILLA,AQUILLA LAKE WIND,Wind,135
AQUILLA_U2_23,AQUILLA,AQUILLA LAKE WIND,Wind,7
AQUILLA_U2_28,AQUILLA,AQUILLA LAKE WIND,Wind,144
ARAGORN_UNIT1,ARAGORN,ARAGORN SOLAR,Solar,188
ARY_BESS_BESS1,ARY_BESS,ARROYO STORAGE,Battery,184
ASCK_SLR_SOLAR1,ASCK_SLR,ASH CREEK SOLAR,Solar,207
ASCK_SLR_SOLAR2,ASCK_SLR,ASH CREEK SOLAR,Solar,211
ATKINS_ATKINSG7,ATKINS,ATKINS,Thermal,21
AURO_SLR_UNIT1,AURO_SLR,AUREOLA SOLAR,Solar,202
AUSTPL_AUSTING1,AUSTPL,AUSTIN PLANT,Hydro,9
AUSTPL_AUSTING2,AUSTPL,AUSTIN PLANT,Hydro,9
AVIATOR_UNIT1,AVIATOR,AVIATOR WIND,Wind,180
AVIATOR_UNIT2,AVIATOR,AVIATOR WIND,Wind,146
AVIL_ESS_BES1,AVIL_ESS,AVILA BESS,Battery,164
AZ_AZ_G1,AZ,AIRPRO,Thermal,38
AZ_AZ_G2,AZ,AIRPRO,Thermal,38
AZ_AZ_G3,AZ,AIRPRO,Thermal,38
AZ_AZ_G4,AZ,AIRPRO,Thermal,38
AZSP_SLR_SOLAR1,AZSP_SLR,AZALEA SPRINGS SOLAR,Solar,181
AZURE_BESS1,AZURE,AZURE SKY SOLAR AND BESS,Battery,78
AZURE_SOLAR1,AZURE,AZURE SKY SOLAR AND BESS,Solar,75
AZURE_SOLAR2,AZURE,AZURE SKY SOLAR AND BESS,Solar,154
B_DAVIS_B_DAVIG1,B_DAVIS,BARNEY DAVIS,Thermal,353
B_DAVIS_B_DAVIG2,B_DAVIS,BARNEY DAVIS,Thermal,351
B_DAVIS_B_DAVIG3,B_DAVIS,BARNEY DAVIS,Thermal,190
B_DAVIS_B_DAVIG4,B_DAVIS,BARNEY DAVIS,Thermal,190
BAC_CTG1,BAC,PHR GT PEAKER PROJECT,Thermal,65
BAC_CTG2,BAC,PHR GT PEAKER PROJECT,Thermal,65
BAC_CTG3,BAC,PHR GT PEAKER PROJECT,Thermal,65
BAC_CTG4,BAC,PHR GT PEAKER PROJECT,Thermal,65
BAC_CTG5,BAC,PHR GT PEAKER PROJECT,Thermal,65
BAC_CTG6,BAC,PHR GT PEAKER PROJECT,Thermal,65
BAFFIN_UNIT1,BAFFIN,BAFFIN WIND PROJECT,Wind,100
BAFFIN_UNIT2,BAFFIN,BAFFIN WIND PROJECT,Wind,102
BAIRDWND_UNIT1,BAIRDWND,BAIRD NORTH WIND,Wind,195
BAIRDWND_UNIT2,BAIRDWND,BAIRD NORTH WIND,Wind,145
BAKE_SLR_UNIT1,BAKE_SLR,BAKER BRANCH SOLAR,Solar,235
BAKE_SLR_UNIT2,BAKE_SLR,BAKER BRANCH SOLAR,Solar,235
BARROW_UNIT1,BARROW,BARROW RANCH,Wind,90
BARROW_UNIT2,BARROW,BARROW RANCH,Wind,71
BASTEN_GTG1100,BASTEN,BASTROP ENERGY CENTER,Thermal,188
BASTEN_GTG2100,BASTEN,BASTROP ENERGY CENTER,Thermal,188
BASTEN_ST0100,BASTEN,BASTROP ENERGY CENTER,Thermal,242
BATCAVE_BES1,BATCAVE,BAT CAVE ENERGY STORAGE,Battery,101
BAY_CITY_BESS,BAY_CITY,BAY CITY,Battery,10
BBREEZE_UNIT1,BBREEZE,BRUENNINGS BREEZE,Wind,120
BBREEZE_UNIT2,BBREEZE,BRUENNINGS BREEZE,Wind,108
BCATWIND_WIND_1,BCATWIND,BOBCAT BLUFF,Wind,162
BCH_UNIT1,BCH,BEACHWOOD POWER STATION,Thermal,61
BCH_UNIT2,BCH,BEACHWOOD POWER STATION,Thermal,61
BCH_UNIT3,BCH,BEACHWOOD POWER STATION,Thermal,61
BCH_UNIT4,BCH,BEACHWOOD POWER STATION,Thermal,61
BCH_UNIT5,BCH,BEACHWOOD POWER STATION,Thermal,61
BCH_UNIT6,BCH,BEACHWOOD POWER STATION,Thermal,61
BCH_UNIT7,BCH,BEACHWOOD POWER STATION,Thermal,61
BCH_UNIT8,BCH,BEACHWOOD POWER STATION,Thermal,61
BCK_UNIT1,BCK,BUFFALO CREEK,Solar,218
BCK_UNIT2,BCK,BUFFALO CREEK,Solar,221
BCNV_ESS_BESS1,BCNV_ESS,BOCANOVA ENERGY STORAGE,Battery,150
BELD_BELU1,BELD,BELDING TNP,Battery,9
BELM_SLR_UNIT1,BELM_SLR,BIG ELM SOLAR,Solar,200
BEXAR_ES_BESS1,BEXAR_ES,BEXAR ESS,Battery,102
BIG_STAR_BESS,BIG_STAR,BIG STAR SOLAR,Battery,80
BIG_STAR_UNIT1,BIG_STAR,BIG STAR SOLAR,Solar,132
BIG_STAR_UNIT2,BIG_STAR,BIG STAR SOLAR,Solar,71
BIGSAMWD_UNIT1,BIGSAMWD,BIG SAMPSON WIND,Wind,133
BIGSAMWD_UNIT2,BIGSAMWD,BIG SAMPSON WIND,Wind,133
BKSL_ESS_BESS1,BKSL_ESS,BURKSOL BESS,Battery,103
BLACKJAK_UNIT1,BLACKJAK,BLACKJACK CREEK WIND FARM,Wind,120
BLACKJAK_UNIT2,BLACKJAK,BLACKJACK CREEK WIND FARM,Wind,120
BLACKSPR_UNIT1,BLACKSPR,BLACK SPRINGS BESS,Battery,121
BLSUMIT3_UNIT_17,BLSUMIT3,BLUE SUMMIT 3,Wind,14
BLSUMIT3_UNIT_25,BLSUMIT3,BLUE SUMMIT 3,Wind,187
BLSUMMIT_BATTERY,BLSUMMIT,BLUE SUMMIT,Battery,30
BLSUMMIT_BLSMT1_5,BLSUMMIT,BLUE SUMMIT,Wind,133
BLSUMMIT_BLSMT1_6,BLSUMMIT,BLUE SUMMIT,Wind,7
BLSUMMIT_UNIT2_17,BLSUMMIT,BLUE SUMMIT,Wind,7
BLSUMMIT_UNIT2_25,BLSUMMIT,BLUE SUMMIT,Wind,93
BLUEJAY_BESS1,BLUEJAY,BLUE JAY SOLAR AND BESS,Battery,52
BLUEJAY_UNIT1,BLUEJAY,BLUE JAY SOLAR AND BESS,Solar,69
BLUEJAY_UNIT2,BLUEJAY,BLUE JAY SOLAR AND BESS,Solar,141
BLVN_SLR_BESS1,BLVN_SLR,BLEVINS SOLAR AND STORAGE,Battery,188
BLVN_SLR_SOLAR2,BLVN_SLR,BLEVINS SOLAR AND STORAGE,Solar,132
BLVN_SLR_SOLAR3,BLVN_SLR,BLEVINS SOLAR AND STORAGE,Solar,140
BOARDCRK_UNIT1,BOARDCRK,BOARD CREEK WIND,Wind,109
BOARDCRK_UNIT2,BOARDCRK,BOARD CREEK WIND,Wind,190
BOCO_ESS_ESS1,BOCO_ESS,BORDEN COUNTY BATTERY ENERGY STORAGE,Battery,154
BOOTLEG_UNIT1,BOOTLEG,EAST PECOS SOLAR,Solar,126
BORDAS_JAVEL18,BORDAS,JAVELINA WIND ENERGY PROJECT,Wind,20
BORDAS_JAVEL20,BORDAS,JAVELINA WIND ENERGY PROJECT,Wind,230
BORDAS2_JAVEL2_A,BORDAS2,JAVELINA WIND ENERGY PROJECT 2,Wind,96
BORDAS2_JAVEL2_B,BORDAS2,JAVELINA WIND ENERGY PROJECT 2,Wind,74
BORDAS2_JAVEL2_C,BORDAS2,JAVELINA WIND ENERGY PROJECT 2,Wind,30
BR_ARROW_BESS1,BR_ARROW,BRIGHT ARROW SOLAR,Battery,49
BR_ARROW_BESS2,BR_ARROW,BRIGHT ARROW SOLAR,Battery,53
BR_ARROW_UNIT1,BR_ARROW,BRIGHT ARROW SOLAR,Solar,127
BR_ARROW_UNIT2,BR_ARROW,BRIGHT ARROW SOLAR,Solar,174
BRAUNIG_AVR1_CT1,BRAUNIG,BRAUNIG,Thermal,189
BRAUNIG_AVR1_CT2,BRAUNIG,BRAUNIG,Thermal,189
BRAUNIG_AVR1_ST,BRAUNIG,BRAUNIG,Thermal,222
BRAUNIG_VHB1,BRAUNIG,BRAUNIG,Thermal,225
BRAUNIG_VHB2,BRAUNIG,BRAUNIG,Thermal,240
BRAUNIG_VHB3,BRAUNIG,BRAUNIG,Thermal,420
BRAUNIG_VHB6CT5,BRAUNIG,BRAUNIG,Thermal,65
BRAUNIG_VHB6CT6,BRAUNIG,BRAUNIG,Thermal,65
BRAUNIG_VHB6CT7,BRAUNIG,BRAUNIG,Thermal,65
BRAUNIG_VHB6CT8,BRAUNIG,BRAUNIG,Thermal,65
BRAZ_WND_WND1,BRAZ_WND,GREEN MOUNTAIN ENERGY WIND FARM AT BRAZOS,Wind,120
BRAZ_WND_WND2,BRAZ_WND,GREEN MOUNTAIN ENERGY WIND FARM AT BRAZOS,Wind,62
BRAZORIA_UNIT1,BRAZORIA,BRAZORIA TNP,Battery,10
BRIGHTSD_UNIT1,BRIGHTSD,BRIGHTSIDE SOLAR,Solar,53
BRTSW_BCW1,BRTSW,BARTON CHAPEL WIND FARM,Wind,120
BTM_UNIT1,BTM,BROTMAN POWER STATION,Thermal,61
BTM_UNIT2,BTM,BROTMAN POWER STATION,Thermal,61
BTM_UNIT3,BTM,BROTMAN POWER STATION,Thermal,61
BTM_UNIT4,BTM,BROTMAN POWER STATION,Thermal,61
BTM_UNIT5,BTM,BROTMAN POWER STATION,Thermal,61
BTM_UNIT6,BTM,BROTMAN POWER STATION,Thermal,61
BTM_UNIT7,BTM,BROTMAN POWER STATION,Thermal,61
BTM_UNIT8,BTM,BROTMAN POWER STATION,Thermal,61
BUCHAN_BUCHANG1,BUCHAN,BUCHANAN,Hydro,18
BUCHAN_BUCHANG2,BUCHAN,BUCHANAN,Hydro,18
BUCHAN_BUCHANG3,BUCHAN,BUCHANAN,Hydro,18
BUCKTHRN_UNIT1,BUCKTHRN,BUCKTHORN WIND,Wind,45
BUCKTHRN_UNIT2,BUCKTHRN,BUCKTHORN WIND,Wind,56
BUDA_BES1,BUDA,BUDA,Battery,10
BUFF_GAP_UNIT1,BUFF_GAP,BUFFALO GAP WIND FARM,Wind,121
BUFF_GAP_UNIT2_1,BUFF_GAP,BUFFALO GAP WIND FARM,Wind,116
BUFF_GAP_UNIT2_2,BUFF_GAP,BUFFALO GAP WIND FARM,Wind,117
BUFF_GAP_UNIT3,BUFF_GAP,BUFFALO GAP WIND FARM,Wind,170
BULLCRK_WND1,BULLCRK,BULL CREEK WIND,Wind,89
BULLCRK_WND2,BULLCRK,BULL CREEK WIND,Wind,91
BUZI_SLR_UNIT1,BUZI_SLR,BUZIOS SOLAR,Solar,6
BUZI_SLR_UNIT2,BUZI_SLR,BUZIOS SOLAR,Solar,120
BUZI_SLR_UNIT3,BUZI_SLR,BUZIOS SOLAR,Solar,107
BUZI_SLR_UNIT4,BUZI_SLR,BUZIOS SOLAR,Solar,19
BVE_UNIT1,BVE,BRAZOS VALLEY ENERGY,Thermal,199
BVE_UNIT2,BVE,BRAZOS VALLEY ENERGY,Thermal,199
BVE_UNIT3,BVE,BRAZOS VALLEY ENERGY,Thermal,275
BYRDR_ES_BESS1,BYRDR_ES,BYRD RANCH ENERGY STORAGE PLANT,Battery,51
CABEZON_WIND1,CABEZON,CABEZON,Wind,115
CABEZON_WIND2,CABEZON,CABEZON,Wind,122
CACH_ESS_BESS1,CACH_ESS,CACHI BESS,Battery,205
CALAVERS_JKS1,CALAVERS,CALAVERAS,Thermal,555
CALAVERS_JKS2,CALAVERS,CALAVERAS,Thermal,922
CALAVERS_OWS1,CALAVERS,CALAVERAS,Thermal,445
CALAVERS_OWS2,CALAVERS,CALAVERAS,Thermal,435
CALHOUN_UNIT1,CALHOUN,CALHOUN SUBSTATION,Thermal,61
CALHOUN_UNIT2,CALHOUN,CALHOUN SUBSTATION,Thermal,61
CALLAHAN_WND1,CALLAHAN,CALLAHAN WINDFARM FPL,Wind,123
CAMWIND_BESS1,CAMWIND,CAMERON WINDFARM,Battery,17
CAMWIND_UNIT1,CAMWIND,CAMERON WINDFARM,Wind,165
CANYONWD_UNIT1,CANYONWD,CANYON WIND,Wind,147
CANYONWD_UNIT2,CANYONWD,CANYON WIND,Wind,3
CANYONWD_UNIT3,CANYONWD,CANYON WIND,Wind,59
CANYONWD_UNIT4,CANYONWD,CANYON WIND,Wind,20
CANYONWD_UNIT5,CANYONWD,CANYON WIND,Wind,68
CANYONWD_UNIT6,CANYONWD,CANYON WIND,Wind,13
CAPRIDG4_BB_PV,CAPRIDG4,CAPRICORN RIDGE 4,Solar,30
CAPRIDG4_BB2_PV1,CAPRIDG4,CAPRICORN RIDGE 4,Solar,100
CAPRIDG4_BB2_PV2,CAPRIDG4,CAPRICORN RIDGE 4,Solar,15
CAPRIDG4_CR4,CAPRIDG4,CAPRICORN RIDGE 4,Wind,122
CAPRIDGE_CR1,CAPRIDGE,CAPRICORN RIDGE,Wind,232
CAPRIDGE_CR2,CAPRIDGE,CAPRICORN RIDGE,Wind,150
CAPRIDGE_CR3,CAPRIDGE,CAPRICORN RIDGE,Wind,201
CARN_ESS_BES1,CARN_ESS,CARINA BESS,Battery,154
CARRIZO_BESS1,CARRIZO,CARRIZO  SPRINGS,Battery,10
CARTWHL_BESS1,CARTWHL,CARTWHEEL BESS,Battery,154
CASL_GAP_BATTERY1,CASL_GAP,CASTLE GAP,Battery,10
CASL_GAP_UNIT1,CASL_GAP,CASTLE GAP,Solar,180
CATARINA_BESS,CATARINA,CATARINA,Battery,10
CBEC_GT1,CBEC,COLORADO BEND ENERGY CENTER,Thermal,87
CBEC_GT11,CBEC,COLORADO BEND ENERGY CENTER,Thermal,42
CBEC_GT12,CBEC,COLORADO BEND ENERGY CENTER,Thermal,42
CBEC_GT2,CBEC,COLORADO BEND ENERGY CENTER,Thermal,87
CBEC_GT3,CBEC,COLORADO BEND ENERGY CENTER,Thermal,87
CBEC_GT4,CBEC,COLORADO BEND ENERGY CENTER,Thermal,87
CBEC_STG1,CBEC,COLORADO BEND ENERGY CENTER,Thermal,105
CBEC_STG2,CBEC,COLORADO BEND ENERGY CENTER,Thermal,109
CBECII_CT7,CBECII,COLORADO BEND II,Thermal,361
CBECII_CT8,CBECII,COLORADO BEND II,Thermal,361
CBECII_STG9,CBECII,COLORADO BEND II,Thermal,509
CBY_CBY_G1,CBY,CEDAR BAYOU PLANT,Thermal,765
CBY_CBY_G2,CBY,CEDAR BAYOU PLANT,Thermal,765
CBY4_CT41,CBY4,CEDAR BAYOU 4,Thermal,205
CBY4_CT42,CBY4,CEDAR BAYOU 4,Thermal,205
CBY4_ST04,CBY4,CEDAR BAYOU 4,Thermal,205
CEDROHIL_CHW1,CEDROHIL,CEDRO HILL WIND FARM,Wind,79
CEDROHIL_CHW2,CEDROHIL,CEDRO HILL WIND FARM,Wind,78
CEDRVALE_BESS,CEDRVALE,CEDARVALE SUB TNP,Battery,10
CFLATS_U1,CFLATS,CFLATS SUBSTATION,Wind,148
CHALUPA_UNIT1,CHALUPA,CHALUPA WIND,Wind,173
CHALUPA_UNIT2,CHALUPA,CHALUPA WIND,Wind,25
CHAMON_CTG_0101,CHAMON,CHAMON POWER,Thermal,61
CHAMON_CTG_0301,CHAMON,CHAMON POWER,Thermal,61
CHAMPION_UNIT1,CHAMPION,CHAMPION WIND FARM,Wind,98
CHAMPION_UNIT2,CHAMPION,CHAMPION WIND FARM,Wind,18
CHAMPION_UNIT3,CHAMPION,CHAMPION WIND FARM,Wind,9
CHERRYCR_BESS,CHERRYCR,CHERRY CREEK,Battery,10
CHIL_SLR_BESS1,CHIL_SLR,CHILLINGHAM SOLAR,Battery,154
CHIL_SLR_SOLAR1,CHIL_SLR,CHILLINGHAM SOLAR,Solar,174
CHIL_SLR_SOLAR2,CHIL_SLR,CHILLINGHAM SOLAR,Solar,178
CHISMGRD_BES1,CHISMGRD,CHISHOLM GRID,Battery,102
CISC_BESS,CISC,CISCO,Battery,10
CITRUSCY_BESS1,CITRUSCY,CITRUS CITY,Battery,10
CITYVICT_CTG01,CITYVICT,TRES CITY,Thermal,61
CITYVICT_CTG02,CITYVICT,TRES CITY,Thermal,61
CLO_BESS1,CLO,CALLISTO I ENERGY CENTER,Battery,102
CLO_BESS2,CLO,CALLISTO I ENERGY CENTER,Battery,102
CMPD_SLR_SOLAR1,CMPD_SLR,COMPADRE SOLAR,Solar,195
CMPD_SLR_SOLAR2,CMPD_SLR,COMPADRE SOLAR,Solar,211
CNLY_ESS_BESS_1,CNLY_ESS,CONNOLLY ENERGY STORAGE,Battery,125
CNTRY_BESS1,CNTRY,CENTURY,Battery,10
CNTYRDS_BES1,CNTYRDS,COUNTY RD SUB TNP,Battery,10
COLETO_COLETOG1,COLETO,COLETO CREEK,Thermal,650
CONIGLIO_UNIT1,CONIGLIO,CONIGLIO SOLAR,Solar,126
CONTINEN_BESS1,CONTINEN,CONTINENTAL,Battery,10
CORALSLR_BESS1,CORALSLR,CORAL SOLAR AND STORAGE,Battery,48
CORALSLR_BESS2,CORALSLR,CORAL SOLAR AND STORAGE,Battery,52
CORALSLR_SOLAR1,CORALSLR,CORAL SOLAR AND STORAGE,Solar,98
CORALSLR_SOLAR2,CORALSLR,CORAL SOLAR AND STORAGE,Solar,56
CORAZON_BESS1,CORAZON,CORAZON SOLAR AND STORAGE,Battery,205
CORAZON_UNIT1,CORAZON,CORAZON SOLAR AND STORAGE,Solar,203
COTTON_PAP2,COTTON,PAPALOTE CREEK II,Wind,200
COTULLA_BESS1,COTULLA,COTULLA,Battery,10
COYOTE_W_UNIT1,COYOTE_W,COYOTE WIND,Wind,90
COYOTE_W_UNIT2,COYOTE_W,COYOTE WIND,Wind,27
COYOTE_W_UNIT3,COYOTE_W,COYOTE WIND,Wind,126
COYOTSPR_AGR1,COYOTSPR,COYOTE SPRING TNP,Thermal,10
COYOTSPR_BESS,COYOTSPR,COYOTE SPRING TNP,Battery,10
CPSES_UNIT1,CPSES,COMANCHE PEAK SES,Nuclear,1269
CPSES_UNIT2,CPSES,COMANCHE PEAK SES,Nuclear,1269
CR_BESS1,CR,CROCKETT,Battery,10
CRANELL_UNIT1,CRANELL,CRANELL WIND,Wind,220
CRAWFISH_UNIT1,CRAWFISH,CRAWFISH WIND,Wind,163
CROSSETT_BES1,CROSSETT,CROSSETT POWER,Battery,102
CROSSETT_BES2,CROSSETT,CROSSETT POWER,Battery,102
CROSSTRL_BESS1,CROSSTRL,CROSS TRAILS STORAGE,Battery,58
CRWN_SLR_UNIT1,CRWN_SLR,CROWN SOLAR,Solar,101
CS_BESS,CS,CROSBY,Battery,10
CSEC_CSECG1,CSEC,CAMP SPRINGS ENERGY CENTER,Wind,134
CSEC_CSECG2,CSEC,CAMP SPRINGS ENERGY CENTER,Wind,124
CTW_BESS1,CTW,COTTONWOOD BAYOU SOLAR,Battery,153
CTW_SOLAR1,CTW,COTTONWOOD BAYOU SOLAR,Solar,176
CTW_SOLAR2,CTW,COTTONWOOD BAYOU SOLAR,Solar,176
CVC_CVC_G1,CVC,CHANNELVIEW COGEN,Thermal,192
CVC_CVC_G2,CVC,CHANNELVIEW COGEN,Thermal,192
CVC_CVC_G3,CVC,CHANNELVIEW COGEN,Thermal,192
CVC_CVC_G5,CVC,CHANNELVIEW COGEN,Thermal,150
DA_BESS,DA,DAMON,Battery,5
DA_BESS2,DA,DAMON,Battery,10
DAG_UNIT1,DAG,DANCIGER SOLAR,Solar,101
DAG_UNIT2,DAG,DANCIGER SOLAR,Solar,101
DAN_BESS1,DAN,DANISH FIELDS,Battery,78
DAN_BESS2,DAN,DANISH FIELDS,Battery,75
DAN_UNIT1,DAN,DANISH FIELDS,Solar,301
DAN_UNIT2,DAN,DANISH FIELDS,Solar,151
DAN_UNIT3,DAN,DANISH FIELDS,Solar,151
DANSBY_DANSBYG1,DANSBY,BRYN_DANSBY,Thermal,120
DANSBY_DANSBYG2,DANSBY,BRYN_DANSBY,Thermal,48
DANSBY_DANSBYG3,DANSBY,BRYN_DANSBY,Thermal,50
DCSES_BES1,DCSES,DECORDOVA SES,Battery,67
DCSES_BES2,DCSES,DECORDOVA SES,Battery,67
DCSES_BES3,DCSES,DECORDOVA SES,Battery,64
DCSES_BES4,DCSES,DECORDOVA SES,Battery,64
DCSES_CT10,DCSES,DECORDOVA SES,Thermal,89
DCSES_CT20,DCSES,DECORDOVA SES,Thermal,89
DCSES_CT30,DCSES,DECORDOVA SES,Thermal,89
DCSES_CT40,DCSES,DECORDOVA SES,Thermal,89
DDPEC_GT1,DDPEC,DEER PARK ENERGY CENTER,Thermal,190
DDPEC_GT2,DDPEC,DEER PARK ENERGY CENTER,Thermal,190
DDPEC_GT3,DDPEC,DEER PARK ENERGY CENTER,Thermal,190
DDPEC_GT4,DDPEC,DEER PARK ENERGY CENTER,Thermal,190
DDPEC_GT6,DDPEC,DEER PARK ENERGY CENTER,Thermal,199
DDPEC_ST1,DDPEC,DEER PARK ENERGY CENTER,Thermal,275
DEC_AGR_A,DEC,DENTON ENERGY CENTER,Thermal,56
DEC_AGR_B,DEC,DENTON ENERGY CENTER,Thermal,56
DEC_AGR_C,DEC,DENTON ENERGY CENTER,Thermal,56
DEC_AGR_D,DEC,DENTON ENERGY CENTER,Thermal,56
DECKER_DPGT_1,DECKER,DECKER POWER PLANT,Thermal,57
DECKER_DPGT_2,DECKER,DECKER POWER PLANT,Thermal,57
DECKER_DPGT_3,DECKER,DECKER POWER PLANT,Thermal,57
DECKER_DPGT_4,DECKER,DECKER POWER PLANT,Thermal,57
DELILA_1_G1,DELILA_1,DELILAH SOLAR 1,Solar,154
DELILA_1_G2,DELILA_1,DELILAH SOLAR 1,Solar,154
DELILA_2_G1,DELILA_2,DELILAH SOLAR 2,Solar,107
DELILA_2_G2,DELILA_2,DELILAH SOLAR 2,Solar,103
DELILA_2_G3,DELILA_2,DELILAH SOLAR 2,Solar,107
DERMOTT_UNIT1,DERMOTT,DERMOTT WIND,Wind,127
DERMOTT_UNIT2,DERMOTT,DERMOTT WIND,Wind,127
DEWOLF_UNIT1,DEWOLF,DEWOLF EAST,Wind,199
DGFS_ESR_BESS1,DGFS_ESR,DOGFISH ENERGY STORAGE,Battery,78
DIBOL_BESS,DIBOL,DIBOLL,Battery,10
DICKNSON_UNIT1,DICKNSON,DICKINSON TNP,Battery,10
DIGBY_UNIT1,DIGBY,DIGBY SUBSTATION,Wind,101
DIGBY_UNIT2,DIGBY,DIGBY SUBSTATION,Wind,134
DILEOSLR_UNIT1,DILEOSLR,DILEO SOLAR,Solar,71
DIVR_SLR_SOLAR1,DIVR_SLR,DIVER SOLAR,Solar,71
DIVR_SLR_SOLAR2,DIVR_SLR,DIVER SOLAR,Solar,155
DKNS_ESS_BES1,DKNS_ESS,DICKENS BESS,Battery,50
DKNS_ESS_BES2,DKNS_ESS,DICKENS BESS,Battery,50
DKNS_ESS_BES3,DKNS_ESS,DICKENS BESS,Battery,50
DKNS_ESS_BES4,DKNS_ESS,DICKENS BESS,Battery,50
DMA_SOLAR1,DMA,DAMAZO SOLAR,Solar,100
DNDAM_DENISOG1,DNDAM,DENISON DAM,Hydro,51
DNDAM_DENISOG2,DNDAM,DENISON DAM,Hydro,51
DPCRK_UNIT1,DPCRK,DEEP CREEK SUB,Battery,10
DRCK_SLR_SOLAR1,DRCK_SLR,DRY CREEK SOLAR,Solar,200
DSWL_ESS_BES1,DSWL_ESS,DESERT WILLOW BESS,Battery,154
DUKE_DUKE_GT1,DUKE,DUKE / HEC,Thermal,177
DUKE_DUKE_GT2,DUKE,DUKE / HEC,Thermal,177
DUKE_DUKE_ST1,DUKE,DUKE / HEC,Thermal,198
E_BLACK_UNIT_1,E_BLACK,EAST BLACKLAND SOLAR,Solar,144
E_HARRIS_BESS1,E_HARRIS,EAST HARRISON,Battery,10
EBELLSL2_UNIT1,EBELLSL2,EASTBELL MILAM SOLAR II,Solar,151
EBELLSLR_UNIT1,EBELLSLR,EASTBELL MILAM SOLAR,Solar,245
EBNY_ESS_BESS1,EBNY_ESS,EBONY ENERGY STORAGE,Battery,201
ECEC_G1,ECEC,ECTOR COUNTY ENERGY CENTER LLC,Thermal,179
ECEC_G2,ECEC,ECTOR COUNTY ENERGY CENTER LLC,Thermal,179
ECLIPSE_UNIT1,ECLIPSE,BRACKETTVILLE SOLAR,Solar,38
EGROVESL_UNIT1,EGROVESL,EMERALD GROVE SOLAR,Solar,110
EIFSLR_UNIT1,EIFSLR,EIFFEL SOLAR,Solar,241
EL_RAYO_UNIT1,EL_RAYO,EL RAYO WIND FARM,Wind,101
EL_RAYO_UNIT2,EL_RAYO,EL RAYO WIND FARM,Wind,99
ELARA_SL_UNIT1,ELARA_SL,ELARA SOLAR,Solar,132
ELLISSLR_UNIT1,ELLISSLR,ELLIS SOLAR,Solar,81
ELM_ST_BES1,ELM_ST,ELM STREET TNP,Battery,10
ELMCRK_BESS1,ELMCRK,ABILENE ELMCREEK,Battery,10
ELSA_BESS,ELSA,ELSA,Battery,10
ELSAUZ_UNIT1,ELSAUZ,EL SAUZ RANCH WIND,Wind,153
ELSAUZ_UNIT2,ELSAUZ,EL SAUZ RANCH WIND,Wind,149
ELZA_SLR_BES1,ELZA_SLR,ELIZA SOLAR AND STORAGE,Battery,100
ELZA_SLR_SOLAR1,ELZA_SLR,ELIZA SOLAR AND STORAGE,Solar,152
EMPCT_BESS1,EMPCT,EMPIRE CENTRAL,Battery,10
ENDPARKS_ESS1,ENDPARKS,ENDURANCE PARK STROAGE,Battery,52
ESCONDID_BESS1,ESCONDID,ESCONDIDO,Battery,10
ESTONIAN_BES1,ESTONIAN,ESTONIAN SOLAR AND STORAGE,Battery,102
ESTONIAN_SOLAR1,ESTONIAN,ESTONIAN SOLAR AND STORAGE,Solar,88
ESTONIAN_SOLAR2,ESTONIAN,ESTONIAN SOLAR AND STORAGE,Solar,114
ETCCS_CT1,ETCCS,ENNIS TRACTEBEL,Thermal,260
ETCCS_UNIT1,ETCCS,ENNIS TRACTEBEL,Thermal,140
EUNICE_BES1,EUNICE,EUNICE SOLAR AND STORAGE,Battery,40
EUNICE_PV1,EUNICE,EUNICE SOLAR AND STORAGE,Solar,190
EUNICE_PV2,EUNICE,EUNICE SOLAR AND STORAGE,Solar,237
EVLN_ESS_BESS1,EVLN_ESS,EVELYN ENERGY STORAGE,Battery,228
EXGNSND_WIND_1,EXGNSND,SENDERO WIND ENERGY,Wind,78
EXGNWTL_WIND_1,EXGNWTL,WHITETAIL WIND ENERGY,Wind,92
FAGUSSLR_UNIT2,FAGUSSLR,FAGUS SOLAR,Solar,166
FAGUSSLR_UNIT3,FAGUSSLR,FAGUS SOLAR,Solar,167
FALCON_FALCONG1,FALCON,FALCON HYDRO,Hydro,11
FALCON_FALCONG2,FALCON,FALCON HYDRO,Hydro,11
FALCON_FALCONG3,FALCON,FALCON HYDRO,Hydro,11
FALFUR_BESS,FALFUR,FALFURRIAS,Battery,10
FALFUR_BESS1,FALFUR,FALFURRIAS,Battery,10
FAULKNER_BESS,FAULKNER,FAULKNER TOYAH TNP,Battery,10
FEGC_CTG2,FEGC,FRIENDSWOOD ENERGY GENCO,Thermal,48
FEGC_CTG3,FEGC,FRIENDSWOOD ENERGY GENCO,Thermal,48
FEGC_CTG4,FEGC,FRIENDSWOOD ENERGY GENCO,Thermal,48
FEGC_UNIT1,FEGC,FRIENDSWOOD ENERGY GENCO,Thermal,129
FENCESLR_BESS1,FENCESLR,FENCE POST SOLAR AND BESS,Battery,73
FENCESLR_SOLAR1,FENCESLR,FENCE POST SOLAR AND BESS,Solar,141
FENCESLR_SOLAR2,FENCESLR,FENCE POST SOLAR AND BESS,Solar,100
FERGCC_FERGGT1,FERGCC,FERGUSON REPLACEMENT PROJECT (FRP),Thermal,185
FERGCC_FERGGT2,FERGCC,FERGUSON REPLACEMENT PROJECT (FRP),Thermal,185
FERGCC_FERGST1,FERGCC,FERGUSON REPLACEMENT PROJECT (FRP),Thermal,204
FERMI_WIND1,FERMI,FERMI SUBSTATION,Wind,122
FERMI_WIND2,FERMI,FERMI SUBSTATION,Wind,27
FILESSLR_PV1,FILESSLR,FILES SOLAR,Solar,146
FIVEWSLR_BESS1,FIVEWSLR,FIVE WELLS SOLAR AND STORAGE,Battery,229
FIVEWSLR_UNIT1,FIVEWSLR,FIVE WELLS SOLAR AND STORAGE,Solar,200
FIVEWSLR_UNIT2,FIVEWSLR,FIVE WELLS SOLAR AND STORAGE,Solar,121
FLAT_TOP_BESS1,FLAT_TOP,FLAT TOP TNP,Battery,10
FLAT_TOP_FLATU1,FLAT_TOP,FLAT TOP TNP,Battery,10
FLCNS_UNIT1,FLCNS,FALCON SEABOARD,Thermal,75
FLCNS_UNIT2,FLCNS,FALCON SEABOARD,Thermal,75
FLOWERII_BESS1,FLOWERII,FLOWER VALLEY II,Battery,102
FLTCK_SSI,FLTCK,FLAT CREEK SWITCH,Wind,53
FLUVANNA_UNIT1,FLUVANNA,FLUVANNA WIND,Wind,80
FLUVANNA_UNIT2,FLUVANNA,FLUVANNA WIND,Wind,76
FOARDCTY_UNIT1,FOARDCTY,FOARD CITY WIND LLC,Wind,186
FOARDCTY_UNIT2,FOARDCTY,FOARD CITY WIND LLC,Wind,164
FORTMA_BESS1,FORTMA,FORT MASON,Battery,10
FOXTROT_UNIT1,FOXTROT,FOXTROT WIND,Wind,130
FOXTROT_UNIT2,FOXTROT,FOXTROT WIND,Wind,84
FOXTROT_UNIT3,FOXTROT,FOXTROT WIND,Wind,54
FPPYD1_FPP_G1,FPPYD1,FAYETTE PLANT 1 AND 2,Thermal,615
FPPYD1_FPP_G2,FPPYD1,FAYETTE PLANT 1 AND 2,Thermal,615
FPPYD2_FPP_G3,FPPYD2,FAYETTE PLANT 3,Thermal,460
FREC_GT1,FREC,FREESTONE ENERGY CENTER,Thermal,179
FREC_GT2,FREC,FREESTONE ENERGY CENTER,Thermal,179
FREC_GT4,FREC,FREESTONE ENERGY CENTER,Thermal,179
FREC_GT5,FREC,FREESTONE ENERGY CENTER,Thermal,179
FREC_ST3,FREC,FREESTONE ENERGY CENTER,Thermal,191
FREC_ST6,FREC,FREESTONE ENERGY CENTER,Thermal,191
FRMRSVLW_BES2,FRMRSVLW,FARMERSVILLE WEST TNP,Battery,10
FRMRSVLW_BESS,FRMRSVLW,FARMERSVILLE WEST TNP,Battery,10
FRNYPP_GT11,FRNYPP,FORNEY,Thermal,197
FRNYPP_GT12,FRNYPP,FORNEY,Thermal,197
FRNYPP_GT13,FRNYPP,FORNEY,Thermal,197
FRNYPP_GT21,FRNYPP,FORNEY,Thermal,197
FRNYPP_GT22,FRNYPP,FORNEY,Thermal,197
FRNYPP_GT23,FRNYPP,FORNEY,Thermal,197
FRNYPP_ST10,FRNYPP,FORNEY,Thermal,422
FRNYPP_ST20,FRNYPP,FORNEY,Thermal,422
FRONT_EC_CT1,FRONT_EC,FRONTERA ENERGY CENTER,Thermal,177
FRONT_EC_CT2,FRONT_EC,FRONTERA ENERGY CENTER,Thermal,177
FRONT_EC_ST,FRONT_EC,FRONTERA ENERGY CENTER,Thermal,185
FRYE_SLR_UNIT1,FRYE_SLR,FRYE SOLAR,Solar,251
FRYE_SLR_UNIT2,FRYE_SLR,FRYE SOLAR,Solar,251
FTDUNCAN_BESS_GEN,FTDUNCAN,FORT DUNCAN BESS,Battery,102
FTR_FTR_G1,FTR,FRONTIER,Thermal,185
FTR_FTR_G2,FTR,FRONTIER,Thermal,185
FTR_FTR_G3,FTR,FRONTIER,Thermal,185
FTR_FTR_G4,FTR,FRONTIER,Thermal,400
FTWIND_UNIT_1,FTWIND,FLAT TOP WIND SUBSTATION,Wind,200
FWLR_SLR_UNIT1,FWLR_SLR,FOWLER RANCH SOLAR,Solar,153
GALLOWAY_SOLAR1,GALLOWAY,GALLOWAY SOLAR FARM,Solar,251
GALLOWAY_SOLAR2,GALLOWAY,GALLOWAY SOLAR FARM,Solar,111
GAMBIT_BESS1,GAMBIT,GAMBIT BESS,Battery,102
GARCENO_BESS,GARCENO,GARCENO,Battery,10
GBY_GBYGT73,GBY,GREENS BAYOU,Thermal,72
GBY_GBYGT74,GBY,GREENS BAYOU,Thermal,72
GBY_GBYGT81,GBY,GREENS BAYOU,Thermal,72
GBY_GBYGT82,GBY,GREENS BAYOU,Thermal,72
GBY_GBYGT83,GBY,GREENS BAYOU,Thermal,72
GBY_GBYGT84,GBY,GREENS BAYOU,Thermal,72
GEORSO_ESS_1,GEORSO,GEORGETOWN SOUTH,Battery,10
GIDEON_GIDEONG1,GIDEON,SIM GIDEON,Thermal,136
GIDEON_GIDEONG2,GIDEON,SIM GIDEON,Thermal,136
GIDEON_GIDEONG3,GIDEON,SIM GIDEON,Thermal,351
GIGA_ESS_BESS_1,GIGA_ESS,GIGA TEXAS ENERGY STORAGE,Battery,125
GKS_BESS_BESS1,GKS_BESS,KISKADEE STORAGE,Battery,102
GOAT_GOATWIN2,GOAT,GOAT WIND,Wind,70
GOAT_GOATWIND,GOAT,GOAT WIND,Wind,80
GOLINDA_UNIT1,GOLINDA,GOLINDA SOLAR,Solar,101
GOMZ_BESS,GOMZ,GOMEZ TNP,Battery,10
GOODNIT1_UNIT1,GOODNIT1,GOODNIGHT WIND,Wind,121
GOODNIT1_UNIT2,GOODNIT1,GOODNIGHT WIND,Wind,137
GOODWIN_BESS1,GOODWIN,GOODWIN,Battery,10
GOPHER_UNIT1,GOPHER,GOPHER CREEK WIND FARM,Wind,82
GOPHER_UNIT2,GOPHER,GOPHER CREEK WIND FARM,Wind,76
GPASTURE_WIND_I,GPASTURE,GREEN PASTURES WIND,Wind,150
GRAN_SLR_UNIT1,GRAN_SLR,GRANSOLAR TEXAS ONE,Solar,50
GRANDVW1_COLA,GRANDVW1,GRANDVIEW WIND FARM,Wind,100
GRANDVW1_COLB,GRANDVW1,GRANDVIEW WIND FARM,Wind,100
GRANDVW1_GV1A,GRANDVW1,GRANDVIEW WIND FARM,Wind,107
GRANDVW1_GV1B,GRANDVW1,GRANDVIEW WIND FARM,Wind,104
GRDNE_BESS,GRDNE,GARDEN CITY EAST,Battery,10
GREASWOD_UNIT1,GREASWOD,GREASEWOOD SOLAR,Solar,126
GREASWOD_UNIT2,GREASWOD,GREASEWOOD SOLAR,Solar,132
GREGORY_BESS1,GREGORY,GREGORY,Battery,10
GRIF_TRL_UNIT1,GRIF_TRL,GRIFFIN TRAIL WIND,Wind,99
GRIF_TRL_UNIT2,GRIF_TRL,GRIFFIN TRAIL WIND,Wind,127
GRIM_SLR_UNIT1,GRIM_SLR,GRIMES COUNTY SOLAR,Solar,104
GRIM_SLR_UNIT2,GRIM_SLR,GRIMES COUNTY SOLAR,Solar,80
GRIM_SLR_UNIT3,GRIM_SLR,GRIMES COUNTY SOLAR,Solar,27
GRIZZLY_BESS1,GRIZZLY,GRIZZLY RIDGE,Battery,10
GRIZZLY_SOLAR1,GRIZZLY,GRIZZLY RIDGE,Solar,102
GRSES_UNIT1,GRSES,GRAHAM SES,Thermal,225
GRSES_UNIT2,GRSES,GRAHAM SES,Thermal,387
GRYH_SLR_SOLAR5,GRYH_SLR,GREYHOUND SOLAR,Solar,28
GRYH_SLR_SOLAR6,GRYH_SLR,GREYHOUND SOLAR,Solar,28
GRYH_SLR_SOLAR7,GRYH_SLR,GREYHOUND SOLAR,Solar,95
GRYH_SLR_SOLAR8,GRYH_SLR,GREYHOUND SOLAR,Solar,102
GUADG_GAS1,GUADG,GUADALUPE GEN,Thermal,181
GUADG_GAS2,GUADG,GUADALUPE GEN,Thermal,181
GUADG_GAS3,GUADG,GUADALUPE GEN,Thermal,181
GUADG_GAS4,GUADG,GUADALUPE GEN,Thermal,181
GUADG_STM5,GUADG,GUADALUPE GEN,Thermal,204
GUADG_STM6,GUADG,GUADALUPE GEN,Thermal,204
GUNMTN_G1,GUNMTN,GUNMTN,Wind,120
GWEC_GWEC_G1,GWEC,GOLDWAITHE ENERGY CENTER,Wind,149
GZ_BESS1,GZ,GEARS,Battery,10
H_HOLLOW_WND1,H_HOLLOW,HORSE HOLLOW 1,Wind,230
HALO_SLR_UNIT1,HALO_SLR,HALO SOLAR,Solar,251
HAMILTON_BESS,HAMILTON,HAMILTON ROAD,Battery,10
HARALD_UNIT1,HARALD,HARALD,Wind,162
HART_WND_UNIT1,HART_WND,HART WIND,Wind,163
HAYSEN_HAYSENG1,HAYSEN,HAYS ENERGY,Thermal,242
HAYSEN_HAYSENG2,HAYSEN,HAYS ENERGY,Thermal,242
HAYSEN_HAYSENG3,HAYSEN,HAYS ENERGY,Thermal,252
HAYSEN_HAYSENG4,HAYSEN,HAYS ENERGY,Thermal,252
HDNLAKES_BES1,HDNLAKES,HIDDEN LAKES TNP,Battery,10
HEADCAMP_BESS1,HEADCAMP,HEADCAMP ENERGY STORAGE,Battery,153
HEARN_RD_BESS1,HEARN_RD,HEARN ROAD,Battery,10
HEIGHTTN_UNIT1,HEIGHTTN,HEIGHTS TNP,Battery,10
HELIOS_UNIT1,HELIOS,DOWNIE RANCH SOLAR,Solar,100
HEN_BESS1,HEN,CROWNED HERON BESS,Battery,154
HHOLLOW2_WIND1,HHOLLOW2,HORSE HOLLOW 2,Wind,184
HHOLLOW3_WND_1,HHOLLOW3,HORSE HOLLOW 3,Wind,241
HHOLLOW4_WND1,HHOLLOW4,HORSE HOLLOW 4,Wind,115
HI_LONE_WGR1A,HI_LONE,HIGH LONESOME,Wind,46
HI_LONE_WGR1B,HI_LONE,HIGH LONESOME,Wind,52
HI_LONE_WGR1C,HI_LONE,HIGH LONESOME,Wind,25
HI_LONE_WGR2,HI_LONE,HIGH LONESOME,Wind,122
HI_LONE_WGR2A,HI_LONE,HIGH LONESOME,Wind,25
HI_LONE_WGR3,HI_LONE,HIGH LONESOME,Wind,128
HI_LONE_WGR4,HI_LONE,HIGH LONESOME,Wind,102
HI_LONEB_BESS1,HI_LONEB,HIGH LONESOME BESS,Battery,51
HICKMAN_G1,HICKMAN,HICKMAN SUBSTATION,Wind,153
HICKMAN_G2,HICKMAN,HICKMAN SUBSTATION,Wind,148
HKSN_SLR_UNIT1,HKSN_SLR,HICKERSON SOLAR,Solar,150
HKSN_SLR_UNIT2,HKSN_SLR,HICKERSON SOLAR,Solar,4
HKSN_SLR_UNIT3,HKSN_SLR,HICKERSON SOLAR,Solar,158
HLSES_UNIT3,HLSES,HANDLEY SES,Thermal,395
HLSES_UNIT4,HLSES,HANDLEY SES,Thermal,435
HLSES_UNIT5,HLSES,HANDLEY SES,Thermal,435
HLY_BESS1,HLY,HOLY ESS,Battery,105
HLY_BESS2,HLY,HOLY ESS,Battery,105
HMNG_ESS_BESS1,HMNG_ESS,HUMMINGBIRD STORAGE,Battery,100
HOL_UNIT1,HOL,HOLLYWOOD SOLAR,Solar,176
HOL_UNIT2,HOL,HOLLYWOOD SOLAR,Solar,179
HOLCOMB_BESS,HOLCOMB,HOLCOMB,Battery,10
HOLSTEIN_SOLAR1,HOLSTEIN,HOLSTEIN SOLAR FARM,Solar,102
HOLSTEIN_SOLAR2,HOLSTEIN,HOLSTEIN SOLAR FARM,Solar,102
HOPKNSLR_UNIT1,HOPKNSLR,HOPKINS SOLAR,Solar,175
HOPKNSLR_UNIT2,HOPKNSLR,HOPKINS SOLAR,Solar,76
HORSECRK_UNIT1,HORSECRK,HORSE CREEK WIND,Wind,135
HORSECRK_UNIT2,HORSECRK,HORSE CREEK WIND,Wind,102
HOUSEMTN_BESS1,HOUSEMTN,HOUSE MOUNTAIN,Battery,62
HOVEY_UNIT1,HOVEY,HOVEY,Solar,22
HOVEY_UNIT2,HOVEY,HOVEY,Solar,7
HRBESS_BESS,HRBESS,HOEFSROAD BESS,Battery,2
HRFDWIND_JRDWIND1,HRFDWIND,HEREFORD WIND,Wind,146
HRFDWIND_JRDWIND2,HRFDWIND,HEREFORD WIND,Wind,154
HRFDWIND_WIND_G,HRFDWIND,HEREFORD WIND,Wind,100
HRFDWIND_WIND_V,HRFDWIND,HEREFORD WIND,Wind,100
HRNT_SLR_UNIT1,HRNT_SLR,HORNET SOLAR,Solar,201
HRNT_SLR_UNIT2,HRNT_SLR,HORNET SOLAR,Solar,201
HRNT_SLR_UNIT3,HRNT_SLR,HORNET SOLAR,Solar,201
HRZN_SLR_UNIT1,HRZN_SLR,HORIZON SOLAR,Solar,204
HV_BESS1,HV,HIDDEN VALLEY,Battery,10
HWF_HWFG1,HWF,HACKBERRY WIND FARM,Wind,166
HWY6_BES1,HWY6,HIGHWAY 6,Battery,10
HYDR_ESS_BES1,HYDR_ESS,HYDRA BESS,Battery,201
IMPACT_UNIT1,IMPACT,IMPACT SOLAR,Solar,199
INDL_ESS,INDL,INADALE,Battery,10
INDL_INADALE1,INDL,INADALE,Wind,95
INDL_INADALE2,INDL,INADALE,Wind,102
INDNNWP_INDNNWP2,INDNNWP,INDIAN MESA NWP,Wind,92
INKSDA_INKS_G1,INKSDA,INKS DAM,Hydro,15
INRT_W_BESS_1,INRT_W,INERTIA WIND,Battery,13
INRT_W_UNIT1,INRT_W,INERTIA WIND,Wind,68
INRT_W_UNIT2,INRT_W,INERTIA WIND,Wind,28
INRT_W_UNIT3,INRT_W,INERTIA WIND,Wind,206
JACKCNTY_CT1,JACKCNTY,JACK COUNTY,Thermal,199
JACKCNTY_CT2,JACKCNTY,JACK COUNTY,Thermal,199
JACKCNTY_STG,JACKCNTY,JACK COUNTY,Thermal,321
JAD_UNIT1,JAD,REMY JADE POWER STATION,Thermal,61
JAD_UNIT2,JAD,REMY JADE POWER STATION,Thermal,61
JAD_UNIT3,JAD,REMY JADE POWER STATION,Thermal,61
JAD_UNIT4,JAD,REMY JADE POWER STATION,Thermal,61
JAD_UNIT5,JAD,REMY JADE POWER STATION,Thermal,61
JAD_UNIT6,JAD,REMY JADE POWER STATION,Thermal,61
JAD_UNIT7,JAD,REMY JADE POWER STATION,Thermal,61
JAD_UNIT8,JAD,REMY JADE POWER STATION,Thermal,61
JADE_SLR_BESS1,JADE_SLR,JADE SOLAR,Battery,79
JADE_SLR_BESS2,JADE_SLR,JADE SOLAR,Battery,82
JADE_SLR_UNIT1,JADE_SLR,JADE SOLAR,Solar,159
JADE_SLR_UNIT2,JADE_SLR,JADE SOLAR,Solar,162
JAG_SLR_BESS1,JAG_SLR,JAGUARSO,Battery,157
JAG_SLR_BESS2,JAG_SLR,JAGUARSO,Battery,157
JAR_BES1,JAR,JARVIS BESS,Battery,149
JAR_BES2,JAR,JARVIS BESS,Battery,158
JAY_UNIT1,JAY,FIGHTING JAYS SOLAR,Solar,120
JAY_UNIT2,JAY,FIGHTING JAYS SOLAR,Solar,160
JCKCNTY2_CT3,JCKCNTY2,JACK COUNTY 2 PLANT,Thermal,199
JCKCNTY2_CT4,JCKCNTY2,JACK COUNTY 2 PLANT,Thermal,199
JCKCNTY2_ST2,JCKCNTY2,JACK COUNTY 2 PLANT,Thermal,321
JDKNS_BESS,JDKNS,JUDKINS,Battery,10
JOHNCI_UNIT_1,JOHNCI,JOHNSON CITY,Battery,2
JUNCTION_BESS,JUNCTION,JUNCTION,Battery,10
JUNG_SLR_UNIT1,JUNG_SLR,JUNGMANN SOLAR,Solar,40
JUNO_UNIT1,JUNO,JUNO SOLAR,Solar,162
JUNO_UNIT2,JUNO,JUNO SOLAR,Solar,144
JUNORTH_BES1,JUNORTH,JUNCTION NORTH,Battery,10
K0_UNIT1,K0,RANCHTWN,Battery,10
K2_DGR1,K2,NACDCHES,Thermal,29
K2_DGR2,K2,NACDCHES,Thermal,29
KARAKAW1_UNIT1,KARAKAW1,KARANKAWA1 WIND FARM,Wind,103
KARAKAW1_UNIT2,KARAKAW1,KARANKAWA1 WIND FARM,Wind,103
KARAKAW2_UNIT3,KARAKAW2,KARANKAWA2 WIND FARM,Wind,100
KEECHI_U1,KEECHI,KEECHI WIND,Wind,110
KELAM_SL_UNIT1,KELAM_SL,KELLAM SOLAR,Solar,60
KEO_SHRBINO2,KEO,SHERBINO II WIND FARM,Wind,132
KMCHI_1CT101,KMCHI,KIAMICHI ENERGY FACILITY,Thermal,185
KMCHI_1CT201,KMCHI,KIAMICHI ENERGY FACILITY,Thermal,185
KMCHI_1ST,KMCHI,KIAMICHI ENERGY FACILITY,Thermal,318
KMCHI_2CT101,KMCHI,KIAMICHI ENERGY FACILITY,Thermal,185
KMCHI_2CT201,KMCHI,KIAMICHI ENERGY FACILITY,Thermal,185
KMCHI_2ST,KMCHI,KIAMICHI ENERGY FACILITY,Thermal,318
L_463S_UNIT1,L_463S,LOOP 463 SUB,Battery,10
L_FRESNO_BESS,L_FRESNO,LOS FRESNOS,Battery,10
LACASAWD_UNIT1,LACASAWD,LA CASA WIND,Wind,12
LACASAWD_UNIT2,LACASAWD,LA CASA WIND,Wind,133
LACASAWD_UNIT3,LACASAWD,LA CASA WIND,Wind,3
LACY_CRK_UNIT1,LACY_CRK,LACY CREEK WIND,Wind,135
LACY_CRK_UNIT2,LACY_CRK,LACY CREEK WIND,Wind,15
LACY_CRK_UNIT3,LACY_CRK,LACY CREEK WIND,Wind,138
LACY_CRK_UNIT4,LACY_CRK,LACY CREEK WIND,Wind,13
LANTANA_BESS1,LANTANA,LANTANA,Battery,10
LAPETUS_UNIT_1,LAPETUS,LAPETUS SOLAR,Solar,101
LARDVFTN_G4,LARDVFTN,LAREDO ENERGY CENTER,Thermal,99
LARDVFTN_G5,LARDVFTN,LAREDO ENERGY CENTER,Thermal,99
LASSO_UNIT1,LASSO,LASSO,Solar,50
LAURELES_BESS,LAURELES,LAURELES,Battery,10
LBRA_ESS_BES1,LBRA_ESS,LIBRA BESS,Battery,201
LEG_LEG_G1,LEG,LIMESTONE PLANT,Thermal,893
LEG_LEG_G2,LEG,LIMESTONE PLANT,Thermal,957
LEON_CRK_LCPCT1,LEON_CRK,LEON CREEK,Thermal,48
LEON_CRK_LCPCT2,LEON_CRK,LEON CREEK,Thermal,48
LEON_CRK_LCPCT3,LEON_CRK,LEON CREEK,Thermal,48
LEON_CRK_LCPCT4,LEON_CRK,LEON CREEK,Thermal,48
LFSTH_BESS,LFSTH,LUFKIN SOUTH,Battery,10
LGD_LANGFORD,LGD,LANGFORD WIND POWER LLC,Wind,160
LGDRAW_S_UNIT1_1,LGDRAW_S,LONG DRAW SOLAR,Solar,99
LGDRAW_S_UNIT1_2,LGDRAW_S,LONG DRAW SOLAR,Solar,128
LGE_LGE_GT1,LGE,LGE,Thermal,185
LGE_LGE_GT2,LGE,LGE,Thermal,185
LGE_LGE_STG,LGE,LGE,Thermal,100
LGW_UNIT1,LGW,LOGANS GAP WIND LLC,Wind,106
LGW_UNIT2,LGW,LOGANS GAP WIND LLC,Wind,104
LHORN_N_UNIT1,LHORN_N,LONGHORN WIND PROJECT,Wind,100
LHORN_N_UNIT2,LHORN_N,LONGHORN WIND PROJECT,Wind,100
LHSES_UNIT1,LHSES,LAKE HUBBARD SES,Thermal,397
LHSES_UNIT2A,LHSES,LAKE HUBBARD SES,Thermal,531
LIG_UNIT1,LIG,LIG,Thermal,61
LIG_UNIT2,LIG,LIG,Thermal,61
LIGSW_BESS1,LIGSW,LIGGETT SWITCH,Battery,10
LILY_BESS1,LILY,LILY SOLAR AND STORAGE,Battery,52
LILY_SOLAR1,LILY,LILY SOLAR AND STORAGE,Solar,148
LMESASLR_IVORY,LMESASLR,LAMESA SOLAR,Solar,50
LMESASLR_UNIT1,LMESASLR,LAMESA SOLAR,Solar,102
LMO_BESS1,LMO,LIMOUSIN OAK STORAGE,Battery,100
LNCRK_G83,LNCRK,LONG CREEK,Wind,194
LNCRK2_G871,LNCRK2,POST OAK WIND,Wind,98
LNCRK2_G872,LNCRK2,POST OAK WIND,Wind,100
LOCKETT_UNIT1,LOCKETT,LOCKETT WIND,Wind,184
LON_BES1,LON,LONGBOW SOLAR AND STORAGE,Battery,181
LONESTAR_BESS,LONESTAR,LONESTAR TNP,Battery,10
LONEWOLF_G1,LONEWOLF,LORAINE WINDPARK PROJECT LLC,Wind,48
LONEWOLF_G2,LONEWOLF,LORAINE WINDPARK PROJECT LLC,Wind,51
LONEWOLF_G3,LONEWOLF,LORAINE WINDPARK PROJECT LLC,Wind,26
LONEWOLF_G4,LONEWOLF,LORAINE WINDPARK PROJECT LLC,Wind,24
LOPENO_UNIT1,LOPENO,LOPENO,Battery,10
LOSTPI_LOSTPGT1,LOSTPI,LOST PINES,Thermal,203
LOSTPI_LOSTPGT2,LOSTPI,LOST PINES,Thermal,203
LOSTPI_LOSTPST1,LOSTPI,LOST PINES,Thermal,204
LOWR_ESS_BESS1,LOWR_ESS,LOWER RIO BESS,Battery,60
LPCCS_CT11,LPCCS,LAMAR POWER PARTNERS,Thermal,186
LPCCS_CT12,LPCCS,LAMAR POWER PARTNERS,Thermal,186
LPCCS_CT21,LPCCS,LAMAR POWER PARTNERS,Thermal,186
LPCCS_CT22,LPCCS,LAMAR POWER PARTNERS,Thermal,186
LPCCS_UNIT1,LPCCS,LAMAR POWER PARTNERS,Thermal,216
LPCCS_UNIT2,LPCCS,LAMAR POWER PARTNERS,Thermal,216
LUCKYBLU_UNIT1,LUCKYBLU,LUCKY BLUFF BESS,Battery,101
LV1_LV1A,LV1,LOS VIENTOS WINDPOWER,Wind,200
LV2_LV2,LV2,LOS VIENTOS 2,Wind,202
LV3_UNIT_1,LV3,LOS VIENTOS III,Wind,200
LV4_UNIT_1,LV4,LOS VIENTOS WINDPOWER IV LLC,Wind,200
LV5_UNIT_1,LV5,LOS VIENTOS V,Wind,110
LYSSY_BESS1,LYSSY,LYSSY,Battery,10
MADERO_UNIT1,MADERO,MADERO GRID,Battery,101
MADERO_UNIT2,MADERO,MADERO GRID,Battery,101
MAG_UNIT1,MAG,MAGNET,Wind,98
MAG_UNIT2,MAG,MAGNET,Wind,102
MAGNO_TN_UNIT1,MAGNO_TN,MAGNOLIA TNP,Battery,10
MAINLAND_BESS,MAINLAND,MAINLAND TNP,Battery,10
MAND_SLR_UNIT1,MAND_SLR,MANDORLA SOLAR,Solar,251
MARBFA_MARBFAG1,MARBFA,MARBLE FALLS,Hydro,20
MARBFA_MARBFAG2,MARBFA,MARBLE FALLS,Hydro,20
MARIAH_NORTE1,MARIAH,MARIAH,Wind,115
MARIAH_NORTE2,MARIAH,MARIAH,Wind,115
MARSFO_MARSFOG1,MARSFO,MARSHALL FORD,Hydro,36
MARSFO_MARSFOG2,MARSFO,MARSHALL FORD,Hydro,36
MARSFO_MARSFOG3,MARSFO,MARSHALL FORD,Hydro,36
MARYNEAL_UNIT1,MARYNEAL,MARYNEAL WINDPOWER,Wind,182
MAVCRK_E_UNIT5,MAVCRK_E,MAVERICK CREEK WIND EAST,Wind,71
MAVCRK_E_UNIT6,MAVCRK_E,MAVERICK CREEK WIND EAST,Wind,33
MAVCRK_E_UNIT7,MAVCRK_E,MAVERICK CREEK WIND EAST,Wind,22
MAVCRK_E_UNIT8,MAVCRK_E,MAVERICK CREEK WIND EAST,Wind,20
MAVCRK_E_UNIT9,MAVCRK_E,MAVERICK CREEK WIND EAST,Wind,77
MAVCRK_W_UNIT1,MAVCRK_W,MAVERICK CREEK WIND WEST,Wind,202
MAVCRK_W_UNIT2,MAVCRK_W,MAVERICK CREEK WIND WEST,Wind,11
MAVCRK_W_UNIT3,MAVCRK_W,MAVERICK CREEK WIND WEST,Wind,34
MAVCRK_W_UNIT4,MAVCRK_W,MAVERICK CREEK WIND WEST,Wind,22
MAYBERRY_BESS,MAYBERRY,MAYBERRY,Battery,10
MAYBERRY_BESS2,MAYBERRY,MAYBERRY,Battery,10
MCDLD_FCW1,MCDLD,FOREST CREEK AND SAND BLUFF WIND FARMS,Wind,125
MCDLD_SB1_2,MCDLD,FOREST CREEK AND SAND BLUFF WIND FARMS,Wind,71
MCDLD_SB3_282,MCDLD,FOREST CREEK AND SAND BLUFF WIND FARMS,Wind,14
MCDLD_SB4_G87,MCDLD,FOREST CREEK AND SAND BLUFF WIND FARMS,Wind,4
MCLNSLR_UNIT1,MCLNSLR,MCLEAN SOLAR,Solar,207
MCSES_UNIT6,MCSES,MOUNTAIN CREEK SES,Thermal,122
MCSES_UNIT7,MCSES,MOUNTAIN CREEK SES,Thermal,118
MCSES_UNIT8,MCSES,MOUNTAIN CREEK SES,Thermal,568
MDANP_CT1,MDANP,MIDLOTHIAN ANP,Thermal,247
MDANP_CT2,MDANP,MIDLOTHIAN ANP,Thermal,247
MDANP_CT3,MDANP,MIDLOTHIAN ANP,Thermal,247
MDANP_CT4,MDANP,MIDLOTHIAN ANP,Thermal,247
MDANP_CT5,MDANP,MIDLOTHIAN ANP,Thermal,260
MDANP_CT6,MDANP,MIDLOTHIAN ANP,Thermal,260
MEDILA_BESS1,MEDILA,MEDINA LAKE,Battery,10
MERCURY_PV1,MERCURY,MERCURY SOLAR,Solar,204
MERCURY_PV2,MERCURY,MERCURY SOLAR,Solar,204
MESQCRK_WND1,MESQCRK,MESQUITE CREEK WIND,Wind,106
MESQCRK_WND2,MESQCRK,MESQUITE CREEK WIND,Wind,106
MESQUITE_BESS,MESQUITE,MESQUITE,Battery,10
MESTENO_UNIT_1,MESTENO,MESTENO WINDPOWER,Wind,202
MGSES_CT1,MGSES,MORGAN CREEK SES,Thermal,89
MGSES_CT2,MGSES,MORGAN CREEK SES,Thermal,89
MGSES_CT3,MGSES,MORGAN CREEK SES,Thermal,89
MGSES_CT4,MGSES,MORGAN CREEK SES,Thermal,89
MGSES_CT5,MGSES,MORGAN CREEK SES,Thermal,89
MGSES_CT6,MGSES,MORGAN CREEK SES,Thermal,89
MIAM1_G1,MIAM1,MIAMI,Wind,144
MIAM1_G2,MIAM1,MIAMI,Wind,144
MIDP_SLR_BESS1,MIDP_SLR,MIDPOINT SOLAR AND STORAGE,Battery,51
MIDP_SLR_SOLAR1,MIDP_SLR,MIDPOINT SOLAR AND STORAGE,Solar,98
MIDWIND_UNIT1,MIDWIND,MIDWIND SUBSTATION,Wind,163
MIDWY_BESS1,MIDWY,MIDWAY (ONCOR),Battery,10
MIL_MILLERG1,MIL,MILLER,Thermal,75
MIL_MILLERG2,MIL,MILLER,Thermal,114
MIL_MILLERG3,MIL,MILLER,Thermal,216
MIL_MILLERG4,MIL,MILLER,Thermal,115
MIL_MILLERG5,MIL,MILLER,Thermal,115
MILTON_BESS1,MILTON,MILTON,Battery,10
MIRAGE_GEN_0001,MIRAGE,NET POWER LAPORTE STATION - MIRAGE,Thermal,26
MIRASOLE_MIR11,MIRASOLE,LOS MIRASOLES WIND,Wind,52
MIRASOLE_MIR12,MIRASOLE,LOS MIRASOLES WIND,Wind,98
MIRASOLE_MIR13,MIRASOLE,LOS MIRASOLES WIND,Wind,50
MIRASOLE_MIR21,MIRASOLE,LOS MIRASOLES WIND,Wind,100
MISAE_UNIT1,MISAE,MISAE SOLAR PARK,Solar,121
MISAE_UNIT2,MISAE,MISAE SOLAR PARK,Solar,119
MLB_SLR_SOLAR1,MLB_SLR,MILLERS BRANCH SOLAR,Solar,202
MLSES_UNIT1,MLSES,MARTIN LAKE SES,Thermal,893
MLSES_UNIT2,MLSES,MARTIN LAKE SES,Thermal,893
MLSES_UNIT3,MLSES,MARTIN LAKE SES,Thermal,893
MNWLE_BESS,MNWLE,MINERAL WELLS EAST,Battery,10
MONT_WND_UNIT1,MONT_WND,MONTGOMERY RANCH WIND,Wind,106
MONT_WND_UNIT2,MONT_WND,MONTGOMERY RANCH WIND,Wind,93
MONTECR1_WIND1,MONTECR1,MONTE CRISTO 1 WIND,Wind,235
MOORE_FL_BESS1,MOORE_FL,MOORE FIELD,Battery,10
MOZART_WIND_1,MOZART,MOZART WIND PLANT,Wind,30
MRKM_SLR_PV1,MRKM_SLR,MARKUM SOLAR,Solar,162
MROW_SLR_SOLAR1,MROW_SLR,MORROW LAKE SOLAR,Solar,202
MU_BESS,MU,MUSTANG BAYOU,Battery,10
MUENSTER_BESS1,MUENSTER,MUENSTER,Battery,10
MUSTNGCK_BES1,MUSTNGCK,MUSTANG CREEK SOLAR AND STORAGE,Battery,71
MUSTNGCK_SOLAR1,MUSTNGCK,MUSTANG CREEK SOLAR AND STORAGE,Solar,61
MUSTNGCK_SOLAR2,MUSTNGCK,MUSTANG CREEK SOLAR AND STORAGE,Solar,91
MV_VALV4_BESS,MV_VALV4,VAL VERDE SUB,Battery,10
MWEC_G1,MWEC,MCADOO ENERGY CENTER,Wind,150
MYR_BES1,MYR,MYRTLE SOLAR,Battery,77
MYR_BES2,MYR,MYRTLE SOLAR,Battery,74
MYR_UNIT1,MYR,MYRTLE SOLAR,Solar,172
MYR_UNIT2,MYR,MYRTLE SOLAR,Solar,150
N_ALAMO_BESS,N_ALAMO,NORTH ALAMO,Battery,10
N_MERCED_BESS,N_MERCED,NORTH MERCEDES,Battery,10
NACPW_UNIT1,NACPW,NACOGDOCHES GENERATING FACILITY,Thermal,116
NBOHR_UNIT1,NBOHR,NIELS BOHR,Wind,197
NCO_ESS1,NCO,NORTH COLUMBIA,Battery,52
NEBULA_UNIT1,NEBULA,NEBULA SOLAR,Solar,138
NEDIN_NEDIN_G1,NEDIN,NORTH EDINBURG,Thermal,267
NEDIN_NEDIN_G2,NEDIN,NORTH EDINBURG,Thermal,267
NEDIN_NEDIN_G3,NEDIN,NORTH EDINBURG,Thermal,258
NF_BRP_BES1,NF_BRP,NORTH FORK ENERGY STORAGE,Battery,101
NOBLESLR_BESS1,NOBLESLR,NOBLE SOLAR AND STORAGE,Battery,64
NOBLESLR_BESS2,NOBLESLR,NOBLE SOLAR AND STORAGE,Battery,64
NOBLESLR_SOLAR1,NOBLESLR,NOBLE SOLAR AND STORAGE,Solar,149
NOBLESLR_SOLAR2,NOBLESLR,NOBLE SOLAR AND STORAGE,Solar,130
NOVA1SLR_UNIT1,NOVA1SLR,TEXAS SOLAR NOVA 1,Solar,127
NOVA1SLR_UNIT2,NOVA1SLR,TEXAS SOLAR NOVA 1,Solar,127
NOVA2SLR_UNIT1,NOVA2SLR,TEXAS SOLAR NOVA 2,Solar,202
NRTN_SLR_SOLAR1,NRTN_SLR,NORTON SOLAR,Solar,126
NUECES_B_NUECESG7,NUECES_B,NUECES BAY,Thermal,351
NUECES_B_NUECESG8,NUECES_B,NUECES BAY,Thermal,190
NUECES_B_NUECESG9,NUECES_B,NUECES BAY,Thermal,190
NWF_NBS,NWF,NOTREES WINDFARM,Battery,36
NWF_NWF1,NWF,NOTREES WINDFARM,Wind,93
NWF_NWF2,NWF,NOTREES WINDFARM,Wind,60
OBERON_UNIT_1,OBERON,OBERON SOLAR,Solar,180
OCI_ALM1_UNIT1,OCI_ALM1,OCI ALAMO 1,Solar,39
ODESW_UNIT1,ODESW,ODESSA SOUTHWEST,Battery,10
OGS_SLR_UNIT1,OGS_SLR,ORANGE GROVE SOLAR,Solar,131
OGSES_UNIT1A,OGSES,OAK GROVE SES,Thermal,917
OGSES_UNIT2,OGSES,OAK GROVE SES,Thermal,917
OLINGR_OLING_1,OLINGR,OLINGER,Thermal,78
OLINGR_OLING_2,OLINGR,OLINGER,Thermal,114
OLINGR_OLING_3,OLINGR,OLINGER,Thermal,157
OLINGR_OLING_4,OLINGR,OLINGER,Thermal,88
OLMITO_BESS1,OLMITO,OLMITO,Battery,10
OLNEYTN_AGR1,OLNEYTN,OLNEY TNP,Thermal,10
OLNEYTN_BESS,OLNEYTN,OLNEY TNP,Battery,10
OR_BESS,OR,ORCHARD,Battery,10
ORIANA_UNIT1,ORIANA,ORIANA SOLAR AND BESS,Solar,181
OUTP_SLR_UNIT1,OUTP_SLR,OUTPOST SOLAR,Solar,258
OUTP_SLR_UNIT2,OUTP_SLR,OUTPOST SOLAR,Solar,259
OVEJA_G1,OVEJA,OVEJA WIND,Wind,151
OVEJA_G2,OVEJA,OVEJA WIND,Wind,151
OWF_OWF,OWF,OCOTILLO WINDFARM,Wind,55
P2_DGR1,P2,HIGHLAND HILLS,Thermal,41
P2_DGR2,P2,HIGHLAND HILLS,Thermal,41
PAD1_ESS_BESS1,PAD1_ESS,PADUA GRID BESS 1,Battery,51
PALACIOS_BESS1,PALACIOS,PALACIOS,Battery,10
PALE_ESS_BES1,PALE_ESS,PALEO BESS,Battery,201
PALMVIEW_BESS1,PALMVIEW,PALM VIEW,Battery,10
PALMWIND_UNIT1,PALMWIND,PALMAS WIND,Wind,145
PANDA_S_SHER1CT1,PANDA_S,RAYBURN ENERGY STATION,Thermal,232
PANDA_S_SHER1CT2,PANDA_S,RAYBURN ENERGY STATION,Thermal,232
PANDA_S_SHER1ST1,PANDA_S,RAYBURN ENERGY STATION,Thermal,353
PANDA_T1_TMPL1CT1,PANDA_T1,PANDA TEMPLE,Thermal,232
PANDA_T1_TMPL1CT2,PANDA_T1,PANDA TEMPLE,Thermal,232
PANDA_T1_TMPL1ST1,PANDA_T1,PANDA TEMPLE,Thermal,353
PANDA_T2_TMPL2CT1,PANDA_T2,PANDA TEMPLE POWER II,Thermal,232
PANDA_T2_TMPL2CT2,PANDA_T2,PANDA TEMPLE POWER II,Thermal,232
PANDA_T2_TMPL2ST1,PANDA_T2,PANDA TEMPLE POWER II,Thermal,353
PAP1_PAP1,PAP1,PAPALOTE CREEK,Wind,180
PAR_UNIT1,PAR,PARLIAMENT SOLAR,Solar,243
PAR_UNIT2,PAR,PARLIAMENT SOLAR,Solar,240
PAULN_BESS,PAULN,PAULINE,Battery,10
PAVLOV_BESS,PAVLOV,PAVLOV,Battery,10
PAVO_ESS_BESS1,PAVO_ESS,PAVO BESS,Battery,88
PAVO_ESS_BESS2,PAVO_ESS,PAVO BESS,Battery,88
PB2SES_CT1,PB2SES,PERMIAN BASIN 2 SES,Thermal,89
PB2SES_CT2,PB2SES,PERMIAN BASIN 2 SES,Thermal,89
PB2SES_CT3,PB2SES,PERMIAN BASIN 2 SES,Thermal,89
PB2SES_CT4,PB2SES,PERMIAN BASIN 2 SES,Thermal,89
PB2SES_CT5,PB2SES,PERMIAN BASIN 2 SES,Thermal,89
PC_NORTH_PANTHER1,PC_NORTH,PANTHER CREEK NORTH SUBSTATION,Wind,149
PC_SOUTH_PANTH31,PC_SOUTH,PANTHER CREEK 2,Wind,107
PC_SOUTH_PANTH32,PC_SOUTH,PANTHER CREEK 2,Wind,109
PC_SOUTH_PANTHER2,PC_SOUTH,PANTHER CREEK 2,Wind,123
PCT_UNIT1,PCT,PEYTON CREEK WIND II,Wind,236
PEARSAL2_AGR_A,PEARSAL2,PEARSALL POWER PLANT 2,Thermal,51
PEARSAL2_AGR_B,PEARSAL2,PEARSALL POWER PLANT 2,Thermal,51
PEARSAL2_AGR_C,PEARSAL2,PEARSALL POWER PLANT 2,Thermal,51
PEARSAL2_AGR_D,PEARSAL2,PEARSALL POWER PLANT 2,Thermal,51
PEARSALL_BES1,PEARSALL,PEARSALL SWITCHING STATION,Battery,10
PENA_UNIT1,PENA,PENASCAL WIND POWER,Wind,161
PENA_UNIT2,PENA,PENASCAL WIND POWER,Wind,142
PENA3_UNIT3,PENA3,PENASCAL II WIND PROJECT,Wind,101
PERE_SLR_UNIT1,PERE_SLR,PEREGRINE SUBSTATION,Solar,153
PERE_SLR_UNIT2,PERE_SLR,PEREGRINE SUBSTATION,Solar,148
PEY_UNIT1,PEY,PEYTON CREEK WIND FARM LLC,Wind,151
PH1_UNIT1,PH1,PATTERN PANHANDLE WIND 1,Wind,109
PH1_UNIT2,PH1,PATTERN PANHANDLE WIND 1,Wind,109
PH2_UNIT1,PH2,PATTERN PANHANDLE WIND 2,Wind,94
PH2_UNIT2,PH2,PATTERN PANHANDLE WIND 2,Wind,97
PHILLWND_UNIT1,PHILLWND,PRAIRIE HILL WIND PROJECT,Wind,153
PHILLWND_UNIT2,PHILLWND,PRAIRIE HILL WIND PROJECT,Wind,147
PHO_BES1,PHO,PHOTON,Battery,151
PHO_BES2,PHO,PHOTON,Battery,151
PHO_SOLAR1,PHO,PHOTON,Solar,130
PHO_SOLAR2,PHO,PHOTON,Solar,106
PHO_SOLAR3,PHO,PHOTON,Solar,110
PHO_SOLAR4,PHO,PHOTON,Solar,106
PHOEBE_UNIT1,PHOEBE,PHOEBE SOLAR,Solar,125
PHOEBE_UNIT2,PHOEBE,PHOEBE SOLAR,Solar,128
PHOENIX_UNIT1,PHOENIX,PHOENIX SOLAR,Solar,84
PIN_BESS_UNIT1,PIN_BESS,PINTAIL PASS BESS,Battery,207
PINEFRST_BESS1,PINEFRST,PINE FOREST BESS,Battery,201
PINEFRST_UNIT1,PINEFRST,PINE FOREST BESS,Solar,243
PINEFRST_UNIT2,PINEFRST,PINE FOREST BESS,Solar,59
PINN_SLR_UNIT1,PINN_SLR,PINNINGTON SOLAR,Solar,215
PINN_SLR_UNIT2,PINN_SLR,PINNINGTON SOLAR,Solar,219
PINN_SLR_UNIT3,PINN_SLR,PINNINGTON SOLAR,Solar,219
PIRATE_BESS1,PIRATE,PIRATE,Battery,10
PISGAH_SOLAR1,PISGAH,PISGAH RIDGE SOLAR,Solar,189
PISGAH_SOLAR2,PISGAH,PISGAH RIDGE SOLAR,Solar,64
PITTSDDK_UNIT1,PITTSDDK,PITTS DUDIK SOLAR,Solar,50
PLATINUM_BES1,PLATINUM,PLATINUM STORAGE,Battery,153
PLATINUM_BES2,PLATINUM,PLATINUM STORAGE,Battery,157
PLN_UNIT1,PLN,PLAINVIEW SOLAR,Solar,270
PLN_UNIT2,PLN,PLAINVIEW SOLAR,Solar,270
PORT_SLR_UNIT1,PORT_SLR,PORTER SOLAR,Solar,246
POTEETS_BESS,POTEETS,POTEET SUB,Battery,10
PRCRK_BESS1,PRCRK,PRAIRIE CREEK,Battery,10
PRIDDY_UNIT1,PRIDDY,PRIDDY WIND,Wind,187
PRIDDY_UNIT2,PRIDDY,PRIDDY WIND,Wind,115
PRO_UNIT1,PRO,PRO POWER PLANT,Thermal,61
PRO_UNIT2,PRO,PRO POWER PLANT,Thermal,61
PRO_UNIT3,PRO,PRO POWER PLANT,Thermal,61
PRO_UNIT4,PRO,PRO POWER PLANT,Thermal,61
PRO_UNIT5,PRO,PRO POWER PLANT,Thermal,61
PRO_UNIT6,PRO,PRO POWER PLANT,Thermal,61
PRO_UNIT7,PRO,PRO POWER PLANT,Thermal,61
PRO_UNIT8,PRO,PRO POWER PLANT,Thermal,61
PROSPERO_UNIT1,PROSPERO,PROSPERO SOLAR,Solar,154
PROSPERO_UNIT2,PROSPERO,PROSPERO SOLAR,Solar,150
PRSPERO2_UNIT1,PRSPERO2,PROSPERO SOLAR II,Solar,127
PRSPERO2_UNIT2,PRSPERO2,PROSPERO SOLAR II,Solar,126
PRTLAVS_BESS1,PRTLAVS,PORT LAVACA SUB,Battery,10
PSG_PSG_GT2,PSG,PASGEN,Thermal,215
PSG_PSG_GT3,PSG,PASGEN,Thermal,215
PSG_PSG_ST2,PSG,PASGEN,Thermal,196
PUEBLO_UNIT1,PUEBLO,PUEBLO,Battery,8
PUEBLO_UNIT2,PUEBLO,PUEBLO,Battery,10
PYOTE_SWOOSEU1,PYOTE,PYOTE TNP,Battery,10
PYR_ESS,PYR,PYRON WIND FARM,Battery,10
PYR_ESS2A,PYR,PYRON WIND FARM,Battery,15
PYR_ESS2B,PYR,PYRON WIND FARM,Battery,15
PYR_PYRON1,PYR,PYRON WIND FARM,Wind,128
PYR_PYRON2,PYR,PYRON WIND FARM,Wind,135
Q1_DGR1,Q1,VALLEY,Thermal,29
QALSW_GT1,QALSW,QUAIL SWITCH,Thermal,91
QALSW_GT2,QALSW,QUAIL SWITCH,Thermal,91
QALSW_GT3,QALSW,QUAIL SWITCH,Thermal,91
QALSW_GT4,QALSW,QUAIL SWITCH,Thermal,91
QALSW_STG1,QALSW,QUAIL SWITCH,Thermal,98
QALSW_STG2,QALSW,QUAIL SWITCH,Thermal,98
QUEEN_BA_BESS1,QUEEN_BA,QUEEN BESS,Battery,51
QUEEN_SL_SOLAR1,QUEEN_SL,QUEEN SOLAR,Solar,103
QUEEN_SL_SOLAR2,QUEEN_SL,QUEEN SOLAR,Solar,103
QUEEN_SL_SOLAR3,QUEEN_SL,QUEEN SOLAR,Solar,98
QUEEN_SL_SOLAR4,QUEEN_SL,QUEEN SOLAR,Solar,108
RAB_UNIT1,RAB,RABBS POWER STATION,Thermal,61
RAB_UNIT2,RAB,RABBS POWER STATION,Thermal,61
RAB_UNIT3,RAB,RABBS POWER STATION,Thermal,61
RAB_UNIT4,RAB,RABBS POWER STATION,Thermal,61
RAB_UNIT5,RAB,RABBS POWER STATION,Thermal,61
RAB_UNIT6,RAB,RABBS POWER STATION,Thermal,61
RAB_UNIT7,RAB,RABBS POWER STATION,Thermal,61
RAB_UNIT8,RAB,RABBS POWER STATION,Thermal,61
RADN_SLR_BESS1,RADN_SLR,RADIAN SOLAR,Battery,78
RADN_SLR_BESS2,RADN_SLR,RADIAN SOLAR,Battery,82
RADN_SLR_UNIT1,RADN_SLR,RADIAN SOLAR,Solar,161
RADN_SLR_UNIT2,RADN_SLR,RADIAN SOLAR,Solar,166
RAMBLER_UNIT1,RAMBLER,RAMBLER SOLAR,Solar,212
RANCHERO_UNIT1,RANCHERO,RANCHERO WIND FARM,Wind,150
RANCHERO_UNIT2,RANCHERO,RANCHERO WIND FARM,Wind,150
RATLIFF_SOLAR1,RATLIFF,RATLIFF SOLAR,Solar,162
RAYBURN_RAYBURG10,RAYBURN,SAM RAYBURN SWITCHYD,Thermal,42
RAYBURN_RAYBURG7,RAYBURN,SAM RAYBURN SWITCHYD,Thermal,61
RAYBURN_RAYBURG8,RAYBURN,SAM RAYBURN SWITCHYD,Thermal,61
RAYBURN_RAYBURG9,RAYBURN,SAM RAYBURN SWITCHYD,Thermal,61
RBN_BESS1,RBN,RIVER BEND,Battery,102
RDCANYON_RDCNY1,RDCANYON,RED CANYON,Wind,90
REDBARN_UNIT_1,REDBARN,REDBARN SOLAR,Solar,222
REDBARN_UNIT_2,REDBARN,REDBARN SOLAR,Solar,28
REDFISH_MV1A,REDFISH,MAGIC VALLEY I,Wind,100
REDFISH_MV1B,REDFISH,MAGIC VALLEY I,Wind,103
REDGATE_AGR_A,REDGATE,REDGATE,Thermal,56
REDGATE_AGR_B,REDGATE,REDGATE,Thermal,56
REDGATE_AGR_C,REDGATE,REDGATE,Thermal,56
REDGATE_AGR_D,REDGATE,REDGATE,Thermal,56
RELOJ_UNIT1,RELOJ,RELOJ DEL SOL WIND FARM,Wind,55
RELOJ_UNIT2,RELOJ,RELOJ DEL SOL WIND FARM,Wind,48
RELOJ_UNIT3,RELOJ,RELOJ DEL SOL WIND FARM,Wind,83
RELOJ_UNIT4,RELOJ,RELOJ DEL SOL WIND FARM,Wind,23
REROCK_UNIT1,REROCK,RE ROSEROCK SOLAR PLANT,Solar,79
REROCK_UNIT2,REROCK,RE ROSEROCK SOLAR PLANT,Solar,79
RIGGINS_UNIT1,RIGGINS,RIGGINS SOLAR,Solar,155
RIO_GRAN_BESS,RIO_GRAN,RIO GRANDE CITY,Battery,10
RIO_GRAN_BESS2,RIO_GRAN,RIO GRANDE CITY,Battery,10
RIONOG_CT1,RIONOG,RIO NOGALES POWER PROJECT,Thermal,190
RIONOG_CT2,RIONOG,RIO NOGALES POWER PROJECT,Thermal,190
RIONOG_CT3,RIONOG,RIO NOGALES POWER PROJECT,Thermal,190
RIONOG_ST1,RIONOG,RIO NOGALES POWER PROJECT,Thermal,373
RIPPEY_UNIT1,RIPPEY,RIPPEY SOLAR,Solar,60
ROSELAND_BESS1,ROSELAND,ROSELAND SOLAR AND STORAGE,Battery,52
ROSELAND_SOLAR1,ROSELAND,ROSELAND SOLAR AND STORAGE,Solar,254
ROSELAND_SOLAR2,ROSELAND,ROSELAND SOLAR AND STORAGE,Solar,138
ROSELAND_SOLAR3,ROSELAND,ROSELAND SOLAR AND STORAGE,Solar,116
ROUTE_66_WIND1,ROUTE_66,ROUTE 66 WIND POWER,Wind,150
ROW_UNIT1,ROW,ROWLAND SOLAR,Solar,102
ROW_UNIT2,ROW,ROWLAND SOLAR,Solar,201
RPUBRDS_ESS1,RPUBRDS,REPUBLIC ROAD STORAGE,Battery,52
RRANCHES_UNIT1,RRANCHES,RODEO RANCH ENERGY STORAGE,Battery,150
RRANCHES_UNIT2,RRANCHES,RODEO RANCH ENERGY STORAGE,Battery,150
RRC_WIND_UNIT1,RRC_WIND,ROADRUNNER CROSSING WIND FARM,Wind,99
RRC_WIND_UNIT2,RRC_WIND,ROADRUNNER CROSSING WIND FARM,Wind,28
RRC_WIND_UNIT3,RRC_WIND,ROADRUNNER CROSSING WIND FARM,Wind,127
RTLSNAKE_BESS,RTLSNAKE,RATTLESNAKE TNP,Battery,10
RTS_U1,RTS,RTS WIND POWER PROJECT,Wind,160
RTS2_U1,RTS2,RTS2 WIND PROJECT,Wind,90
RTS2_U2,RTS2,RTS2 WIND PROJECT,Wind,90
RUSSEKST_BESS,RUSSEKST,RUSSEK STREET,Battery,10
RVRVLYS_ESS1,RVRVLYS,RIVER VALLEY STORAGE,Battery,52
RVRVLYS_ESS2,RVRVLYS,RIVER VALLEY STORAGE,Battery,52
S_HILLS_UNIT1,S_HILLS,S HILLS WIND PROJECT,Wind,30
S_SNROSA_BESS,S_SNROSA,SOUTH SANTA ROSA,Battery,10
SADLBACK_AGR1,SADLBACK,SADDLEBACK TNP,Thermal,10
SADLBACK_BESS,SADLBACK,SADDLEBACK TNP,Battery,10
SAGEDRAW_UNIT1,SAGEDRAW,SAGE DRAW WIND PROJECT,Wind,169
SAGEDRAW_UNIT2,SAGEDRAW,SAGE DRAW WIND PROJECT,Wind,169
SALTFORK_UNIT1,SALTFORK,SALT FORK,Wind,64
SALTFORK_UNIT2,SALTFORK,SALT FORK,Wind,110
SALVTION_UNIT1,SALVTION,SALVATION,Wind,125
SALVTION_UNIT2,SALVTION,SALVATION,Wind,125
SAMSON_1_G1,SAMSON_1,SAMSON SOLAR 1,Solar,128
SAMSON_1_G2,SAMSON_1,SAMSON SOLAR 1,Solar,128
SAMSON_1_G3,SAMSON_1,SAMSON SOLAR 1,Solar,102
SAMSON_1_G4,SAMSON_1,SAMSON SOLAR 1,Solar,102
SAMSON_3_G1,SAMSON_3,SAMSON SOLAR 3,Solar,128
SAMSON_3_G2,SAMSON_3,SAMSON SOLAR 3,Solar,128
SANDHSYD_SH_5A,SANDHSYD,SAND HILL ENERGY CTR,Thermal,199
SANDHSYD_SH_5C,SANDHSYD,SAND HILL ENERGY CTR,Thermal,191
SANDHSYD_SH1,SANDHSYD,SAND HILL ENERGY CTR,Thermal,61
SANDHSYD_SH2,SANDHSYD,SAND HILL ENERGY CTR,Thermal,61
SANDHSYD_SH3,SANDHSYD,SAND HILL ENERGY CTR,Thermal,61
SANDHSYD_SH4,SANDHSYD,SAND HILL ENERGY CTR,Thermal,61
SANDHSYD_SH6,SANDHSYD,SAND HILL ENERGY CTR,Thermal,61
SANDHSYD_SH7,SANDHSYD,SAND HILL ENERGY CTR,Thermal,61
SANDLAKE_BESS,SANDLAKE,SANDLAKE TNP,Battery,10
SANMIGL_G1,SANMIGL,SAN MIGUEL GEN,Thermal,430
SANROMAN_WIND_1,SANROMAN,SAN ROMAN WIND I,Wind,95
SANTACRU_UNIT1,SANTACRU,SANTA CRUZ,Wind,151
SANTACRU_UNIT2,SANTACRU,SANTA CRUZ,Wind,98
SBE_UNIT1,SBE,SBRANCH SOLAR,Solar,234
SBEAN_BESS,SBEAN,SCREWBEAN,Battery,10
SCES_UNIT1,SCES,SANDY CREEK ENERGY STATION,Thermal,1008
SCSES_UNIT1A,SCSES,STRYKER CREEK SES,Thermal,177
SCSES_UNIT2,SCSES,STRYKER CREEK SES,Thermal,479
SE_EDINB_BESS1,SE_EDINB,SE EDINBURG,Battery,10
SENATEWD_UNIT1,SENATEWD,SENATE WIND FARM,Wind,150
SEVNF_ES_BESS1,SEVNF_ES,SEVEN FLAGS BESS,Battery,103
SGAL_BES_BESS1,SGAL_BES,ST GALL ENERGY STORAGE,Battery,102
SGAL_BES_BESS2,SGAL_BES,ST GALL ENERGY STORAGE,Battery,103
SGMTN_SIGNALM2,SGMTN,SIGNAL MOUNTAIN,Wind,7
SGMTN_SIGNALMT,SGMTN,SIGNAL MOUNTAIN,Wind,28
SGSA_BESS1,SGSA,SARAGOSA,Battery,10
SHAFFER_UNIT1,SHAFFER,SHAFFER,Wind,226
SHAMROCK_BESS1,SHAMROCK,SHAMROCK WIND,Battery,99
SHAMROCK_UNIT1,SHAMROCK,SHAMROCK WIND,Wind,203
SHAMROCK_UNIT2,SHAMROCK,SHAMROCK WIND,Wind,21
SHANNONW_UNIT_1,SHANNONW,SHANNON WIND PROJECT,Wind,204
SHAW_SLR_UNIT1,SHAW_SLR,SHAW SOLAR,Solar,125
SHEEPCRK_BESS1,SHEEPCRK,SHEEP CREEK WIND AND STORAGE,Battery,142
SHEEPCRK_UNIT1,SHEEPCRK,SHEEP CREEK WIND AND STORAGE,Wind,150
SIG_SLR_UNIT1,SIG_SLR,SIGNAL RANCH SOLAR,Solar,52
SILASRAY_SILAS_10,SILASRAY,SILAS RAY POWER PLANT,Thermal,61
SILASRAY_SILAS_6,SILASRAY,SILAS RAY POWER PLANT,Thermal,25
SILASRAY_SILAS_9,SILASRAY,SILAS RAY POWER PLANT,Thermal,50
SIRIUS_UNIT1,SIRIUS,WEST TEXAS SOLAR,Solar,110
SIRIUS_UNIT2,SIRIUS,WEST TEXAS SOLAR,Solar,50
SJS_SJS_G1,SJS,SAN JACINTO STEAM,Thermal,88
SJS_SJS_G2,SJS,SAN JACINTO STEAM,Thermal,88
SKY1_SKY1A,SKY1,SKY GLOBAL POWER ONE,Thermal,26
SKY1_SKY1B,SKY1,SKY GLOBAL POWER ONE,Thermal,26
SLCNHLS_ESS1,SLCNHLS,SILICON HILL STORAGE,Battery,52
SLCNHLS_ESS2,SLCNHLS,SILICON HILL STORAGE,Battery,52
SLK_BESS_BESS1,SLK_BESS,SODA LAKE BESS 1,Battery,204
SMTH_ESS_BESS_1,SMTH_ESS,TE SMITH STORAGE,Battery,125
SOLARA_UNIT1,SOLARA,PAINT CREEK SOLAR,Solar,112
SP_BESS,SP,SPENCER,Battery,10
SPARTA_UNIT1,SPARTA,SPARTA SOLAR,Solar,148
SPARTA_UNIT2,SPARTA,SPARTA SOLAR,Solar,105
SPLAIN1_WIND1,SPLAIN1,SOUTH PLAINS PHASE I WIND PROJECT,Wind,102
SPLAIN1_WIND2,SPLAIN1,SOUTH PLAINS PHASE I WIND PROJECT,Wind,98
SPLAIN2_WIND21,SPLAIN2,SOUTH PLAINS PHASE II WIND PROJECT,Wind,149
SPLAIN2_WIND22,SPLAIN2,SOUTH PLAINS PHASE II WIND PROJECT,Wind,152
SPNCER_SPNCE_4,SPNCER,SPENCER SWITCH,Thermal,61
SPNCER_SPNCE_5,SPNCER,SPENCER SWITCH,Thermal,65
SPTX12B_BES1,SPTX12B,SP-TX-12B,Battery,25
SPTX12B_UNIT1,SPTX12B,SP-TX-12B,Solar,158
SRWE1_SRWE2,SRWE1,STEPHENS RANCH WIND ENERGY PROJECT PHASE 1,Wind,167
SRWE1_UNIT1,SRWE1,STEPHENS RANCH WIND ENERGY PROJECT PHASE 1,Wind,214
SSPURTWO_SS3WIND1,SSPURTWO,SPINNING SPUR WIND TWO,Wind,96
SSPURTWO_SS3WIND2,SSPURTWO,SPINNING SPUR WIND TWO,Wind,98
SSPURTWO_WIND_1,SSPURTWO,SPINNING SPUR WIND TWO,Wind,161
STADIUM_BESS,STADIUM,STADIUM AEP,Battery,10
STAM_SLR_BESS1,STAM_SLR,STAMPEDE SOLAR AND BESS,Battery,73
STAM_SLR_SOLAR1,STAM_SLR,STAMPEDE SOLAR AND BESS,Solar,78
STAM_SLR_SOLAR2,STAM_SLR,STAMPEDE SOLAR AND BESS,Solar,178
STAR_SLR_UNIT1,STAR_SLR,STARR SOLAR RANCH,Solar,70
STAR_SLR_UNIT2,STAR_SLR,STARR SOLAR RANCH,Solar,66
STEAM_ENGINE_1,STEAM,STEAM,Thermal,8
STEAM_ENGINE_2,STEAM,STEAM,Thermal,8
STEAM_ENGINE_3,STEAM,STEAM,Thermal,8
STEAM_STEAM_2,STEAM,STEAM,Thermal,25
STEAM_STEAM_3,STEAM,STEAM,Thermal,43
STEAM1A_STEAM_1,STEAM1A,STEAM#1A,Thermal,19
STELLA_UNIT1,STELLA,STELLA WIND,Wind,201
STLHS_SL_PV1,STLHS_SL,STILLHOUSE SOLAR,Solar,211
STP_STP_G1,STP,SOUTH TEXAS PROJECT,Nuclear,1365
STP_STP_G2,STP,SOUTH TEXAS PROJECT,Nuclear,1365
STRATEGC_UNIT1,STRATEGC,STRATEGIC SOLAR 1,Solar,135
STRG_SLR_BESS1,STRG_SLR,STONERIDGE SOLAR,Battery,102
STRG_SLR_UNIT1,STRG_SLR,STONERIDGE SOLAR,Solar,184
STRG_SLR_UNIT2,STRG_SLR,STONERIDGE SOLAR,Solar,18
STWF_T1,STWF,SOUTH TRENT WIND FARM,Wind,101
SUN_SLR_UNIT_1,SUN_SLR,SUNRAY SOLAR,Solar,204
SUNVASLR_BESS1,SUNVASLR,SUNVALLEY SOLAR AND STORAGE,Battery,54
SUNVASLR_BESS2,SUNVASLR,SUNVALLEY SOLAR AND STORAGE,Battery,47
SUNVASLR_UNIT1,SUNVASLR,SUNVALLEY SOLAR AND STORAGE,Solar,166
SUNVASLR_UNIT2,SUNVASLR,SUNVALLEY SOLAR AND STORAGE,Solar,86
SWEC_G1,SWEC,STANTON WIND ENERGY CENTER,Wind,124
SWEENY_UNIT1,SWEENY,SWEENY TNP,Battery,10
SWEETWN2_WND2,SWEETWN2,SWEETWATER WIND 2,Wind,105
SWEETWN2_WND24,SWEETWN2,SWEETWATER WIND 2,Wind,16
SWEETWN3_WND3A,SWEETWN3,SWEETWATER WIND 3,Wind,29
SWEETWN3_WND3B,SWEETWN3,SWEETWATER WIND 3,Wind,101
SWEETWN4_WND4A,SWEETWN4,SWEETWATER WIND 4,Wind,119
SWEETWN4_WND4B,SWEETWN4,SWEETWATER WIND 4,Wind,106
SWEETWN5_WND5,SWEETWN5,SWEETWATER WIND 5,Wind,81
SWEETWND_WND1,SWEETWND,SWEETWATER WIND 1,Wind,38
SWOOSEII_BESS1,SWOOSEII,SWOOSE II,Battery,102
SWTWR_UNIT1,SWTWR,SWEETWATER NO 2,Battery,10
TAHOKA_UNIT_1,TAHOKA,TAHOKA WIND,Wind,150
TAHOKA_UNIT_2,TAHOKA,TAHOKA WIND,Wind,150
TANZ_ESS_BES1,TANZ_ESS,TANZANITE STORAGE,Battery,133
TANZ_ESS_BES2,TANZ_ESS,TANZANITE STORAGE,Battery,133
TAV_UNIT1,TAV,TAVENER,Solar,150
TAV_UNIT2,TAV,TAVENER,Solar,100
TAYGETE_UNIT1,TAYGETE,TAYGETE SOLAR,Solar,126
TAYGETE_UNIT2,TAYGETE,TAYGETE SOLAR,Solar,129
TAYGETE2_UNIT1,TAYGETE2,TAYGETE 2 SOLAR,Solar,102
TAYGETE2_UNIT2,TAYGETE2,TAYGETE 2 SOLAR,Solar,102
TBWF_ESS_BES1,TBWF_ESS,TIMBERWOLF BESS 2,Battery,150
TDWLPR_1_BESS1,TDWLPR_1,TIDWELL PRAIRIE STORAGE 1,Battery,102
TDWLPR_1_BESS2,TDWLPR_1,TIDWELL PRAIRIE STORAGE 1,Battery,102
TEN_CT1,TEN,TENASKA (BRAZOS),Thermal,185
TEN_STG,TEN,TENASKA (BRAZOS),Thermal,107
TGCCS_CT1,TGCCS,TENASKA GATEWAY,Thermal,179
TGCCS_CT2,TGCCS,TENASKA GATEWAY,Thermal,179
TGCCS_CT3,TGCCS,TENASKA GATEWAY,Thermal,179
TGCCS_UNIT4,TGCCS,TENASKA GATEWAY,Thermal,400
TGS_GT01,TGS,TEXAS GULF SULPHUR,Thermal,94
TGW_T1,TGW,PATTERN GULF WIND,Wind,142
TGW_T2,TGW,PATTERN GULF WIND,Wind,142
THW_THWGT_1,THW,TH WHARTON,Thermal,16
THW_THWGT31,THW,TH WHARTON,Thermal,51
THW_THWGT32,THW,TH WHARTON,Thermal,51
THW_THWGT33,THW,TH WHARTON,Thermal,51
THW_THWGT34,THW,TH WHARTON,Thermal,51
THW_THWGT41,THW,TH WHARTON,Thermal,51
THW_THWGT42,THW,TH WHARTON,Thermal,51
THW_THWGT43,THW,TH WHARTON,Thermal,62
THW_THWGT44,THW,TH WHARTON,Thermal,62
THW_THWGT51,THW,TH WHARTON,Thermal,85
THW_THWGT52,THW,TH WHARTON,Thermal,85
THW_THWGT53,THW,TH WHARTON,Thermal,85
THW_THWGT54,THW,TH WHARTON,Thermal,85
THW_THWGT55,THW,TH WHARTON,Thermal,85
THW_THWGT56,THW,TH WHARTON,Thermal,85
THW_THWST_3,THW,TH WHARTON,Thermal,113
THW_THWST_4,THW,TH WHARTON,Thermal,113
TI_SOLAR_UNIT1,TI_SOLAR,TITAN SOLAR,Solar,137
TI_SOLAR_UNIT2,TI_SOLAR,TITAN SOLAR,Solar,131
TIMPP_AGR1,TIMPP,TIMMERMAN POWER PLANT,Thermal,38
TIMPP_AGR2,TIMPP,TIMMERMAN POWER PLANT,Thermal,57
TIMPP_AGR3,TIMPP,TIMMERMAN POWER PLANT,Thermal,38
TIMPP_AGR4,TIMPP,TIMMERMAN POWER PLANT,Thermal,57
TKWSW1_ROSCOE,TKWSW1,ROSCOE WIND FARM,Wind,114
TKWSW1_ROSCOE2A,TKWSW1,ROSCOE WIND FARM,Wind,95
TNG_SOLAR1,TNG,TANGLEWOOD SOLAR PROJECT,Solar,125
TNG_SOLAR2,TNG,TANGLEWOOD SOLAR PROJECT,Solar,125
TNP_ONE_TNP_O_1,TNP_ONE,TNP ONE PLANT,Thermal,175
TNP_ONE_TNP_O_2,TNP_ONE,TNP ONE PLANT,Thermal,175
TNS_SLR_UNIT1,TNS_SLR,TRUE NORTH SOLAR,Solar,119
TNS_SLR_UNIT2,TNS_SLR,TRUE NORTH SOLAR,Solar,119
TNSKA_GT1,TNSKA,TENASKA (TXU),Thermal,91
TNSKA_GT2,TNSKA,TENASKA (TXU),Thermal,91
TNSKA_STG,TNSKA,TENASKA (TXU),Thermal,90
TOPAZ_UNIT1,TOPAZ,TOPAZ POWER PLANT,Thermal,61
TOPAZ_UNIT10,TOPAZ,TOPAZ POWER PLANT,Thermal,61
TOPAZ_UNIT2,TOPAZ,TOPAZ POWER PLANT,Thermal,61
TOPAZ_UNIT3,TOPAZ,TOPAZ POWER PLANT,Thermal,61
TOPAZ_UNIT4,TOPAZ,TOPAZ POWER PLANT,Thermal,61
TOPAZ_UNIT5,TOPAZ,TOPAZ POWER PLANT,Thermal,61
TOPAZ_UNIT6,TOPAZ,TOPAZ POWER PLANT,Thermal,61
TOPAZ_UNIT7,TOPAZ,TOPAZ POWER PLANT,Thermal,61
TOPAZ_UNIT8,TOPAZ,TOPAZ POWER PLANT,Thermal,61
TOPAZ_UNIT9,TOPAZ,TOPAZ POWER PLANT,Thermal,61
TORR_BESS1,TORR,TORRECILLAS,Battery,10
TORR_UNIT1_25,TORR,TORRECILLAS,Wind,150
TORR_UNIT2_23,TORR,TORRECILLAS,Wind,23
TORR_UNIT2_25,TORR,TORRECILLAS,Wind,128
TORT_ESS_BESS1,TORT_ESS,TORTOLAS BESS,Battery,50
TRBT_SLR_PV1,TRBT_SLR,TIERRA BONITA SOLAR,Solar,150
TRBT_SLR_PV2,TRBT_SLR,TIERRA BONITA SOLAR,Solar,157
TREB_SLR_SOLAR1,TREB_SLR,TRES BAHIAS SOLAR,Solar,196
TRENT_TRENT,TRENT,TRENT WIND FARM,Wind,38
TRENT_UNIT_1B,TRENT,TRENT WIND FARM,Wind,16
TRENT_UNIT_2,TRENT,TRENT WIND FARM,Wind,50
TRENT_UNIT_3A,TRENT,TRENT WIND FARM,Wind,38
TRENT_UNIT_3B,TRENT,TRENT WIND FARM,Wind,14
TRINITY_TH1_BUS1,TRINITY,TRINITY HILLS WIND FARM,Wind,103
TRINITY_TH1_BUS2,TRINITY,TRINITY HILLS WIND FARM,Wind,95
TRSES_UNIT6,TRSES,TRINIDAD SES,Thermal,239
TRUENO_UNIT1,TRUENO,EL TRUENO WIND FARM,Wind,117
TRUENO_UNIT2,TRUENO,EL TRUENO WIND FARM,Wind,123
TRUSGILL_UNIT1,TRUSGILL,TG EAST WIND,Wind,42
TRUSGILL_UNIT2,TRUSGILL,TG EAST WIND,Wind,45
TRUSGILL_UNIT3,TRUSGILL,TG EAST WIND,Wind,42
TRUSGILL_UNIT4,TRUSGILL,TG EAST WIND,Wind,207
TSECA_ES_BESS1,TSECA_ES,TIERRA SECA BESS,Battery,103
TTWEC_G1,TTWEC,TURKEY TRACK WIND ENERGY CENTER,Wind,175
TUL_SLR_UNIT1,TUL_SLR,TULSITA SOLAR,Solar,128
TUL_SLR_UNIT2,TUL_SLR,TULSITA SOLAR,Solar,128
TURQBESS_BESS1,TURQBESS,TURQUOISE STORAGE,Battery,196
TV_BESS,TV,TELVIEW,Battery,10
TXCTY_CTA,TXCTY,TEXAS CITY GEN,Thermal,129
TXCTY_CTB,TXCTY,TEXAS CITY GEN,Thermal,129
TXCTY_CTC,TXCTY,TEXAS CITY GEN,Thermal,129
TXCTY_ST,TXCTY,TEXAS CITY GEN,Thermal,144
TYLRWIND_UNIT1,TYLRWIND,TYLER BLUFF WIND,Wind,126
TYNAN_BESS1,TYNAN,TYNAN,Battery,10
TYSN_SLR_UNIT1,TYSN_SLR,TYSON NICK SOLAR,Solar,91
V2_DGR1,V2,BROOKS,Thermal,32
V2_DGR2,V2,BROOKS,Thermal,32
V2_DGR3,V2,BROOKS,Thermal,32
V4_DGR1,V4,PALO ALTO,Thermal,41
VANCOURT_UNIT1,VANCOURT,VANCOURT SOLAR,Solar,46
VENADO_UNIT1,VENADO,VENADO WIND,Wind,105
VENADO_UNIT2,VENADO,VENADO WIND,Wind,97
VERAWIND_UNIT1,VERAWIND,VERA WIND,Wind,12
VERAWIND_UNIT2,VERAWIND,VERA WIND,Wind,7
VERAWIND_UNIT3,VERAWIND,VERA WIND,Wind,101
VERAWIND_UNIT4,VERAWIND,VERA WIND,Wind,22
VERAWIND_UNIT5,VERAWIND,VERA WIND,Wind,101
VERTIGO_WIND_I,VERTIGO,VERTIGO WIND,Wind,150
VICTORIA_VICTORG5,VICTORIA,VICTORIA,Thermal,180
VICTORIA_VICTORG6,VICTORIA,VICTORIA,Thermal,197
VICTPORT_CTG01,VICTPORT,TRES PORT,Thermal,61
VICTPORT_CTG02,VICTPORT,TRES PORT,Thermal,61
VICTPRT2_UNIT1,VICTPRT2,VICTORIA PORT II,Thermal,61
VICTPRT2_UNIT2,VICTPRT2,VICTORIA PORT II,Thermal,61
VISION_UNIT1,VISION,VISION SOLAR 1,Solar,129
VORTEX_BESS1,VORTEX,VORTEX WIND AND BESS,Battery,122
VORTEX_WIND1,VORTEX,VORTEX WIND AND BESS,Wind,154
VORTEX_WIND2,VORTEX,VORTEX WIND AND BESS,Wind,24
VORTEX_WIND3,VORTEX,VORTEX WIND AND BESS,Wind,158
VORTEX_WIND4,VORTEX,VORTEX WIND AND BESS,Wind,14
W_HARLIN_BESS,W_HARLIN,WEST HARLINGEN,Battery,10
W_PECOS_UNIT1,W_PECOS,WEST OF THE PECOS SOLAR FARM,Solar,100
WAKEWE_G1,WAKEWE,WAKE WIND ENERGY,Wind,115
WAKEWE_G2,WAKEWE,WAKE WIND ENERGY,Wind,142
WAL_BESS_1,WAL,WALSTROM BESS,Battery,205
WAP_WAP_G1,WAP,WA PARISH,Thermal,188
WAP_WAP_G2,WAP,WA PARISH,Thermal,188
WAP_WAP_G3,WAP,WA PARISH,Thermal,299
WAP_WAP_G4,WAP,WA PARISH,Thermal,581
WAP_WAP_G5,WAP,WA PARISH,Thermal,734
WAP_WAP_G6,WAP,WA PARISH,Thermal,734
WAP_WAP_G7,WAP,WA PARISH,Thermal,615
WAP_WAP_G8,WAP,WA PARISH,Thermal,654
WAP_WAPGT_1,WAP,WA PARISH,Thermal,16
WAYMARK_UNIT1,WAYMARK,WAYMARK SOLAR PROJECT,Solar,182
WCOLLOCL_BSS_U1,WCOLLOCL,WEST COLUMBIA LOCAL TNP,Battery,10
WCPP_CT1,WCPP,WISE CTY PLANT,Thermal,275
WCPP_CT2,WCPP,WISE CTY PLANT,Thermal,275
WCPP_ST1,WCPP,WISE CTY PLANT,Thermal,290
WEBBER_S_WSP1,WEBBER_S,WEBBERVILLE SOLAR PROJECT,Solar,27
WEC_WECG1,WEC,WHIRLWIND ENERGY CENTER,Wind,60
WEIL_TRC_BESS,WEIL_TRC,WEIL TRACT,Battery,10
WES_UNIT1,WES,WESTORIA SOLAR,Solar,102
WES_UNIT2,WES,WESTORIA SOLAR,Solar,102
WFCOGEN_UNIT1,WFCOGEN,WICHITA FALLS COGEN,Thermal,20
WFCOGEN_UNIT2,WFCOGEN,WICHITA FALLS COGEN,Thermal,20
WFCOGEN_UNIT3,WFCOGEN,WICHITA FALLS COGEN,Thermal,20
WFCOGEN_UNIT4,WFCOGEN,WICHITA FALLS COGEN,Thermal,20
WFTANK_ESS1,WFTANK,WOLF TANK STORAGE,Battery,150
WGU_UNIT1,WGU,WAGYU SOLAR,Solar,120
WH_WIND_UNIT1,WH_WIND,WHITEHORSE WIND,Wind,209
WH_WIND_UNIT2,WH_WIND,WHITEHORSE WIND,Wind,210
WHCCS_CT1,WHCCS,WOLF HOLLOW GEN,Thermal,265
WHCCS_CT2,WHCCS,WOLF HOLLOW GEN,Thermal,265
WHCCS_STG,WHCCS,WOLF HOLLOW GEN,Thermal,300
WHMESA_UNIT1,WHMESA,WHITE MESA WIND,Wind,152
WHMESA_UNIT2_23,WHMESA,WHITE MESA WIND,Wind,14
WHMESA_UNIT2_28,WHMESA,WHITE MESA WIND,Wind,183
WHMESA_UNIT3_23,WHMESA,WHITE MESA WIND,Wind,19
WHMESA_UNIT3_28,WHMESA,WHITE MESA WIND,Wind,133
WHTTAIL_WR1,WHTTAIL,WOLF RIDGE,Wind,122
WIG_ESS_BES1,WIG_ESS,WIGEON WHISTLE BESS,Battery,123
WILDWIND_UNIT1,WILDWIND,WILD WIND,Wind,18
WILDWIND_UNIT2,WILDWIND,WILD WIND,Wind,48
WILDWIND_UNIT3,WILDWIND,WILD WIND,Wind,6
WILDWIND_UNIT4,WILDWIND,WILD WIND,Wind,55
WILDWIND_UNIT5,WILDWIND,WILD WIND,Wind,53
WIPOPA_WPP_G1,WIPOPA,WINCHESTER POWER PARK,Thermal,61
WIPOPA_WPP_G2,WIPOPA,WINCHESTER POWER PARK,Thermal,61
WIPOPA_WPP_G3,WIPOPA,WINCHESTER POWER PARK,Thermal,61
WIPOPA_WPP_G4,WIPOPA,WINCHESTER POWER PARK,Thermal,61
WIRTZ_WIRTZ_G1,WIRTZ,WIRTZ,Hydro,27
WIRTZ_WIRTZ_G2,WIRTZ,WIRTZ,Hydro,27
WL_RANCH_UNIT1,WL_RANCH,WILSON RANCH SUBSTATION,Wind,200
WND_WHITNEY1,WND,WHITTNEY DAM,Hydro,21
WND_WHITNEY2,WND,WHITTNEY DAM,Hydro,21
WNDTHST2_UNIT1,WNDTHST2,WINDTHORST 2,Wind,68
WOODWRD1_WOODWRD1,WOODWRD1,WOODWARD 1,Wind,92
WOODWRD2_WOODWRD2,WOODWRD2,WOODWARD 2,Wind,86
WORSHAM_BESS1,WORSHAM,WORSHAM TNP,Battery,10
WOVER_UNIT1,WOVER,WESTOVER (ONCOR),Battery,10
WR_BESS1,WR,WHARTON,Battery,10
WZRD_ESS_BES1,WZRD_ESS,WIZARD BESS,Battery,151
X1_DGR1,X1,MEDINABS,Thermal,29
X4_SWRI,X4,SWRI,Battery,10
YNG_WND_UNIT1,YNG_WND,YOUNG WIND,Wind,193
YNG_WND_UNIT2,YNG_WND,YOUNG WIND,Wind,149
YNG_WND_UNIT3,YNG_WND,YOUNG WIND,Wind,146
Z0_DGR1,Z0,BECK_RD,Thermal,29
Z0_DGR2,Z0,BECK_RD,Thermal,29
Z5_DGR1,Z5,SOUTHTON,Thermal,29
ZAPATA_UNIT1,ZAPATA,ZAPATA,Battery,10
ZAPATA_UNIT2,ZAPATA,ZAPATA,Battery,10
ZIER_SLR_BES1,ZIER_SLR,ZIER SOLAR AND STORAGE,Battery,40
ZIER_SLR_PV1,ZIER_SLR,ZIER SOLAR AND STORAGE,Solar,161
