scenario,ts,regime,zone,model_lmp,ercot_lmp
shed_only,2025-07-30 21,summer_peak,houston,120.2,29.2
shed_only,2025-07-30 21,summer_peak,north,790.9,28.4
shed_only,2025-07-30 21,summer_peak,south,88.3,25.1
shed_only,2025-07-30 21,summer_peak,west,528.0,27.6
shed_only,2025-08-25 21,summer_peak,houston,66.7,30.3
shed_only,2025-08-25 21,summer_peak,north,323.9,26.9
shed_only,2025-08-25 21,summer_peak,south,76.5,33.9
shed_only,2025-08-25 21,summer_peak,west,1062.7,28.7
shed_only,2025-07-24 21,summer_peak,houston,54.5,35.7
shed_only,2025-07-24 21,summer_peak,north,333.8,23.0
shed_only,2025-07-24 21,summer_peak,south,56.9,44.3
shed_only,2025-07-24 21,summer_peak,west,560.4,24.2
shed_only,2025-07-29 20,summer_peak,houston,91.5,36.6
shed_only,2025-07-29 20,summer_peak,north,599.9,23.1
shed_only,2025-07-29 20,summer_peak,south,41.8,20.8
shed_only,2025-07-29 20,summer_peak,west,438.0,6.9
shed_only,2026-04-03 13,high_wind_west,houston,0.3,18.6
shed_only,2026-04-03 13,high_wind_west,north,-0.4,18.2
shed_only,2026-04-03 13,high_wind_west,south,0.3,18.6
shed_only,2026-04-03 13,high_wind_west,west,501.3,6.3
shed_only,2025-01-18 01,high_wind_west,houston,29.3,22.5
shed_only,2025-01-18 01,high_wind_west,north,19.6,21.7
shed_only,2025-01-18 01,high_wind_west,south,31.5,23.1
shed_only,2025-01-18 01,high_wind_west,west,1848.3,13.8
shed_only,2025-03-14 12,high_wind_west,houston,28.3,27.3
shed_only,2025-03-14 12,high_wind_west,north,22.8,17.1
shed_only,2025-03-14 12,high_wind_west,south,30.0,26.9
shed_only,2025-03-14 12,high_wind_west,west,1793.1,0.8
shed_only,2026-03-16 06,high_wind_west,houston,28.2,18.1
shed_only,2026-03-16 06,high_wind_west,north,22.7,13.0
shed_only,2026-03-16 06,high_wind_west,south,29.8,18.6
shed_only,2026-03-16 06,high_wind_west,west,1741.2,6.1
shed_only,2026-03-21 06,high_wind_west,houston,28.3,20.7
shed_only,2026-03-21 06,high_wind_west,north,22.6,14.6
shed_only,2026-03-21 06,high_wind_west,south,30.0,20.8
shed_only,2026-03-21 06,high_wind_west,west,1719.7,9.6
shed_only,2025-03-02 10,mild_shoulder,houston,27.0,21.0
shed_only,2025-03-02 10,mild_shoulder,north,16.2,18.7
shed_only,2025-03-02 10,mild_shoulder,south,31.0,23.1
shed_only,2025-03-02 10,mild_shoulder,west,1900.4,11.6
shed_only,2025-03-22 08,mild_shoulder,houston,28.0,20.7
shed_only,2025-03-22 08,mild_shoulder,north,16.1,18.9
shed_only,2025-03-22 08,mild_shoulder,south,31.9,22.0
shed_only,2025-03-22 08,mild_shoulder,west,1897.8,21.9
shed_only,2026-04-20 08,mild_shoulder,houston,32.6,21.7
shed_only,2026-04-20 08,mild_shoulder,north,15.8,17.0
shed_only,2026-04-20 08,mild_shoulder,south,39.4,27.7
shed_only,2026-04-20 08,mild_shoulder,west,1109.6,38.1
shed_only,2025-03-03 08,mild_shoulder,houston,27.5,25.0
shed_only,2025-03-03 08,mild_shoulder,north,13.6,22.0
shed_only,2025-03-03 08,mild_shoulder,south,33.1,27.7
shed_only,2025-03-03 08,mild_shoulder,west,1213.5,23.8
shed_only,2025-01-20 15,winter_peak,houston,146.9,54.6
shed_only,2025-01-20 15,winter_peak,north,108.7,51.9
shed_only,2025-01-20 15,winter_peak,south,36.6,55.4
shed_only,2025-01-20 15,winter_peak,west,548.6,46.1
shed_only,2025-01-06 14,winter_peak,houston,68.2,21.2
shed_only,2025-01-06 14,winter_peak,north,117.4,24.4
shed_only,2025-01-06 14,winter_peak,south,37.9,17.0
shed_only,2025-01-06 14,winter_peak,west,1851.5,26.4
shed_only,2025-01-19 15,winter_peak,houston,37.1,14.8
shed_only,2025-01-19 15,winter_peak,north,29.4,19.1
shed_only,2025-01-19 15,winter_peak,south,34.2,10.8
shed_only,2025-01-19 15,winter_peak,west,1215.4,20.5
backbone_only,2025-07-30 21,summer_peak,houston,120.6,29.2
backbone_only,2025-07-30 21,summer_peak,north,791.7,28.4
backbone_only,2025-07-30 21,summer_peak,south,87.0,25.1
backbone_only,2025-07-30 21,summer_peak,west,480.9,27.6
backbone_only,2025-08-25 21,summer_peak,houston,86.8,30.3
backbone_only,2025-08-25 21,summer_peak,north,378.8,26.9
backbone_only,2025-08-25 21,summer_peak,south,91.9,33.9
backbone_only,2025-08-25 21,summer_peak,west,990.6,28.7
backbone_only,2025-07-24 21,summer_peak,houston,51.0,35.7
backbone_only,2025-07-24 21,summer_peak,north,334.8,23.0
backbone_only,2025-07-24 21,summer_peak,south,47.9,44.3
backbone_only,2025-07-24 21,summer_peak,west,423.6,24.2
backbone_only,2025-07-29 20,summer_peak,houston,86.8,36.6
backbone_only,2025-07-29 20,summer_peak,north,553.5,23.1
backbone_only,2025-07-29 20,summer_peak,south,34.1,20.8
backbone_only,2025-07-29 20,summer_peak,west,390.4,6.9
backbone_only,2026-04-03 13,high_wind_west,houston,11.1,18.6
backbone_only,2026-04-03 13,high_wind_west,north,7.8,18.2
backbone_only,2026-04-03 13,high_wind_west,south,8.2,18.6
backbone_only,2026-04-03 13,high_wind_west,west,431.2,6.3
backbone_only,2025-01-18 01,high_wind_west,houston,28.9,22.5
backbone_only,2025-01-18 01,high_wind_west,north,23.4,21.7
backbone_only,2025-01-18 01,high_wind_west,south,31.0,23.1
backbone_only,2025-01-18 01,high_wind_west,west,718.3,13.8
backbone_only,2025-03-14 12,high_wind_west,houston,28.3,27.3
backbone_only,2025-03-14 12,high_wind_west,north,21.3,17.1
backbone_only,2025-03-14 12,high_wind_west,south,32.9,26.9
backbone_only,2025-03-14 12,high_wind_west,west,806.2,0.8
backbone_only,2026-03-16 06,high_wind_west,houston,28.1,18.1
backbone_only,2026-03-16 06,high_wind_west,north,22.2,13.0
backbone_only,2026-03-16 06,high_wind_west,south,33.3,18.6
backbone_only,2026-03-16 06,high_wind_west,west,796.5,6.1
backbone_only,2026-03-21 06,high_wind_west,houston,28.4,20.7
backbone_only,2026-03-21 06,high_wind_west,north,24.7,14.6
backbone_only,2026-03-21 06,high_wind_west,south,35.6,20.8
backbone_only,2026-03-21 06,high_wind_west,west,858.2,9.6
backbone_only,2025-03-02 10,mild_shoulder,houston,27.6,21.0
backbone_only,2025-03-02 10,mild_shoulder,north,16.4,18.7
backbone_only,2025-03-02 10,mild_shoulder,south,32.6,23.1
backbone_only,2025-03-02 10,mild_shoulder,west,816.1,11.6
backbone_only,2025-03-22 08,mild_shoulder,houston,27.6,20.7
backbone_only,2025-03-22 08,mild_shoulder,north,17.6,18.9
backbone_only,2025-03-22 08,mild_shoulder,south,45.0,22.0
backbone_only,2025-03-22 08,mild_shoulder,west,1221.6,21.9
backbone_only,2026-04-20 08,mild_shoulder,houston,28.3,21.7
backbone_only,2026-04-20 08,mild_shoulder,north,23.5,17.0
backbone_only,2026-04-20 08,mild_shoulder,south,36.9,27.7
backbone_only,2026-04-20 08,mild_shoulder,west,702.7,38.1
backbone_only,2025-03-03 08,mild_shoulder,houston,28.1,25.0
backbone_only,2025-03-03 08,mild_shoulder,north,23.6,22.0
backbone_only,2025-03-03 08,mild_shoulder,south,34.7,27.7
backbone_only,2025-03-03 08,mild_shoulder,west,794.7,23.8
backbone_only,2025-01-20 15,winter_peak,houston,150.3,54.6
backbone_only,2025-01-20 15,winter_peak,north,114.2,51.9
backbone_only,2025-01-20 15,winter_peak,south,34.5,55.4
backbone_only,2025-01-20 15,winter_peak,west,458.3,46.1
backbone_only,2025-01-06 14,winter_peak,houston,79.4,21.2
backbone_only,2025-01-06 14,winter_peak,north,108.3,24.4
backbone_only,2025-01-06 14,winter_peak,south,57.6,17.0
backbone_only,2025-01-06 14,winter_peak,west,1045.8,26.4
backbone_only,2025-01-19 15,winter_peak,houston,31.0,14.8
backbone_only,2025-01-19 15,winter_peak,north,28.1,19.1
backbone_only,2025-01-19 15,winter_peak,south,32.2,10.8
backbone_only,2025-01-19 15,winter_peak,west,723.2,20.5
twopass_only,2025-07-30 21,summer_peak,houston,130.0,29.2
twopass_only,2025-07-30 21,summer_peak,north,520.1,28.4
twopass_only,2025-07-30 21,summer_peak,south,98.8,25.1
twopass_only,2025-07-30 21,summer_peak,west,399.0,27.6
twopass_only,2025-08-25 21,summer_peak,houston,74.4,30.3
twopass_only,2025-08-25 21,summer_peak,north,354.0,26.9
twopass_only,2025-08-25 21,summer_peak,south,85.1,33.9
twopass_only,2025-08-25 21,summer_peak,west,521.3,28.7
twopass_only,2025-07-24 21,summer_peak,houston,51.7,35.7
twopass_only,2025-07-24 21,summer_peak,north,297.7,23.0
twopass_only,2025-07-24 21,summer_peak,south,54.9,44.3
twopass_only,2025-07-24 21,summer_peak,west,446.1,24.2
twopass_only,2025-07-29 20,summer_peak,houston,99.5,36.6
twopass_only,2025-07-29 20,summer_peak,north,502.6,23.1
twopass_only,2025-07-29 20,summer_peak,south,40.9,20.8
twopass_only,2025-07-29 20,summer_peak,west,412.7,6.9
twopass_only,2026-04-03 13,high_wind_west,houston,0.1,18.6
twopass_only,2026-04-03 13,high_wind_west,north,-0.1,18.2
twopass_only,2026-04-03 13,high_wind_west,south,0.1,18.6
twopass_only,2026-04-03 13,high_wind_west,west,106.6,6.3
twopass_only,2025-01-18 01,high_wind_west,houston,29.3,22.5
twopass_only,2025-01-18 01,high_wind_west,north,20.3,21.7
twopass_only,2025-01-18 01,high_wind_west,south,31.7,23.1
twopass_only,2025-01-18 01,high_wind_west,west,896.1,13.8
twopass_only,2025-03-14 12,high_wind_west,houston,28.2,27.3
twopass_only,2025-03-14 12,high_wind_west,north,22.5,17.1
twopass_only,2025-03-14 12,high_wind_west,south,30.9,26.9
twopass_only,2025-03-14 12,high_wind_west,west,385.1,0.8
twopass_only,2026-03-16 06,high_wind_west,houston,27.9,18.1
twopass_only,2026-03-16 06,high_wind_west,north,20.9,13.0
twopass_only,2026-03-16 06,high_wind_west,south,31.4,18.6
twopass_only,2026-03-16 06,high_wind_west,west,360.4,6.1
twopass_only,2026-03-21 06,high_wind_west,houston,28.2,20.7
twopass_only,2026-03-21 06,high_wind_west,north,23.0,14.6
twopass_only,2026-03-21 06,high_wind_west,south,30.6,20.8
twopass_only,2026-03-21 06,high_wind_west,west,455.7,9.6
twopass_only,2025-03-02 10,mild_shoulder,houston,27.0,21.0
twopass_only,2025-03-02 10,mild_shoulder,north,16.4,18.7
twopass_only,2025-03-02 10,mild_shoulder,south,30.9,23.1
twopass_only,2025-03-02 10,mild_shoulder,west,1358.2,11.6
twopass_only,2025-03-22 08,mild_shoulder,houston,27.7,20.7
twopass_only,2025-03-22 08,mild_shoulder,north,13.0,18.9
twopass_only,2025-03-22 08,mild_shoulder,south,34.5,22.0
twopass_only,2025-03-22 08,mild_shoulder,west,549.9,21.9
twopass_only,2026-04-20 08,mild_shoulder,houston,32.0,21.7
twopass_only,2026-04-20 08,mild_shoulder,north,16.6,17.0
twopass_only,2026-04-20 08,mild_shoulder,south,37.7,27.7
twopass_only,2026-04-20 08,mild_shoulder,west,649.2,38.1
twopass_only,2025-03-03 08,mild_shoulder,houston,27.4,25.0
twopass_only,2025-03-03 08,mild_shoulder,north,13.4,22.0
twopass_only,2025-03-03 08,mild_shoulder,south,33.3,27.7
twopass_only,2025-03-03 08,mild_shoulder,west,712.5,23.8
twopass_only,2025-01-20 15,winter_peak,houston,145.7,54.6
twopass_only,2025-01-20 15,winter_peak,north,108.4,51.9
twopass_only,2025-01-20 15,winter_peak,south,37.0,55.4
twopass_only,2025-01-20 15,winter_peak,west,376.7,46.1
twopass_only,2025-01-06 14,winter_peak,houston,68.3,21.2
twopass_only,2025-01-06 14,winter_peak,north,120.5,24.4
twopass_only,2025-01-06 14,winter_peak,south,37.7,17.0
twopass_only,2025-01-06 14,winter_peak,west,1257.6,26.4
twopass_only,2025-01-19 15,winter_peak,houston,36.8,14.8
twopass_only,2025-01-19 15,winter_peak,north,29.4,19.1
twopass_only,2025-01-19 15,winter_peak,south,33.9,10.8
twopass_only,2025-01-19 15,winter_peak,west,766.0,20.5
backbone_2pass,2025-07-30 21,summer_peak,houston,128.6,29.2
backbone_2pass,2025-07-30 21,summer_peak,north,692.1,28.4
backbone_2pass,2025-07-30 21,summer_peak,south,84.2,25.1
backbone_2pass,2025-07-30 21,summer_peak,west,225.7,27.6
backbone_2pass,2025-08-25 21,summer_peak,houston,78.0,30.3
backbone_2pass,2025-08-25 21,summer_peak,north,308.8,26.9
backbone_2pass,2025-08-25 21,summer_peak,south,91.0,33.9
backbone_2pass,2025-08-25 21,summer_peak,west,617.3,28.7
backbone_2pass,2025-07-24 21,summer_peak,houston,49.9,35.7
backbone_2pass,2025-07-24 21,summer_peak,north,307.2,23.0
backbone_2pass,2025-07-24 21,summer_peak,south,47.6,44.3
backbone_2pass,2025-07-24 21,summer_peak,west,324.6,24.2
backbone_2pass,2025-07-29 20,summer_peak,houston,74.1,36.6
backbone_2pass,2025-07-29 20,summer_peak,north,486.9,23.1
backbone_2pass,2025-07-29 20,summer_peak,south,34.0,20.8
backbone_2pass,2025-07-29 20,summer_peak,west,313.4,6.9
backbone_2pass,2026-04-03 13,high_wind_west,houston,11.1,18.6
backbone_2pass,2026-04-03 13,high_wind_west,north,7.9,18.2
backbone_2pass,2026-04-03 13,high_wind_west,south,8.2,18.6
backbone_2pass,2026-04-03 13,high_wind_west,west,369.2,6.3
backbone_2pass,2025-01-18 01,high_wind_west,houston,29.0,22.5
backbone_2pass,2025-01-18 01,high_wind_west,north,22.7,21.7
backbone_2pass,2025-01-18 01,high_wind_west,south,31.4,23.1
backbone_2pass,2025-01-18 01,high_wind_west,west,854.1,13.8
backbone_2pass,2025-03-14 12,high_wind_west,houston,28.3,27.3
backbone_2pass,2025-03-14 12,high_wind_west,north,21.5,17.1
backbone_2pass,2025-03-14 12,high_wind_west,south,32.1,26.9
backbone_2pass,2025-03-14 12,high_wind_west,west,758.5,0.8
backbone_2pass,2026-03-16 06,high_wind_west,houston,28.1,18.1
backbone_2pass,2026-03-16 06,high_wind_west,north,22.3,13.0
backbone_2pass,2026-03-16 06,high_wind_west,south,33.5,18.6
backbone_2pass,2026-03-16 06,high_wind_west,west,645.4,6.1
backbone_2pass,2026-03-21 06,high_wind_west,houston,28.5,20.7
backbone_2pass,2026-03-21 06,high_wind_west,north,25.1,14.6
backbone_2pass,2026-03-21 06,high_wind_west,south,34.0,20.8
backbone_2pass,2026-03-21 06,high_wind_west,west,460.4,9.6
backbone_2pass,2025-03-02 10,mild_shoulder,houston,27.5,21.0
backbone_2pass,2025-03-02 10,mild_shoulder,north,15.7,18.7
backbone_2pass,2025-03-02 10,mild_shoulder,south,32.9,23.1
backbone_2pass,2025-03-02 10,mild_shoulder,west,667.5,11.6
backbone_2pass,2025-03-22 08,mild_shoulder,houston,27.6,20.7
backbone_2pass,2025-03-22 08,mild_shoulder,north,18.6,18.9
backbone_2pass,2025-03-22 08,mild_shoulder,south,45.0,22.0
backbone_2pass,2025-03-22 08,mild_shoulder,west,683.7,21.9
backbone_2pass,2026-04-20 08,mild_shoulder,houston,28.2,21.7
backbone_2pass,2026-04-20 08,mild_shoulder,north,22.2,17.0
backbone_2pass,2026-04-20 08,mild_shoulder,south,37.5,27.7
backbone_2pass,2026-04-20 08,mild_shoulder,west,568.1,38.1
backbone_2pass,2025-03-03 08,mild_shoulder,houston,28.2,25.0
backbone_2pass,2025-03-03 08,mild_shoulder,north,24.9,22.0
backbone_2pass,2025-03-03 08,mild_shoulder,south,34.4,27.7
backbone_2pass,2025-03-03 08,mild_shoulder,west,604.1,23.8
backbone_2pass,2025-01-20 15,winter_peak,houston,187.2,54.6
backbone_2pass,2025-01-20 15,winter_peak,north,137.9,51.9
backbone_2pass,2025-01-20 15,winter_peak,south,36.8,55.4
backbone_2pass,2025-01-20 15,winter_peak,west,271.4,46.1
backbone_2pass,2025-01-06 14,winter_peak,houston,78.5,21.2
backbone_2pass,2025-01-06 14,winter_peak,north,106.9,24.4
backbone_2pass,2025-01-06 14,winter_peak,south,56.2,17.0
backbone_2pass,2025-01-06 14,winter_peak,west,770.2,26.4
backbone_2pass,2025-01-19 15,winter_peak,houston,31.2,14.8
backbone_2pass,2025-01-19 15,winter_peak,north,28.0,19.1
backbone_2pass,2025-01-19 15,winter_peak,south,32.4,10.8
backbone_2pass,2025-01-19 15,winter_peak,west,945.9,20.5
